6.409186720550809291e+00 6.182067027361042300e+00 5.576952023547512738e+00 4.705653074057499552e+00 3.723627320551590181e+00 2.773568879591123526e+00 1.953689928301054035e+00 1.308628202384032102e+00 8.388138145959337377e-01 5.181430006010395717e-01 3.107906325174602524e-01 1.824824958231036076e-01 1.057685157796707659e-01 6.103922535979521696e-02 3.537889067949170213e-02 2.077291782687076815e-02 1.245993531352825208e-02 7.696616529564799004e-03 4.933432015972846925e-03 3.304530661250121033e-03 2.327697111887887943e-03 1.733800865358896921e-03 1.371972852448215046e-03 1.157626646847086018e-03 1.044315476049163067e-03 1.008882620960727073e-03 1.044315476049163067e-03 1.157626646847086018e-03 1.371972852448215046e-03 1.733800865358896921e-03 2.327697111887881004e-03 3.304530661250114961e-03 4.933432015972851262e-03 7.696616529564826760e-03 1.245993531352827463e-02 2.077291782687073346e-02 3.537889067949170213e-02 6.103922535979527247e-02 1.057685157796704745e-01 1.824824958231031913e-01 3.107906325174599194e-01 5.181430006010374623e-01 8.388138145959344039e-01 1.308628202384029438e+00 1.953689928301051593e+00 2.773568879591122638e+00 3.723627320551583075e+00 4.705653074057499552e+00 5.576952023547510962e+00 6.182067027361039635e+00 4.721179346611600103e+00 4.560993207967102947e+00 4.114552654958309574e+00 3.471727435958829933e+00 2.747210414068628648e+00 2.046278172924321126e+00 1.441389498693062654e+00 9.654771319060937440e-01 6.188584003033968939e-01 3.822745201625292188e-01 2.292944993540509124e-01 1.346315755455902707e-01 7.803368678352350096e-02 4.503339919373870043e-02 2.610176812713299599e-02 1.532580230830342220e-02 9.192666479543311689e-03 5.678394549962915289e-03 3.639777734086592151e-03 2.438010108071353085e-03 1.717323780304796021e-03 1.279160179899419035e-03 1.012211422787298067e-03 8.540715023410460141e-04 7.704730104274539653e-04 7.443314285452169851e-04 7.704730104274539653e-04 8.540715023410460141e-04 1.012211422787298067e-03 1.279160179899419035e-03 1.717323780304791034e-03 2.438010108071349182e-03 3.639777734086595187e-03 5.678394549962936105e-03 9.192666479543327301e-03 1.532580230830339445e-02 2.610176812713299599e-02 4.503339919373873512e-02 7.803368678352327892e-02 1.346315755455899654e-01 2.292944993540506904e-01 3.822745201625276645e-01 6.188584003033973380e-01 9.654771319060918566e-01 1.441389498693060656e+00 2.046278172924320238e+00 2.747210414068623319e+00 3.471727435958829933e+00 4.114552654958307798e+00 4.560993207967101171e+00
6.182067027361042300e+00 6.409186720550809291e+00 6.182067027361042300e+00 5.576952023547512738e+00 4.705653074057497776e+00 3.723627320551590181e+00 2.773568879591123526e+00 1.953689928301054035e+00 1.308628202384031214e+00 8.388138145959337377e-01 5.181430006010395717e-01 3.107906325174602524e-01 1.824824958231036076e-01 1.057685157796706826e-01 6.103922535979521696e-02 3.537889067949172989e-02 2.077291782687073346e-02 1.245993531352825208e-02 7.696616529564819821e-03 4.933432015972859935e-03 3.304530661250121033e-03 2.327697111887887943e-03 1.733800865358896921e-03 1.371972852448218082e-03 1.157626646847086018e-03 1.044315476049163067e-03 1.008882620960727073e-03 1.044315476049163067e-03 1.157626646847086018e-03 1.371972852448215046e-03 1.733800865358894102e-03 2.327697111887881004e-03 3.304530661250117997e-03 4.933432015972851262e-03 7.696616529564826760e-03 1.245993531352824167e-02 2.077291782687073346e-02 3.537889067949170213e-02 6.103922535979505043e-02 1.057685157796704745e-01 1.824824958231031913e-01 3.107906325174586981e-01 5.181430006010395717e-01 8.388138145959314063e-01 1.308628202384029438e+00 1.953689928301051593e+00 2.773568879591115532e+00 3.723627320551590181e+00 4.705653074057493335e+00 5.576952023547510962e+00 4.560993207967102947e+00 4.721179346611600103e+00 4.560993207967102947e+00 4.114552654958309574e+00 3.471727435958828156e+00 2.747210414068628648e+00 2.046278172924321126e+00 1.441389498693062654e+00 9.654771319060931889e-01 6.188584003033968939e-01 3.822745201625292188e-01 2.292944993540509124e-01 1.346315755455902707e-01 7.803368678352343157e-02 4.503339919373870043e-02 2.610176812713302028e-02 1.532580230830339445e-02 9.192666479543311689e-03 5.678394549962930901e-03 3.639777734086602125e-03 2.438010108071353085e-03 1.717323780304796021e-03 1.279160179899419035e-03 1.012211422787300018e-03 8.540715023410460141e-04 7.704730104274539653e-04 7.443314285452169851e-04 7.704730104274539653e-04 8.540715023410460141e-04 1.012211422787298067e-03 1.279160179899417084e-03 1.717323780304791034e-03 2.438010108071350917e-03 3.639777734086595187e-03 5.678394549962936105e-03 9.192666479543303015e-03 1.532580230830339445e-02 2.610176812713299599e-02 4.503339919373857553e-02 7.803368678352327892e-02 1.346315755455899654e-01 2.292944993540497745e-01 3.822745201625292188e-01 6.188584003033951175e-01 9.654771319060918566e-01 1.441389498693060656e+00 2.046278172924315353e+00 2.747210414068628648e+00 3.471727435958825048e+00 4.114552654958307798e+00
5.576952023547512738e+00 6.182067027361042300e+00 6.409186720550809291e+00 6.182067027361042300e+00 5.576952023547512738e+00 4.705653074057499552e+00 3.723627320551590181e+00 2.773568879591123526e+00 1.953689928301054035e+00 1.308628202384032102e+00 8.388138145959337377e-01 5.181430006010400158e-01 3.107906325174602524e-01 1.824824958231034411e-01 1.057685157796707659e-01 6.103922535979532105e-02 3.537889067949167438e-02 2.077291782687069530e-02 1.245993531352825208e-02 7.696616529564819821e-03 4.933432015972846925e-03 3.304530661250114961e-03 2.327697111887887943e-03 1.733800865358896921e-03 1.371972852448215046e-03 1.157626646847086018e-03 1.044315476049163067e-03 1.008882620960727073e-03 1.044315476049163067e-03 1.157626646847086018e-03 1.371972852448215046e-03 1.733800865358896921e-03 2.327697111887890111e-03 3.304530661250121033e-03 4.933432015972851262e-03 7.696616529564799004e-03 1.245993531352824167e-02 2.077291782687073346e-02 3.537889067949157723e-02 6.103922535979505043e-02 1.057685157796704745e-01 1.824824958231025251e-01 3.107906325174599194e-01 5.181430006010374623e-01 8.388138145959314063e-01 1.308628202384029438e+00 1.953689928301046930e+00 2.773568879591122638e+00 3.723627320551583075e+00 4.705653074057493335e+00 4.114552654958309574e+00 4.560993207967102947e+00 4.721179346611600103e+00 4.560993207967102947e+00 4.114552654958309574e+00 3.471727435958829933e+00 2.747210414068628648e+00 2.046278172924321126e+00 1.441389498693062654e+00 9.654771319060937440e-01 6.188584003033968939e-01 3.822745201625295519e-01 2.292944993540509124e-01 1.346315755455901597e-01 7.803368678352350096e-02 4.503339919373876982e-02 2.610176812713297517e-02 1.532580230830336669e-02 9.192666479543311689e-03 5.678394549962930901e-03 3.639777734086592151e-03 2.438010108071349182e-03 1.717323780304796021e-03 1.279160179899419035e-03 1.012211422787298067e-03 8.540715023410460141e-04 7.704730104274539653e-04 7.443314285452169851e-04 7.704730104274539653e-04 8.540715023410460141e-04 1.012211422787298067e-03 1.279160179899419035e-03 1.717323780304797973e-03 2.438010108071353085e-03 3.639777734086595187e-03 5.678394549962915289e-03 9.192666479543303015e-03 1.532580230830339445e-02 2.610176812713290578e-02 4.503339919373857553e-02 7.803368678352327892e-02 1.346315755455894658e-01 2.292944993540506904e-01 3.822745201625276645e-01 6.188584003033951175e-01 9.654771319060918566e-01 1.441389498693057325e+00 2.046278172924320238e+00 2.747210414068623319e+00 3.471727435958825048e+00
4.705653074057499552e+00 5.576952023547512738e+00 6.182067027361042300e+00 6.409186720550809291e+00 6.182067027361042300e+00 5.576952023547512738e+00 4.705653074057499552e+00 3.723627320551590181e+00 2.773568879591122638e+00 1.953689928301054035e+00 1.308628202384032102e+00 8.388138145959337377e-01 5.181430006010400158e-01 3.107906325174602524e-01 1.824824958231034411e-01 1.057685157796707659e-01 6.103922535979521696e-02 3.537889067949167438e-02 2.077291782687073346e-02 1.245993531352826422e-02 7.696616529564819821e-03 4.933432015972846925e-03 3.304530661250121033e-03 2.327697111887891846e-03 1.733800865358896921e-03 1.371972852448215046e-03 1.157626646847086018e-03 1.044315476049163067e-03 1.008882620960727073e-03 1.044315476049163067e-03 1.157626646847086018e-03 1.371972852448215046e-03 1.733800865358896921e-03 2.327697111887890111e-03 3.304530661250121033e-03 4.933432015972851262e-03 7.696616529564826760e-03 1.245993531352827463e-02 2.077291782687073346e-02 3.537889067949170213e-02 6.103922535979527247e-02 1.057685157796704745e-01 1.824824958231039407e-01 3.107906325174599194e-01 5.181430006010395717e-01 8.388138145959344039e-01 1.308628202384029438e+00 1.953689928301057366e+00 2.773568879591122638e+00 3.723627320551590181e+00 3.471727435958829933e+00 4.114552654958309574e+00 4.560993207967102947e+00 4.721179346611600103e+00 4.560993207967102947e+00 4.114552654958309574e+00 3.471727435958829933e+00 2.747210414068628648e+00 2.046278172924320238e+00 1.441389498693062654e+00 9.654771319060937440e-01 6.188584003033968939e-01 3.822745201625295519e-01 2.292944993540509124e-01 1.346315755455901597e-01 7.803368678352350096e-02 4.503339919373870043e-02 2.610176812713297517e-02 1.532580230830339445e-02 9.192666479543318628e-03 5.678394549962930901e-03 3.639777734086592151e-03 2.438010108071353085e-03 1.717323780304799057e-03 1.279160179899419035e-03 1.012211422787298067e-03 8.540715023410460141e-04 7.704730104274539653e-04 7.443314285452169851e-04 7.704730104274539653e-04 8.540715023410460141e-04 1.012211422787298067e-03 1.279160179899419035e-03 1.717323780304797973e-03 2.438010108071353085e-03 3.639777734086595187e-03 5.678394549962936105e-03 9.192666479543327301e-03 1.532580230830339445e-02 2.610176812713299599e-02 4.503339919373873512e-02 7.803368678352327892e-02 1.346315755455905205e-01 2.292944993540506904e-01 3.822745201625292188e-01 6.188584003033973380e-01 9.654771319060918566e-01 1.441389498693064875e+00 2.046278172924320238e+00 2.747210414068628648e+00
3.723627320551590181e+00 4.705653074057497776e+00 5.576952023547512738e+00 6.182067027361042300e+00 6.409186720550809291e+00 6.182067027361042300e+00 5.576952023547516291e+00 4.705653074057499552e+00 3.723627320551590181e+00 2.773568879591123526e+00 1.953689928301054035e+00 1.308628202384032768e+00 8.388138145959344039e-01 5.181430006010395717e-01 3.107906325174602524e-01 1.824824958231037464e-01 1.057685157796706826e-01 6.103922535979516145e-02 3.537889067949170213e-02 2.077291782687076815e-02 1.245993531352825208e-02 7.696616529564799004e-03 4.933432015972859935e-03 3.304530661250121033e-03 2.327697111887887943e-03 1.733800865358896921e-03 1.371972852448215046e-03 1.157626646847086018e-03 1.044315476049163067e-03 1.008882620960727073e-03 1.044315476049163067e-03 1.157626646847086018e-03 1.371972852448215046e-03 1.733800865358896921e-03 2.327697111887891846e-03 3.304530661250117997e-03 4.933432015972851262e-03 7.696616529564826760e-03 1.245993531352824167e-02 2.077291782687073346e-02 3.537889067949170213e-02 6.103922535979505043e-02 1.057685157796708630e-01 1.824824958231031913e-01 3.107906325174599194e-01 5.181430006010395717e-01 8.388138145959314063e-01 1.308628202384033434e+00 1.953689928301051593e+00 2.773568879591122638e+00 2.747210414068628648e+00 3.471727435958828156e+00 4.114552654958309574e+00 4.560993207967102947e+00 4.721179346611600103e+00 4.560993207967102947e+00 4.114552654958311351e+00 3.471727435958829933e+00 2.747210414068628648e+00 2.046278172924321126e+00 1.441389498693062654e+00 9.654771319060941881e-01 6.188584003033973380e-01 3.822745201625292188e-01 2.292944993540509124e-01 1.346315755455903818e-01 7.803368678352343157e-02 4.503339919373865879e-02 2.610176812713299599e-02 1.532580230830342220e-02 9.192666479543311689e-03 5.678394549962915289e-03 3.639777734086602125e-03 2.438010108071353085e-03 1.717323780304796021e-03 1.279160179899419035e-03 1.012211422787298067e-03 8.540715023410460141e-04 7.704730104274539653e-04 7.443314285452169851e-04 7.704730104274539653e-04 8.540715023410460141e-04 1.012211422787298067e-03 1.279160179899419035e-03 1.717323780304799057e-03 2.438010108071350917e-03 3.639777734086595187e-03 5.678394549962936105e-03 9.192666479543303015e-03 1.532580230830339445e-02 2.610176812713299599e-02 4.503339919373857553e-02 7.803368678352355647e-02 1.346315755455899654e-01 2.292944993540506904e-01 3.822745201625292188e-01 6.188584003033951175e-01 9.654771319060947432e-01 1.441389498693060656e+00 2.046278172924320238e+00
2.773568879591123526e+00 3.723627320551590181e+00 4.705653074057499552e+00 5.576952023547512738e+00 6.182067027361042300e+00 6.409186720550809291e+00 6.182067027361042300e+00 5.576952023547512738e+00 4.705653074057497776e+00 3.723627320551590181e+00 2.773568879591123526e+00 1.953689928301054035e+00 1.308628202384032768e+00 8.388138145959337377e-01 5.181430006010395717e-01 3.107906325174605300e-01 1.824824958231034411e-01 1.057685157796705716e-01 6.103922535979521696e-02 3.537889067949172989e-02 2.077291782687073346e-02 1.245993531352825208e-02 7.696616529564819821e-03 4.933432015972859935e-03 3.304530661250121033e-03 2.327697111887887943e-03 1.733800865358896921e-03 1.371972852448215046e-03 1.157626646847086018e-03 1.044315476049163067e-03 1.008882620960727073e-03 1.044315476049163067e-03 1.157626646847086018e-03 1.371972852448215046e-03 1.733800865358896921e-03 2.327697111887887943e-03 3.304530661250117997e-03 4.933432015972851262e-03 7.696616529564799004e-03 1.245993531352824167e-02 2.077291782687073346e-02 3.537889067949157723e-02 6.103922535979527247e-02 1.057685157796704745e-01 1.824824958231031913e-01 3.107906325174599194e-01 5.181430006010374623e-01 8.388138145959344039e-01 1.308628202384029438e+00 1.953689928301051593e+00 2.046278172924321126e+00 2.747210414068628648e+00 3.471727435958829933e+00 4.114552654958309574e+00 4.560993207967102947e+00 4.721179346611600103e+00 4.560993207967102947e+00 4.114552654958309574e+00 3.471727435958828156e+00 2.747210414068628648e+00 2.046278172924321126e+00 1.441389498693062654e+00 9.654771319060941881e-01 6.188584003033968939e-01 3.822745201625292188e-01 2.292944993540511345e-01 1.346315755455901597e-01 7.803368678352334831e-02 4.503339919373870043e-02 2.610176812713302028e-02 1.532580230830339445e-02 9.192666479543311689e-03 5.678394549962930901e-03 3.639777734086602125e-03 2.438010108071353085e-03 1.717323780304796021e-03 1.279160179899419035e-03 1.012211422787298067e-03 8.540715023410460141e-04 7.704730104274539653e-04 7.443314285452169851e-04 7.704730104274539653e-04 8.540715023410460141e-04 1.012211422787298067e-03 1.279160179899419035e-03 1.717323780304796021e-03 2.438010108071350917e-03 3.639777734086595187e-03 5.678394549962915289e-03 9.192666479543303015e-03 1.532580230830339445e-02 2.610176812713290578e-02 4.503339919373873512e-02 7.803368678352327892e-02 1.346315755455899654e-01 2.292944993540506904e-01 3.822745201625276645e-01 6.188584003033973380e-01 9.654771319060918566e-01 1.441389498693060656e+00
1.953689928301054035e+00 2.773568879591123526e+00 3.723627320551590181e+00 4.705653074057499552e+00 5.576952023547516291e+00 6.182067027361042300e+00 6.409186720550809291e+00 6.182067027361042300e+00 5.576952023547512738e+00 4.705653074057497776e+00 3.723627320551590181e+00 2.773568879591123526e+00 1.953689928301054035e+00 1.308628202384031214e+00 8.388138145959337377e-01 5.181430006010400158e-01 3.107906325174599194e-01 1.824824958231031913e-01 1.057685157796706826e-01 6.103922535979527247e-02 3.537889067949170213e-02 2.077291782687073346e-02 1.245993531352825208e-02 7.696616529564833699e-03 4.933432015972859935e-03 3.304530661250121033e-03 2.327697111887887943e-03 1.733800865358896921e-03 1.371972852448215046e-03 1.157626646847086018e-03 1.044315476049163067e-03 1.008882620960727073e-03 1.044315476049163067e-03 1.157626646847086018e-03 1.371972852448215046e-03 1.733800865358896921e-03 2.327697111887887943e-03 3.304530661250117997e-03 4.933432015972838251e-03 7.696616529564799004e-03 1.245993531352824167e-02 2.077291782687065713e-02 3.537889067949170213e-02 6.103922535979505043e-02 1.057685157796704745e-01 1.824824958231031913e-01 3.107906325174586981e-01 5.181430006010395717e-01 8.388138145959314063e-01 1.308628202384029438e+00 1.441389498693062654e+00 2.046278172924321126e+00 2.747210414068628648e+00 3.471727435958829933e+00 4.114552654958311351e+00 4.560993207967102947e+00 4.721179346611600103e+00 4.560993207967102947e+00 4.114552654958309574e+00 3.471727435958828156e+00 2.747210414068628648e+00 2.046278172924321126e+00 1.441389498693062654e+00 9.654771319060931889e-01 6.188584003033968939e-01 3.822745201625295519e-01 2.292944993540506904e-01 1.346315755455899654e-01 7.803368678352343157e-02 4.503339919373873512e-02 2.610176812713299599e-02 1.532580230830339445e-02 9.192666479543311689e-03 5.678394549962941310e-03 3.639777734086602125e-03 2.438010108071353085e-03 1.717323780304796021e-03 1.279160179899419035e-03 1.012211422787298067e-03 8.540715023410460141e-04 7.704730104274539653e-04 7.443314285452169851e-04 7.704730104274539653e-04 8.540715023410460141e-04 1.012211422787298067e-03 1.279160179899419035e-03 1.717323780304796021e-03 2.438010108071350917e-03 3.639777734086586079e-03 5.678394549962915289e-03 9.192666479543303015e-03 1.532580230830333894e-02 2.610176812713299599e-02 4.503339919373857553e-02 7.803368678352327892e-02 1.346315755455899654e-01 2.292944993540497745e-01 3.822745201625292188e-01 6.188584003033951175e-01 9.654771319060918566e-01
1.308628202384032102e+00 1.953689928301054035e+00 2.773568879591123526e+00 3.723627320551590181e+00 4.705653074057499552e+00 5.576952023547512738e+00 6.182067027361042300e+00 6.409186720550809291e+00 6.182067027361042300e+00 5.576952023547512738e+00 4.705653074057499552e+00 3.723627320551590181e+00 2.773568879591123526e+00 1.953689928301054035e+00 1.308628202384032102e+00 8.388138145959351810e-01 5.181430006010387945e-01 3.107906325174595308e-01 1.824824958231034411e-01 1.057685157796707659e-01 6.103922535979521696e-02 3.537889067949167438e-02 2.077291782687073346e-02 1.245993531352826422e-02 7.696616529564819821e-03 4.933432015972846925e-03 3.304530661250114961e-03 2.327697111887887943e-03 1.733800865358896921e-03 1.371972852448215046e-03 1.157626646847086018e-03 1.044315476049163067e-03 1.008882620960727073e-03 1.044315476049163067e-03 1.157626646847086018e-03 1.371972852448215046e-03 1.733800865358896921e-03 2.327697111887890111e-03 3.304530661250114961e-03 4.933432015972838251e-03 7.696616529564799004e-03 1.245993531352818789e-02 2.077291782687073346e-02 3.537889067949157723e-02 6.103922535979505043e-02 1.057685157796704745e-01 1.824824958231025251e-01 3.107906325174599194e-01 5.181430006010374623e-01 8.388138145959314063e-01 9.654771319060937440e-01 1.441389498693062654e+00 2.046278172924321126e+00 2.747210414068628648e+00 3.471727435958829933e+00 4.114552654958309574e+00 4.560993207967102947e+00 4.721179346611600103e+00 4.560993207967102947e+00 4.114552654958309574e+00 3.471727435958829933e+00 2.747210414068628648e+00 2.046278172924321126e+00 1.441389498693062654e+00 9.654771319060937440e-01 6.188584003033978931e-01 3.822745201625287192e-01 2.292944993540504128e-01 1.346315755455901597e-01 7.803368678352350096e-02 4.503339919373870043e-02 2.610176812713297517e-02 1.532580230830339445e-02 9.192666479543318628e-03 5.678394549962930901e-03 3.639777734086592151e-03 2.438010108071349182e-03 1.717323780304796021e-03 1.279160179899419035e-03 1.012211422787298067e-03 8.540715023410460141e-04 7.704730104274539653e-04 7.443314285452169851e-04 7.704730104274539653e-04 8.540715023410460141e-04 1.012211422787298067e-03 1.279160179899419035e-03 1.717323780304797973e-03 2.438010108071349182e-03 3.639777734086586079e-03 5.678394549962915289e-03 9.192666479543263117e-03 1.532580230830339445e-02 2.610176812713290578e-02 4.503339919373857553e-02 7.803368678352327892e-02 1.346315755455894658e-01 2.292944993540506904e-01 3.822745201625276645e-01 6.188584003033951175e-01
8.388138145959337377e-01 1.308628202384031214e+00 1.953689928301054035e+00 2.773568879591122638e+00 3.723627320551590181e+00 4.705653074057497776e+00 5.576952023547512738e+00 6.182067027361042300e+00 6.409186720550809291e+00 6.182067027361042300e+00 5.576952023547516291e+00 4.705653074057499552e+00 3.723627320551591957e+00 2.773568879591123526e+00 1.953689928301054035e+00 1.308628202384033434e+00 8.388138145959337377e-01 5.181430006010387945e-01 3.107906325174602524e-01 1.824824958231037464e-01 1.057685157796707659e-01 6.103922535979521696e-02 3.537889067949172989e-02 2.077291782687076815e-02 1.245993531352826422e-02 7.696616529564819821e-03 4.933432015972846925e-03 3.304530661250121033e-03 2.327697111887887943e-03 1.733800865358896921e-03 1.371972852448218082e-03 1.157626646847086018e-03 1.044315476049163067e-03 1.008882620960727073e-03 1.044315476049163067e-03 1.157626646847086018e-03 1.371972852448215046e-03 1.733800865358896921e-03 2.327697111887881004e-03 3.304530661250114961e-03 4.933432015972851262e-03 7.696616529564799004e-03 1.245993531352827463e-02 2.077291782687073346e-02 3.537889067949157723e-02 6.103922535979527247e-02 1.057685157796704745e-01 1.824824958231039407e-01 3.107906325174599194e-01 5.181430006010374623e-01 6.188584003033968939e-01 9.654771319060931889e-01 1.441389498693062654e+00 2.046278172924320238e+00 2.747210414068628648e+00 3.471727435958828156e+00 4.114552654958309574e+00 4.560993207967102947e+00 4.721179346611600103e+00 4.560993207967102947e+00 4.114552654958311351e+00 3.471727435958829933e+00 2.747210414068629980e+00 2.046278172924321126e+00 1.441389498693062654e+00 9.654771319060947432e-01 6.188584003033968939e-01 3.822745201625287192e-01 2.292944993540509124e-01 1.346315755455903818e-01 7.803368678352350096e-02 4.503339919373870043e-02 2.610176812713302028e-02 1.532580230830342220e-02 9.192666479543318628e-03 5.678394549962930901e-03 3.639777734086592151e-03 2.438010108071353085e-03 1.717323780304796021e-03 1.279160179899419035e-03 1.012211422787300018e-03 8.540715023410460141e-04 7.704730104274539653e-04 7.443314285452169851e-04 7.704730104274539653e-04 8.540715023410460141e-04 1.012211422787298067e-03 1.279160179899419035e-03 1.717323780304791034e-03 2.438010108071349182e-03 3.639777734086595187e-03 5.678394549962915289e-03 9.192666479543327301e-03 1.532580230830339445e-02 2.610176812713290578e-02 4.503339919373873512e-02 7.803368678352327892e-02 1.346315755455905205e-01 2.292944993540506904e-01 3.822745201625276645e-01
5.181430006010395717e-01 8.388138145959337377e-01 1.308628202384032102e+00 1.953689928301054035e+00 2.773568879591123526e+00 3.723627320551590181e+00 4.705653074057497776e+00 5.576952023547512738e+00 6.182067027361042300e+00 6.409186720550809291e+00 6.182067027361042300e+00 5.576952023547516291e+00 4.705653074057499552e+00 3.723627320551590181e+00 2.773568879591123526e+00 1.953689928301056478e+00 1.308628202384031214e+00 8.388138145959334047e-01 5.181430006010395717e-01 3.107906325174605300e-01 1.824824958231036076e-01 1.057685157796706826e-01 6.103922535979527247e-02 3.537889067949176458e-02 2.077291782687076815e-02 1.245993531352825208e-02 7.696616529564799004e-03 4.933432015972859935e-03 3.304530661250121033e-03 2.327697111887887943e-03 1.733800865358899957e-03 1.371972852448218082e-03 1.157626646847086018e-03 1.044315476049163067e-03 1.008882620960727073e-03 1.044315476049163067e-03 1.157626646847086018e-03 1.371972852448215046e-03 1.733800865358896921e-03 2.327697111887887943e-03 3.304530661250117997e-03 4.933432015972838251e-03 7.696616529564826760e-03 1.245993531352824167e-02 2.077291782687073346e-02 3.537889067949170213e-02 6.103922535979505043e-02 1.057685157796708630e-01 1.824824958231031913e-01 3.107906325174599194e-01 3.822745201625292188e-01 6.188584003033968939e-01 9.654771319060937440e-01 1.441389498693062654e+00 2.046278172924321126e+00 2.747210414068628648e+00 3.471727435958828156e+00 4.114552654958309574e+00 4.560993207967102947e+00 4.721179346611600103e+00 4.560993207967102947e+00 4.114552654958311351e+00 3.471727435958829933e+00 2.747210414068628648e+00 2.046278172924321126e+00 1.441389498693064430e+00 9.654771319060931889e-01 6.188584003033965608e-01 3.822745201625292188e-01 2.292944993540511345e-01 1.346315755455902707e-01 7.803368678352343157e-02 4.503339919373873512e-02 2.610176812713304456e-02 1.532580230830342220e-02 9.192666479543311689e-03 5.678394549962915289e-03 3.639777734086602125e-03 2.438010108071353085e-03 1.717323780304796021e-03 1.279160179899420987e-03 1.012211422787300018e-03 8.540715023410460141e-04 7.704730104274539653e-04 7.443314285452169851e-04 7.704730104274539653e-04 8.540715023410460141e-04 1.012211422787298067e-03 1.279160179899419035e-03 1.717323780304796021e-03 2.438010108071350917e-03 3.639777734086586079e-03 5.678394549962936105e-03 9.192666479543303015e-03 1.532580230830339445e-02 2.610176812713299599e-02 4.503339919373857553e-02 7.803368678352355647e-02 1.346315755455899654e-01 2.292944993540506904e-01
3.107906325174602524e-01 5.181430006010395717e-01 8.388138145959337377e-01 1.308628202384032102e+00 1.953689928301054035e+00 2.773568879591123526e+00 3.723627320551590181e+00 4.705653074057499552e+00 5.576952023547516291e+00 6.182067027361042300e+00 6.409186720550809291e+00 6.182067027361042300e+00 5.576952023547516291e+00 4.705653074057497776e+00 3.723627320551590181e+00 2.773568879591124858e+00 1.953689928301053369e+00 1.308628202384030326e+00 8.388138145959337377e-01 5.181430006010400158e-01 3.107906325174602524e-01 1.824824958231034411e-01 1.057685157796707659e-01 6.103922535979532105e-02 3.537889067949172989e-02 2.077291782687073346e-02 1.245993531352825208e-02 7.696616529564819821e-03 4.933432015972846925e-03 3.304530661250114961e-03 2.327697111887891846e-03 1.733800865358896921e-03 1.371972852448215046e-03 1.157626646847086018e-03 1.044315476049163067e-03 1.008882620960727073e-03 1.044315476049163067e-03 1.157626646847086018e-03 1.371972852448215046e-03 1.733800865358896921e-03 2.327697111887887943e-03 3.304530661250108890e-03 4.933432015972851262e-03 7.696616529564799004e-03 1.245993531352824167e-02 2.077291782687073346e-02 3.537889067949157723e-02 6.103922535979527247e-02 1.057685157796704745e-01 1.824824958231031913e-01 2.292944993540509124e-01 3.822745201625292188e-01 6.188584003033968939e-01 9.654771319060937440e-01 1.441389498693062654e+00 2.046278172924321126e+00 2.747210414068628648e+00 3.471727435958829933e+00 4.114552654958311351e+00 4.560993207967102947e+00 4.721179346611600103e+00 4.560993207967102947e+00 4.114552654958311351e+00 3.471727435958828156e+00 2.747210414068628648e+00 2.046278172924322014e+00 1.441389498693061988e+00 9.654771319060924117e-01 6.188584003033968939e-01 3.822745201625295519e-01 2.292944993540509124e-01 1.346315755455901597e-01 7.803368678352350096e-02 4.503339919373876982e-02 2.610176812713302028e-02 1.532580230830339445e-02 9.192666479543311689e-03 5.678394549962930901e-03 3.639777734086592151e-03 2.438010108071349182e-03 1.717323780304799057e-03 1.279160179899419035e-03 1.012211422787298067e-03 8.540715023410460141e-04 7.704730104274539653e-04 7.443314285452169851e-04 7.704730104274539653e-04 8.540715023410460141e-04 1.012211422787298067e-03 1.279160179899419035e-03 1.717323780304796021e-03 2.438010108071343978e-03 3.639777734086595187e-03 5.678394549962915289e-03 9.192666479543303015e-03 1.532580230830339445e-02 2.610176812713290578e-02 4.503339919373873512e-02 7.803368678352327892e-02 1.346315755455899654e-01
1.824824958231036076e-01 3.107906325174602524e-01 5.181430006010400158e-01 8.388138145959337377e-01 1.308628202384032768e+00 1.953689928301054035e+00 2.773568879591123526e+00 3.723627320551590181e+00 4.705653074057499552e+00 5.576952023547516291e+00 6.182067027361042300e+00 6.409186720550809291e+00 6.182067027361042300e+00 5.576952023547512738e+00 4.705653074057497776e+00 3.723627320551591957e+00 2.773568879591122638e+00 1.953689928301051593e+00 1.308628202384031214e+00 8.388138145959344039e-01 5.181430006010395717e-01 3.107906325174599194e-01 1.824824958231036076e-01 1.057685157796708630e-01 6.103922535979527247e-02 3.537889067949170213e-02 2.077291782687073346e-02 1.245993531352825208e-02 7.696616529564799004e-03 4.933432015972838251e-03 3.304530661250121033e-03 2.327697111887887943e-03 1.733800865358896921e-03 1.371972852448215046e-03 1.157626646847086018e-03 1.044315476049163067e-03 1.008882620960727073e-03 1.044315476049163067e-03 1.157626646847086018e-03 1.371972852448215046e-03 1.733800865358896921e-03 2.327697111887881004e-03 3.304530661250117997e-03 4.933432015972838251e-03 7.696616529564799004e-03 1.245993531352824167e-02 2.077291782687065713e-02 3.537889067949170213e-02 6.103922535979505043e-02 1.057685157796704745e-01 1.346315755455902707e-01 2.292944993540509124e-01 3.822745201625295519e-01 6.188584003033968939e-01 9.654771319060941881e-01 1.441389498693062654e+00 2.046278172924321126e+00 2.747210414068628648e+00 3.471727435958829933e+00 4.114552654958311351e+00 4.560993207967102947e+00 4.721179346611600103e+00 4.560993207967102947e+00 4.114552654958309574e+00 3.471727435958828156e+00 2.747210414068629980e+00 2.046278172924320238e+00 1.441389498693060656e+00 9.654771319060931889e-01 6.188584003033973380e-01 3.822745201625292188e-01 2.292944993540506904e-01 1.346315755455902707e-01 7.803368678352355647e-02 4.503339919373873512e-02 2.610176812713299599e-02 1.532580230830339445e-02 9.192666479543311689e-03 5.678394549962915289e-03 3.639777734086586079e-03 2.438010108071353085e-03 1.717323780304796021e-03 1.279160179899419035e-03 1.012211422787298067e-03 8.540715023410460141e-04 7.704730104274539653e-04 7.443314285452169851e-04 7.704730104274539653e-04 8.540715023410460141e-04 1.012211422787298067e-03 1.279160179899419035e-03 1.717323780304791034e-03 2.438010108071350917e-03 3.639777734086586079e-03 5.678394549962915289e-03 9.192666479543303015e-03 1.532580230830333894e-02 2.610176812713299599e-02 4.503339919373857553e-02 7.803368678352327892e-02
1.057685157796707659e-01 1.824824958231036076e-01 3.107906325174602524e-01 5.181430006010400158e-01 8.388138145959344039e-01 1.308628202384032768e+00 1.953689928301054035e+00 2.773568879591123526e+00 3.723627320551591957e+00 4.705653074057499552e+00 5.576952023547516291e+00 6.182067027361042300e+00 6.409186720550809291e+00 6.182067027361039635e+00 5.576952023547512738e+00 4.705653074057499552e+00 3.723627320551587960e+00 2.773568879591120862e+00 1.953689928301053369e+00 1.308628202384032768e+00 8.388138145959337377e-01 5.181430006010387945e-01 3.107906325174602524e-01 1.824824958231037464e-01 1.057685157796707659e-01 6.103922535979521696e-02 3.537889067949167438e-02 2.077291782687073346e-02 1.245993531352825208e-02 7.696616529564799004e-03 4.933432015972859935e-03 3.304530661250121033e-03 2.327697111887884907e-03 1.733800865358894102e-03 1.371972852448213095e-03 1.157626646847086018e-03 1.044315476049163067e-03 1.008882620960727073e-03 1.044315476049163067e-03 1.157626646847086018e-03 1.371972852448215046e-03 1.733800865358894102e-03 2.327697111887890111e-03 3.304530661250114961e-03 4.933432015972851262e-03 7.696616529564799004e-03 1.245993531352818789e-02 2.077291782687073346e-02 3.537889067949157723e-02 6.103922535979527247e-02 7.803368678352350096e-02 1.346315755455902707e-01 2.292944993540509124e-01 3.822745201625295519e-01 6.188584003033973380e-01 9.654771319060941881e-01 1.441389498693062654e+00 2.046278172924321126e+00 2.747210414068629980e+00 3.471727435958829933e+00 4.114552654958311351e+00 4.560993207967102947e+00 4.721179346611600103e+00 4.560993207967101171e+00 4.114552654958309574e+00 3.471727435958829933e+00 2.747210414068626871e+00 2.046278172924319350e+00 1.441389498693061988e+00 9.654771319060941881e-01 6.188584003033968939e-01 3.822745201625287192e-01 2.292944993540509124e-01 1.346315755455903818e-01 7.803368678352350096e-02 4.503339919373870043e-02 2.610176812713297517e-02 1.532580230830339445e-02 9.192666479543311689e-03 5.678394549962915289e-03 3.639777734086602125e-03 2.438010108071353085e-03 1.717323780304794070e-03 1.279160179899417084e-03 1.012211422787295898e-03 8.540715023410460141e-04 7.704730104274539653e-04 7.443314285452169851e-04 7.704730104274539653e-04 8.540715023410460141e-04 1.012211422787298067e-03 1.279160179899417084e-03 1.717323780304797973e-03 2.438010108071349182e-03 3.639777734086595187e-03 5.678394549962915289e-03 9.192666479543263117e-03 1.532580230830339445e-02 2.610176812713290578e-02 4.503339919373873512e-02
6.103922535979521696e-02 1.057685157796706826e-01 1.824824958231034411e-01 3.107906325174602524e-01 5.181430006010395717e-01 8.388138145959337377e-01 1.308628202384031214e+00 1.953689928301054035e+00 2.773568879591123526e+00 3.723627320551590181e+00 4.705653074057497776e+00 5.576952023547512738e+00 6.182067027361039635e+00 6.409186720550809291e+00 6.182067027361042300e+00 5.576952023547516291e+00 4.705653074057497776e+00 3.723627320551587960e+00 2.773568879591123526e+00 1.953689928301056478e+00 1.308628202384032768e+00 8.388138145959337377e-01 5.181430006010400158e-01 3.107906325174607520e-01 1.824824958231037464e-01 1.057685157796707659e-01 6.103922535979521696e-02 3.537889067949172989e-02 2.077291782687073346e-02 1.245993531352825208e-02 7.696616529564833699e-03 4.933432015972859935e-03 3.304530661250114961e-03 2.327697111887884907e-03 1.733800865358894102e-03 1.371972852448215046e-03 1.157626646847086018e-03 1.044315476049163067e-03 1.008882620960727073e-03 1.044315476049163067e-03 1.157626646847086018e-03 1.371972852448213095e-03 1.733800865358896921e-03 2.327697111887881004e-03 3.304530661250114961e-03 4.933432015972851262e-03 7.696616529564799004e-03 1.245993531352827463e-02 2.077291782687073346e-02 3.537889067949157723e-02 4.503339919373870043e-02 7.803368678352343157e-02 1.346315755455901597e-01 2.292944993540509124e-01 3.822745201625292188e-01 6.188584003033968939e-01 9.654771319060931889e-01 1.441389498693062654e+00 2.046278172924321126e+00 2.747210414068628648e+00 3.471727435958828156e+00 4.114552654958309574e+00 4.560993207967101171e+00 4.721179346611600103e+00 4.560993207967102947e+00 4.114552654958311351e+00 3.471727435958828156e+00 2.747210414068626871e+00 2.046278172924321126e+00 1.441389498693064430e+00 9.654771319060941881e-01 6.188584003033968939e-01 3.822745201625295519e-01 2.292944993540513288e-01 1.346315755455903818e-01 7.803368678352350096e-02 4.503339919373870043e-02 2.610176812713302028e-02 1.532580230830339445e-02 9.192666479543311689e-03 5.678394549962941310e-03 3.639777734086602125e-03 2.438010108071349182e-03 1.717323780304794070e-03 1.279160179899417084e-03 1.012211422787298067e-03 8.540715023410460141e-04 7.704730104274539653e-04 7.443314285452169851e-04 7.704730104274539653e-04 8.540715023410460141e-04 1.012211422787295898e-03 1.279160179899419035e-03 1.717323780304791034e-03 2.438010108071349182e-03 3.639777734086595187e-03 5.678394549962915289e-03 9.192666479543327301e-03 1.532580230830339445e-02 2.610176812713290578e-02
3.537889067949170213e-02 6.103922535979521696e-02 1.057685157796707659e-01 1.824824958231034411e-01 3.107906325174602524e-01 5.181430006010395717e-01 8.388138145959337377e-01 1.308628202384032102e+00 1.953689928301054035e+00 2.773568879591123526e+00 3.723627320551590181e+00 4.705653074057497776e+00 5.576952023547512738e+00 6.182067027361042300e+00 6.409186720550809291e+00 6.182067027361042300e+00 5.576952023547512738e+00 4.705653074057497776e+00 3.723627320551590181e+00 2.773568879591124858e+00 1.953689928301054035e+00 1.308628202384031214e+00 8.388138145959344039e-01 5.181430006010404599e-01 3.107906325174605300e-01 1.824824958231036076e-01 1.057685157796706826e-01 6.103922535979527247e-02 3.537889067949170213e-02 2.077291782687073346e-02 1.245993531352828504e-02 7.696616529564833699e-03 4.933432015972838251e-03 3.304530661250111925e-03 2.327697111887881004e-03 1.733800865358896921e-03 1.371972852448215046e-03 1.157626646847086018e-03 1.044315476049163067e-03 1.008882620960727073e-03 1.044315476049163067e-03 1.157626646847086018e-03 1.371972852448215046e-03 1.733800865358896921e-03 2.327697111887887943e-03 3.304530661250117997e-03 4.933432015972838251e-03 7.696616529564826760e-03 1.245993531352824167e-02 2.077291782687073346e-02 2.610176812713299599e-02 4.503339919373870043e-02 7.803368678352350096e-02 1.346315755455901597e-01 2.292944993540509124e-01 3.822745201625292188e-01 6.188584003033968939e-01 9.654771319060937440e-01 1.441389498693062654e+00 2.046278172924321126e+00 2.747210414068628648e+00 3.471727435958828156e+00 4.114552654958309574e+00 4.560993207967102947e+00 4.721179346611600103e+00 4.560993207967102947e+00 4.114552654958309574e+00 3.471727435958828156e+00 2.747210414068628648e+00 2.046278172924322014e+00 1.441389498693062654e+00 9.654771319060931889e-01 6.188584003033973380e-01 3.822745201625298850e-01 2.292944993540511345e-01 1.346315755455902707e-01 7.803368678352343157e-02 4.503339919373873512e-02 2.610176812713299599e-02 1.532580230830339445e-02 9.192666479543335975e-03 5.678394549962941310e-03 3.639777734086586079e-03 2.438010108071346146e-03 1.717323780304791034e-03 1.279160179899419035e-03 1.012211422787298067e-03 8.540715023410460141e-04 7.704730104274539653e-04 7.443314285452169851e-04 7.704730104274539653e-04 8.540715023410460141e-04 1.012211422787298067e-03 1.279160179899419035e-03 1.717323780304796021e-03 2.438010108071350917e-03 3.639777734086586079e-03 5.678394549962936105e-03 9.192666479543303015e-03 1.532580230830339445e-02
2.077291782687076815e-02 3.537889067949172989e-02 6.103922535979532105e-02 1.057685157796707659e-01 1.824824958231037464e-01 3.107906325174605300e-01 5.181430006010400158e-01 8.388138145959351810e-01 1.308628202384033434e+00 1.953689928301056478e+00 2.773568879591124858e+00 3.723627320551591957e+00 4.705653074057499552e+00 5.576952023547516291e+00 6.182067027361042300e+00 6.409186720550809291e+00 6.182067027361039635e+00 5.576952023547510962e+00 4.705653074057497776e+00 3.723627320551590181e+00 2.773568879591122638e+00 1.953689928301051593e+00 1.308628202384031214e+00 8.388138145959344039e-01 5.181430006010395717e-01 3.107906325174599194e-01 1.824824958231031913e-01 1.057685157796706826e-01 6.103922535979516145e-02 3.537889067949163968e-02 2.077291782687076815e-02 1.245993531352825208e-02 7.696616529564799004e-03 4.933432015972838251e-03 3.304530661250111925e-03 2.327697111887887943e-03 1.733800865358896921e-03 1.371972852448215046e-03 1.157626646847086018e-03 1.044315476049163067e-03 1.008882620960727073e-03 1.044315476049163067e-03 1.157626646847086018e-03 1.371972852448215046e-03 1.733800865358896921e-03 2.327697111887887943e-03 3.304530661250108890e-03 4.933432015972851262e-03 7.696616529564799004e-03 1.245993531352824167e-02 1.532580230830342220e-02 2.610176812713302028e-02 4.503339919373876982e-02 7.803368678352350096e-02 1.346315755455903818e-01 2.292944993540511345e-01 3.822745201625295519e-01 6.188584003033978931e-01 9.654771319060947432e-01 1.441389498693064430e+00 2.046278172924322014e+00 2.747210414068629980e+00 3.471727435958829933e+00 4.114552654958311351e+00 4.560993207967102947e+00 4.721179346611600103e+00 4.560993207967101171e+00 4.114552654958307798e+00 3.471727435958828156e+00 2.747210414068628648e+00 2.046278172924320238e+00 1.441389498693060656e+00 9.654771319060931889e-01 6.188584003033973380e-01 3.822745201625292188e-01 2.292944993540506904e-01 1.346315755455899654e-01 7.803368678352343157e-02 4.503339919373865879e-02 2.610176812713295089e-02 1.532580230830342220e-02 9.192666479543311689e-03 5.678394549962915289e-03 3.639777734086586079e-03 2.438010108071346146e-03 1.717323780304796021e-03 1.279160179899419035e-03 1.012211422787298067e-03 8.540715023410460141e-04 7.704730104274539653e-04 7.443314285452169851e-04 7.704730104274539653e-04 8.540715023410460141e-04 1.012211422787298067e-03 1.279160179899419035e-03 1.717323780304796021e-03 2.438010108071343978e-03 3.639777734086595187e-03 5.678394549962915289e-03 9.192666479543303015e-03
1.245993531352825208e-02 2.077291782687073346e-02 3.537889067949167438e-02 6.103922535979521696e-02 1.057685157796706826e-01 1.824824958231034411e-01 3.107906325174599194e-01 5.181430006010387945e-01 8.388138145959337377e-01 1.308628202384031214e+00 1.953689928301053369e+00 2.773568879591122638e+00 3.723627320551587960e+00 4.705653074057497776e+00 5.576952023547512738e+00 6.182067027361039635e+00 6.409186720550809291e+00 6.182067027361039635e+00 5.576952023547516291e+00 4.705653074057503105e+00 3.723627320551591957e+00 2.773568879591123526e+00 1.953689928301056478e+00 1.308628202384034545e+00 8.388138145959351810e-01 5.181430006010400158e-01 3.107906325174602524e-01 1.824824958231037464e-01 1.057685157796707659e-01 6.103922535979521696e-02 3.537889067949179234e-02 2.077291782687076815e-02 1.245993531352825208e-02 7.696616529564799004e-03 4.933432015972838251e-03 3.304530661250121033e-03 2.327697111887887943e-03 1.733800865358896921e-03 1.371972852448218082e-03 1.157626646847086018e-03 1.044315476049163067e-03 1.008882620960727073e-03 1.044315476049163067e-03 1.157626646847086018e-03 1.371972852448215046e-03 1.733800865358896921e-03 2.327697111887881004e-03 3.304530661250117997e-03 4.933432015972838251e-03 7.696616529564799004e-03 9.192666479543311689e-03 1.532580230830339445e-02 2.610176812713297517e-02 4.503339919373870043e-02 7.803368678352343157e-02 1.346315755455901597e-01 2.292944993540506904e-01 3.822745201625287192e-01 6.188584003033968939e-01 9.654771319060931889e-01 1.441389498693061988e+00 2.046278172924320238e+00 2.747210414068626871e+00 3.471727435958828156e+00 4.114552654958309574e+00 4.560993207967101171e+00 4.721179346611600103e+00 4.560993207967101171e+00 4.114552654958311351e+00 3.471727435958832153e+00 2.747210414068629980e+00 2.046278172924321126e+00 1.441389498693064430e+00 9.654771319060955204e-01 6.188584003033978931e-01 3.822745201625295519e-01 2.292944993540509124e-01 1.346315755455903818e-01 7.803368678352350096e-02 4.503339919373870043e-02 2.610176812713306538e-02 1.532580230830342220e-02 9.192666479543311689e-03 5.678394549962915289e-03 3.639777734086586079e-03 2.438010108071353085e-03 1.717323780304796021e-03 1.279160179899419035e-03 1.012211422787300018e-03 8.540715023410460141e-04 7.704730104274539653e-04 7.443314285452169851e-04 7.704730104274539653e-04 8.540715023410460141e-04 1.012211422787298067e-03 1.279160179899419035e-03 1.717323780304791034e-03 2.438010108071350917e-03 3.639777734086586079e-03 5.678394549962915289e-03
7.696616529564799004e-03 1.245993531352825208e-02 2.077291782687069530e-02 3.537889067949167438e-02 6.103922535979516145e-02 1.057685157796705716e-01 1.824824958231031913e-01 3.107906325174595308e-01 5.181430006010387945e-01 8.388138145959334047e-01 1.308628202384030326e+00 1.953689928301051593e+00 2.773568879591120862e+00 3.723627320551587960e+00 4.705653074057497776e+00 5.576952023547510962e+00 6.182067027361039635e+00 6.409186720550809291e+00 6.182067027361042300e+00 5.576952023547518955e+00 4.705653074057503105e+00 3.723627320551591957e+00 2.773568879591126191e+00 1.953689928301058032e+00 1.308628202384034545e+00 8.388138145959351810e-01 5.181430006010400158e-01 3.107906325174607520e-01 1.824824958231037464e-01 1.057685157796707659e-01 6.103922535979543207e-02 3.537889067949179234e-02 2.077291782687073346e-02 1.245993531352825208e-02 7.696616529564799004e-03 4.933432015972859935e-03 3.304530661250121033e-03 2.327697111887887943e-03 1.733800865358899957e-03 1.371972852448218082e-03 1.157626646847086018e-03 1.044315476049165019e-03 1.008882620960727073e-03 1.044315476049163067e-03 1.157626646847086018e-03 1.371972852448215046e-03 1.733800865358894102e-03 2.327697111887887943e-03 3.304530661250108890e-03 4.933432015972838251e-03 5.678394549962915289e-03 9.192666479543311689e-03 1.532580230830336669e-02 2.610176812713297517e-02 4.503339919373865879e-02 7.803368678352334831e-02 1.346315755455899654e-01 2.292944993540504128e-01 3.822745201625287192e-01 6.188584003033965608e-01 9.654771319060924117e-01 1.441389498693060656e+00 2.046278172924319350e+00 2.747210414068626871e+00 3.471727435958828156e+00 4.114552654958307798e+00 4.560993207967101171e+00 4.721179346611600103e+00 4.560993207967102947e+00 4.114552654958313127e+00 3.471727435958832153e+00 2.747210414068629980e+00 2.046278172924323346e+00 1.441389498693065541e+00 9.654771319060955204e-01 6.188584003033978931e-01 3.822745201625295519e-01 2.292944993540513288e-01 1.346315755455903818e-01 7.803368678352350096e-02 4.503339919373885308e-02 2.610176812713306538e-02 1.532580230830339445e-02 9.192666479543311689e-03 5.678394549962915289e-03 3.639777734086602125e-03 2.438010108071353085e-03 1.717323780304796021e-03 1.279160179899420987e-03 1.012211422787300018e-03 8.540715023410460141e-04 7.704730104274560253e-04 7.443314285452169851e-04 7.704730104274539653e-04 8.540715023410460141e-04 1.012211422787298067e-03 1.279160179899417084e-03 1.717323780304796021e-03 2.438010108071343978e-03 3.639777734086586079e-03
4.933432015972846925e-03 7.696616529564819821e-03 1.245993531352825208e-02 2.077291782687073346e-02 3.537889067949170213e-02 6.103922535979521696e-02 1.057685157796706826e-01 1.824824958231034411e-01 3.107906325174602524e-01 5.181430006010395717e-01 8.388138145959337377e-01 1.308628202384031214e+00 1.953689928301053369e+00 2.773568879591123526e+00 3.723627320551590181e+00 4.705653074057497776e+00 5.576952023547516291e+00 6.182067027361042300e+00 6.409186720550809291e+00 6.182067027361042300e+00 5.576952023547516291e+00 4.705653074057497776e+00 3.723627320551591957e+00 2.773568879591126191e+00 1.953689928301056478e+00 1.308628202384032768e+00 8.388138145959337377e-01 5.181430006010400158e-01 3.107906325174602524e-01 1.824824958231034411e-01 1.057685157796709463e-01 6.103922535979532105e-02 3.537889067949167438e-02 2.077291782687069530e-02 1.245993531352821912e-02 7.696616529564819821e-03 4.933432015972846925e-03 3.304530661250114961e-03 2.327697111887891846e-03 1.733800865358896921e-03 1.371972852448215046e-03 1.157626646847087970e-03 1.044315476049163067e-03 1.008882620960727073e-03 1.044315476049163067e-03 1.157626646847086018e-03 1.371972852448213095e-03 1.733800865358896921e-03 2.327697111887881004e-03 3.304530661250114961e-03 3.639777734086592151e-03 5.678394549962930901e-03 9.192666479543311689e-03 1.532580230830339445e-02 2.610176812713299599e-02 4.503339919373870043e-02 7.803368678352343157e-02 1.346315755455901597e-01 2.292944993540509124e-01 3.822745201625292188e-01 6.188584003033968939e-01 9.654771319060931889e-01 1.441389498693061988e+00 2.046278172924321126e+00 2.747210414068628648e+00 3.471727435958828156e+00 4.114552654958311351e+00 4.560993207967102947e+00 4.721179346611600103e+00 4.560993207967102947e+00 4.114552654958311351e+00 3.471727435958828156e+00 2.747210414068629980e+00 2.046278172924323346e+00 1.441389498693064430e+00 9.654771319060941881e-01 6.188584003033968939e-01 3.822745201625295519e-01 2.292944993540509124e-01 1.346315755455901597e-01 7.803368678352362586e-02 4.503339919373876982e-02 2.610176812713297517e-02 1.532580230830336669e-02 9.192666479543287403e-03 5.678394549962930901e-03 3.639777734086592151e-03 2.438010108071349182e-03 1.717323780304799057e-03 1.279160179899419035e-03 1.012211422787298067e-03 8.540715023410479657e-04 7.704730104274539653e-04 7.443314285452169851e-04 7.704730104274539653e-04 8.540715023410460141e-04 1.012211422787295898e-03 1.279160179899419035e-03 1.717323780304791034e-03 2.438010108071349182e-03
3.304530661250121033e-03 4.933432015972859935e-03 7.696616529564819821e-03 1.245993531352826422e-02 2.077291782687076815e-02 3.537889067949172989e-02 6.103922535979527247e-02 1.057685157796707659e-01 1.824824958231037464e-01 3.107906325174605300e-01 5.181430006010400158e-01 8.388138145959344039e-01 1.308628202384032768e+00 1.953689928301056478e+00 2.773568879591124858e+00 3.723627320551590181e+00 4.705653074057503105e+00 5.576952023547518955e+00 6.182067027361042300e+00 6.409186720550809291e+00 6.182067027361039635e+00 5.576952023547512738e+00 4.705653074057497776e+00 3.723627320551591957e+00 2.773568879591123526e+00 1.953689928301053369e+00 1.308628202384030326e+00 8.388138145959337377e-01 5.181430006010387945e-01 3.107906325174595308e-01 1.824824958231037464e-01 1.057685157796707659e-01 6.103922535979510594e-02 3.537889067949160499e-02 2.077291782687067795e-02 1.245993531352825208e-02 7.696616529564799004e-03 4.933432015972838251e-03 3.304530661250121033e-03 2.327697111887887943e-03 1.733800865358896921e-03 1.371972852448218082e-03 1.157626646847086018e-03 1.044315476049163067e-03 1.008882620960727073e-03 1.044315476049163067e-03 1.157626646847086018e-03 1.371972852448215046e-03 1.733800865358896921e-03 2.327697111887887943e-03 2.438010108071353085e-03 3.639777734086602125e-03 5.678394549962930901e-03 9.192666479543318628e-03 1.532580230830342220e-02 2.610176812713302028e-02 4.503339919373873512e-02 7.803368678352350096e-02 1.346315755455903818e-01 2.292944993540511345e-01 3.822745201625295519e-01 6.188584003033973380e-01 9.654771319060941881e-01 1.441389498693064430e+00 2.046278172924322014e+00 2.747210414068628648e+00 3.471727435958832153e+00 4.114552654958313127e+00 4.560993207967102947e+00 4.721179346611600103e+00 4.560993207967101171e+00 4.114552654958309574e+00 3.471727435958828156e+00 2.747210414068629980e+00 2.046278172924321126e+00 1.441389498693061988e+00 9.654771319060924117e-01 6.188584003033968939e-01 3.822745201625287192e-01 2.292944993540504128e-01 1.346315755455903818e-01 7.803368678352350096e-02 4.503339919373861716e-02 2.610176812713292660e-02 1.532580230830335455e-02 9.192666479543311689e-03 5.678394549962915289e-03 3.639777734086586079e-03 2.438010108071353085e-03 1.717323780304796021e-03 1.279160179899419035e-03 1.012211422787300018e-03 8.540715023410460141e-04 7.704730104274539653e-04 7.443314285452169851e-04 7.704730104274539653e-04 8.540715023410460141e-04 1.012211422787298067e-03 1.279160179899419035e-03 1.717323780304796021e-03
2.327697111887887943e-03 3.304530661250121033e-03 4.933432015972846925e-03 7.696616529564819821e-03 1.245993531352825208e-02 2.077291782687073346e-02 3.537889067949170213e-02 6.103922535979521696e-02 1.057685157796707659e-01 1.824824958231036076e-01 3.107906325174602524e-01 5.181430006010395717e-01 8.388138145959337377e-01 1.308628202384032768e+00 1.953689928301054035e+00 2.773568879591122638e+00 3.723627320551591957e+00 4.705653074057503105e+00 5.576952023547516291e+00 6.182067027361039635e+00 6.409186720550809291e+00 6.182067027361039635e+00 5.576952023547516291e+00 4.705653074057503105e+00 3.723627320551591957e+00 2.773568879591123526e+00 1.953689928301053369e+00 1.308628202384032768e+00 8.388138145959337377e-01 5.181430006010387945e-01 3.107906325174607520e-01 1.824824958231037464e-01 1.057685157796705716e-01 6.103922535979510594e-02 3.537889067949160499e-02 2.077291782687073346e-02 1.245993531352825208e-02 7.696616529564799004e-03 4.933432015972859935e-03 3.304530661250121033e-03 2.327697111887887943e-03 1.733800865358899957e-03 1.371972852448215046e-03 1.157626646847086018e-03 1.044315476049163067e-03 1.008882620960727073e-03 1.044315476049163067e-03 1.157626646847086018e-03 1.371972852448215046e-03 1.733800865358896921e-03 1.717323780304796021e-03 2.438010108071353085e-03 3.639777734086592151e-03 5.678394549962930901e-03 9.192666479543311689e-03 1.532580230830339445e-02 2.610176812713299599e-02 4.503339919373870043e-02 7.803368678352350096e-02 1.346315755455902707e-01 2.292944993540509124e-01 3.822745201625292188e-01 6.188584003033968939e-01 9.654771319060941881e-01 1.441389498693062654e+00 2.046278172924320238e+00 2.747210414068629980e+00 3.471727435958832153e+00 4.114552654958311351e+00 4.560993207967101171e+00 4.721179346611600103e+00 4.560993207967101171e+00 4.114552654958311351e+00 3.471727435958832153e+00 2.747210414068629980e+00 2.046278172924321126e+00 1.441389498693061988e+00 9.654771319060941881e-01 6.188584003033968939e-01 3.822745201625287192e-01 2.292944993540513288e-01 1.346315755455903818e-01 7.803368678352334831e-02 4.503339919373861716e-02 2.610176812713292660e-02 1.532580230830339445e-02 9.192666479543311689e-03 5.678394549962915289e-03 3.639777734086602125e-03 2.438010108071353085e-03 1.717323780304796021e-03 1.279160179899420987e-03 1.012211422787298067e-03 8.540715023410460141e-04 7.704730104274539653e-04 7.443314285452169851e-04 7.704730104274539653e-04 8.540715023410460141e-04 1.012211422787298067e-03 1.279160179899419035e-03
1.733800865358896921e-03 2.327697111887887943e-03 3.304530661250114961e-03 4.933432015972846925e-03 7.696616529564799004e-03 1.245993531352825208e-02 2.077291782687073346e-02 3.537889067949167438e-02 6.103922535979521696e-02 1.057685157796706826e-01 1.824824958231034411e-01 3.107906325174599194e-01 5.181430006010387945e-01 8.388138145959337377e-01 1.308628202384031214e+00 1.953689928301051593e+00 2.773568879591123526e+00 3.723627320551591957e+00 4.705653074057497776e+00 5.576952023547512738e+00 6.182067027361039635e+00 6.409186720550809291e+00 6.182067027361042300e+00 5.576952023547518955e+00 4.705653074057503105e+00 3.723627320551591957e+00 2.773568879591123526e+00 1.953689928301056478e+00 1.308628202384032768e+00 8.388138145959337377e-01 5.181430006010409040e-01 3.107906325174607520e-01 1.824824958231034411e-01 1.057685157796705716e-01 6.103922535979510594e-02 3.537889067949172989e-02 2.077291782687073346e-02 1.245993531352825208e-02 7.696616529564833699e-03 4.933432015972859935e-03 3.304530661250121033e-03 2.327697111887891846e-03 1.733800865358896921e-03 1.371972852448218082e-03 1.157626646847086018e-03 1.044315476049163067e-03 1.008882620960727073e-03 1.044315476049163067e-03 1.157626646847086018e-03 1.371972852448215046e-03 1.279160179899419035e-03 1.717323780304796021e-03 2.438010108071349182e-03 3.639777734086592151e-03 5.678394549962915289e-03 9.192666479543311689e-03 1.532580230830339445e-02 2.610176812713297517e-02 4.503339919373870043e-02 7.803368678352343157e-02 1.346315755455901597e-01 2.292944993540506904e-01 3.822745201625287192e-01 6.188584003033968939e-01 9.654771319060931889e-01 1.441389498693060656e+00 2.046278172924321126e+00 2.747210414068629980e+00 3.471727435958828156e+00 4.114552654958309574e+00 4.560993207967101171e+00 4.721179346611600103e+00 4.560993207967102947e+00 4.114552654958313127e+00 3.471727435958832153e+00 2.747210414068629980e+00 2.046278172924321126e+00 1.441389498693064430e+00 9.654771319060941881e-01 6.188584003033968939e-01 3.822745201625302180e-01 2.292944993540513288e-01 1.346315755455901597e-01 7.803368678352334831e-02 4.503339919373861716e-02 2.610176812713302028e-02 1.532580230830339445e-02 9.192666479543311689e-03 5.678394549962941310e-03 3.639777734086602125e-03 2.438010108071353085e-03 1.717323780304799057e-03 1.279160179899419035e-03 1.012211422787300018e-03 8.540715023410460141e-04 7.704730104274539653e-04 7.443314285452169851e-04 7.704730104274539653e-04 8.540715023410460141e-04 1.012211422787298067e-03
1.371972852448215046e-03 1.733800865358896921e-03 2.327697111887887943e-03 3.304530661250121033e-03 4.933432015972859935e-03 7.696616529564819821e-03 1.245993531352825208e-02 2.077291782687073346e-02 3.537889067949172989e-02 6.103922535979527247e-02 1.057685157796707659e-01 1.824824958231036076e-01 3.107906325174602524e-01 5.181430006010400158e-01 8.388138145959344039e-01 1.308628202384031214e+00 1.953689928301056478e+00 2.773568879591126191e+00 3.723627320551591957e+00 4.705653074057497776e+00 5.576952023547516291e+00 6.182067027361042300e+00 6.409186720550809291e+00 6.182067027361042300e+00 5.576952023547516291e+00 4.705653074057497776e+00 3.723627320551587960e+00 2.773568879591123526e+00 1.953689928301053369e+00 1.308628202384030326e+00 8.388138145959351810e-01 5.181430006010400158e-01 3.107906325174595308e-01 1.824824958231030247e-01 1.057685157796703912e-01 6.103922535979521696e-02 3.537889067949167438e-02 2.077291782687069530e-02 1.245993531352826422e-02 7.696616529564819821e-03 4.933432015972846925e-03 3.304530661250127972e-03 2.327697111887884907e-03 1.733800865358896921e-03 1.371972852448215046e-03 1.157626646847086018e-03 1.044315476049163067e-03 1.008882620960727073e-03 1.044315476049163067e-03 1.157626646847086018e-03 1.012211422787298067e-03 1.279160179899419035e-03 1.717323780304796021e-03 2.438010108071353085e-03 3.639777734086602125e-03 5.678394549962930901e-03 9.192666479543311689e-03 1.532580230830339445e-02 2.610176812713302028e-02 4.503339919373873512e-02 7.803368678352350096e-02 1.346315755455902707e-01 2.292944993540509124e-01 3.822745201625295519e-01 6.188584003033973380e-01 9.654771319060931889e-01 1.441389498693064430e+00 2.046278172924323346e+00 2.747210414068629980e+00 3.471727435958828156e+00 4.114552654958311351e+00 4.560993207967102947e+00 4.721179346611600103e+00 4.560993207967102947e+00 4.114552654958311351e+00 3.471727435958828156e+00 2.747210414068626871e+00 2.046278172924321126e+00 1.441389498693061988e+00 9.654771319060924117e-01 6.188584003033978931e-01 3.822745201625295519e-01 2.292944993540504128e-01 1.346315755455898266e-01 7.803368678352320953e-02 4.503339919373870043e-02 2.610176812713297517e-02 1.532580230830336669e-02 9.192666479543318628e-03 5.678394549962930901e-03 3.639777734086592151e-03 2.438010108071356988e-03 1.717323780304794070e-03 1.279160179899419035e-03 1.012211422787298067e-03 8.540715023410460141e-04 7.704730104274539653e-04 7.443314285452169851e-04 7.704730104274539653e-04 8.540715023410460141e-04
1.157626646847086018e-03 1.371972852448218082e-03 1.733800865358896921e-03 2.327697111887891846e-03 3.304530661250121033e-03 4.933432015972859935e-03 7.696616529564833699e-03 1.245993531352826422e-02 2.077291782687076815e-02 3.537889067949176458e-02 6.103922535979532105e-02 1.057685157796708630e-01 1.824824958231037464e-01 3.107906325174607520e-01 5.181430006010404599e-01 8.388138145959344039e-01 1.308628202384034545e+00 1.953689928301058032e+00 2.773568879591126191e+00 3.723627320551591957e+00 4.705653074057503105e+00 5.576952023547518955e+00 6.182067027361042300e+00 6.409186720550809291e+00 6.182067027361039635e+00 5.576952023547512738e+00 4.705653074057495999e+00 3.723627320551587960e+00 2.773568879591120862e+00 1.953689928301050927e+00 1.308628202384032768e+00 8.388138145959337377e-01 5.181430006010379063e-01 3.107906325174589757e-01 1.824824958231027194e-01 1.057685157796705716e-01 6.103922535979510594e-02 3.537889067949160499e-02 2.077291782687073346e-02 1.245993531352825208e-02 7.696616529564799004e-03 4.933432015972859935e-03 3.304530661250111925e-03 2.327697111887887943e-03 1.733800865358896921e-03 1.371972852448215046e-03 1.157626646847086018e-03 1.044315476049163067e-03 1.008882620960727073e-03 1.044315476049163067e-03 8.540715023410460141e-04 1.012211422787300018e-03 1.279160179899419035e-03 1.717323780304799057e-03 2.438010108071353085e-03 3.639777734086602125e-03 5.678394549962941310e-03 9.192666479543318628e-03 1.532580230830342220e-02 2.610176812713304456e-02 4.503339919373876982e-02 7.803368678352355647e-02 1.346315755455903818e-01 2.292944993540513288e-01 3.822745201625298850e-01 6.188584003033973380e-01 9.654771319060955204e-01 1.441389498693065541e+00 2.046278172924323346e+00 2.747210414068629980e+00 3.471727435958832153e+00 4.114552654958313127e+00 4.560993207967102947e+00 4.721179346611600103e+00 4.560993207967101171e+00 4.114552654958309574e+00 3.471727435958826824e+00 2.747210414068626871e+00 2.046278172924319350e+00 1.441389498693060212e+00 9.654771319060941881e-01 6.188584003033968939e-01 3.822745201625280531e-01 2.292944993540499965e-01 1.346315755455896046e-01 7.803368678352334831e-02 4.503339919373861716e-02 2.610176812713292660e-02 1.532580230830339445e-02 9.192666479543311689e-03 5.678394549962915289e-03 3.639777734086602125e-03 2.438010108071346146e-03 1.717323780304796021e-03 1.279160179899419035e-03 1.012211422787298067e-03 8.540715023410460141e-04 7.704730104274539653e-04 7.443314285452169851e-04 7.704730104274539653e-04
1.044315476049163067e-03 1.157626646847086018e-03 1.371972852448215046e-03 1.733800865358896921e-03 2.327697111887887943e-03 3.304530661250121033e-03 4.933432015972859935e-03 7.696616529564819821e-03 1.245993531352826422e-02 2.077291782687076815e-02 3.537889067949172989e-02 6.103922535979527247e-02 1.057685157796707659e-01 1.824824958231037464e-01 3.107906325174605300e-01 5.181430006010395717e-01 8.388138145959351810e-01 1.308628202384034545e+00 1.953689928301056478e+00 2.773568879591123526e+00 3.723627320551591957e+00 4.705653074057503105e+00 5.576952023547516291e+00 6.182067027361039635e+00 6.409186720550809291e+00 6.182067027361039635e+00 5.576952023547512738e+00 4.705653074057497776e+00 3.723627320551587960e+00 2.773568879591120862e+00 1.953689928301056478e+00 1.308628202384032768e+00 8.388138145959321834e-01 5.181430006010379063e-01 3.107906325174589757e-01 1.824824958231034411e-01 1.057685157796705716e-01 6.103922535979510594e-02 3.537889067949172989e-02 2.077291782687073346e-02 1.245993531352825208e-02 7.696616529564833699e-03 4.933432015972838251e-03 3.304530661250121033e-03 2.327697111887887943e-03 1.733800865358896921e-03 1.371972852448218082e-03 1.157626646847086018e-03 1.044315476049163067e-03 1.008882620960727073e-03 7.704730104274539653e-04 8.540715023410460141e-04 1.012211422787298067e-03 1.279160179899419035e-03 1.717323780304796021e-03 2.438010108071353085e-03 3.639777734086602125e-03 5.678394549962930901e-03 9.192666479543318628e-03 1.532580230830342220e-02 2.610176812713302028e-02 4.503339919373873512e-02 7.803368678352350096e-02 1.346315755455903818e-01 2.292944993540511345e-01 3.822745201625292188e-01 6.188584003033978931e-01 9.654771319060955204e-01 1.441389498693064430e+00 2.046278172924321126e+00 2.747210414068629980e+00 3.471727435958832153e+00 4.114552654958311351e+00 4.560993207967101171e+00 4.721179346611600103e+00 4.560993207967101171e+00 4.114552654958309574e+00 3.471727435958828156e+00 2.747210414068626871e+00 2.046278172924319350e+00 1.441389498693064430e+00 9.654771319060941881e-01 6.188584003033956726e-01 3.822745201625280531e-01 2.292944993540499965e-01 1.346315755455901597e-01 7.803368678352334831e-02 4.503339919373861716e-02 2.610176812713302028e-02 1.532580230830339445e-02 9.192666479543311689e-03 5.678394549962941310e-03 3.639777734086586079e-03 2.438010108071353085e-03 1.717323780304796021e-03 1.279160179899419035e-03 1.012211422787300018e-03 8.540715023410460141e-04 7.704730104274539653e-04 7.443314285452169851e-04
1.008882620960727073e-03 1.044315476049163067e-03 1.157626646847086018e-03 1.371972852448215046e-03 1.733800865358896921e-03 2.327697111887887943e-03 3.304530661250121033e-03 4.933432015972846925e-03 7.696616529564819821e-03 1.245993531352825208e-02 2.077291782687073346e-02 3.537889067949170213e-02 6.103922535979521696e-02 1.057685157796707659e-01 1.824824958231036076e-01 3.107906325174599194e-01 5.181430006010400158e-01 8.388138145959351810e-01 1.308628202384032768e+00 1.953689928301053369e+00 2.773568879591123526e+00 3.723627320551591957e+00 4.705653074057497776e+00 5.576952023547512738e+00 6.182067027361039635e+00 6.409186720550809291e+00 6.182067027361039635e+00 5.576952023547516291e+00 4.705653074057497776e+00 3.723627320551587960e+00 2.773568879591126191e+00 1.953689928301056478e+00 1.308628202384030326e+00 8.388138145959321834e-01 5.181430006010379063e-01 3.107906325174602524e-01 1.824824958231034411e-01 1.057685157796705716e-01 6.103922535979532105e-02 3.537889067949172989e-02 2.077291782687073346e-02 1.245993531352828504e-02 7.696616529564799004e-03 4.933432015972859935e-03 3.304530661250121033e-03 2.327697111887887943e-03 1.733800865358899957e-03 1.371972852448215046e-03 1.157626646847086018e-03 1.044315476049163067e-03 7.443314285452169851e-04 7.704730104274539653e-04 8.540715023410460141e-04 1.012211422787298067e-03 1.279160179899419035e-03 1.717323780304796021e-03 2.438010108071353085e-03 3.639777734086592151e-03 5.678394549962930901e-03 9.192666479543311689e-03 1.532580230830339445e-02 2.610176812713299599e-02 4.503339919373870043e-02 7.803368678352350096e-02 1.346315755455902707e-01 2.292944993540506904e-01 3.822745201625295519e-01 6.188584003033978931e-01 9.654771319060941881e-01 1.441389498693061988e+00 2.046278172924321126e+00 2.747210414068629980e+00 3.471727435958828156e+00 4.114552654958309574e+00 4.560993207967101171e+00 4.721179346611600103e+00 4.560993207967101171e+00 4.114552654958311351e+00 3.471727435958828156e+00 2.747210414068626871e+00 2.046278172924323346e+00 1.441389498693064430e+00 9.654771319060924117e-01 6.188584003033956726e-01 3.822745201625280531e-01 2.292944993540509124e-01 1.346315755455901597e-01 7.803368678352334831e-02 4.503339919373876982e-02 2.610176812713302028e-02 1.532580230830339445e-02 9.192666479543335975e-03 5.678394549962915289e-03 3.639777734086602125e-03 2.438010108071353085e-03 1.717323780304796021e-03 1.279160179899420987e-03 1.012211422787298067e-03 8.540715023410460141e-04 7.704730104274539653e-04
1.044315476049163067e-03 1.008882620960727073e-03 1.044315476049163067e-03 1.157626646847086018e-03 1.371972852448215046e-03 1.733800865358896921e-03 2.327697111887887943e-03 3.304530661250114961e-03 4.933432015972846925e-03 7.696616529564799004e-03 1.245993531352825208e-02 2.077291782687073346e-02 3.537889067949167438e-02 6.103922535979521696e-02 1.057685157796706826e-01 1.824824958231031913e-01 3.107906325174602524e-01 5.181430006010400158e-01 8.388138145959337377e-01 1.308628202384030326e+00 1.953689928301053369e+00 2.773568879591123526e+00 3.723627320551587960e+00 4.705653074057495999e+00 5.576952023547512738e+00 6.182067027361039635e+00 6.409186720550809291e+00 6.182067027361042300e+00 5.576952023547516291e+00 4.705653074057497776e+00 3.723627320551595066e+00 2.773568879591126191e+00 1.953689928301053369e+00 1.308628202384030326e+00 8.388138145959321834e-01 5.181430006010400158e-01 3.107906325174602524e-01 1.824824958231034411e-01 1.057685157796709463e-01 6.103922535979532105e-02 3.537889067949172989e-02 2.077291782687080632e-02 1.245993531352825208e-02 7.696616529564833699e-03 4.933432015972859935e-03 3.304530661250121033e-03 2.327697111887891846e-03 1.733800865358896921e-03 1.371972852448218082e-03 1.157626646847086018e-03 7.704730104274539653e-04 7.443314285452169851e-04 7.704730104274539653e-04 8.540715023410460141e-04 1.012211422787298067e-03 1.279160179899419035e-03 1.717323780304796021e-03 2.438010108071349182e-03 3.639777734086592151e-03 5.678394549962915289e-03 9.192666479543311689e-03 1.532580230830339445e-02 2.610176812713297517e-02 4.503339919373870043e-02 7.803368678352343157e-02 1.346315755455899654e-01 2.292944993540509124e-01 3.822745201625295519e-01 6.188584003033968939e-01 9.654771319060924117e-01 1.441389498693061988e+00 2.046278172924321126e+00 2.747210414068626871e+00 3.471727435958826824e+00 4.114552654958309574e+00 4.560993207967101171e+00 4.721179346611600103e+00 4.560993207967102947e+00 4.114552654958311351e+00 3.471727435958828156e+00 2.747210414068632200e+00 2.046278172924323346e+00 1.441389498693061988e+00 9.654771319060924117e-01 6.188584003033956726e-01 3.822745201625295519e-01 2.292944993540509124e-01 1.346315755455901597e-01 7.803368678352362586e-02 4.503339919373876982e-02 2.610176812713302028e-02 1.532580230830344822e-02 9.192666479543311689e-03 5.678394549962941310e-03 3.639777734086602125e-03 2.438010108071353085e-03 1.717323780304799057e-03 1.279160179899419035e-03 1.012211422787300018e-03 8.540715023410460141e-04
1.157626646847086018e-03 1.044315476049163067e-03 1.008882620960727073e-03 1.044315476049163067e-03 1.157626646847086018e-03 1.371972852448215046e-03 1.733800865358896921e-03 2.327697111887887943e-03 3.304530661250121033e-03 4.933432015972859935e-03 7.696616529564819821e-03 1.245993531352825208e-02 2.077291782687073346e-02 3.537889067949172989e-02 6.103922535979527247e-02 1.057685157796706826e-01 1.824824958231037464e-01 3.107906325174607520e-01 5.181430006010400158e-01 8.388138145959337377e-01 1.308628202384032768e+00 1.953689928301056478e+00 2.773568879591123526e+00 3.723627320551587960e+00 4.705653074057497776e+00 5.576952023547516291e+00 6.182067027361042300e+00 6.409186720550809291e+00 6.182067027361039635e+00 5.576952023547512738e+00 4.705653074057503105e+00 3.723627320551591957e+00 2.773568879591120862e+00 1.953689928301050927e+00 1.308628202384028105e+00 8.388138145959337377e-01 5.181430006010387945e-01 3.107906325174595308e-01 1.824824958231037464e-01 1.057685157796707659e-01 6.103922535979521696e-02 3.537889067949179234e-02 2.077291782687069530e-02 1.245993531352826422e-02 7.696616529564819821e-03 4.933432015972846925e-03 3.304530661250127972e-03 2.327697111887884907e-03 1.733800865358896921e-03 1.371972852448215046e-03 8.540715023410460141e-04 7.704730104274539653e-04 7.443314285452169851e-04 7.704730104274539653e-04 8.540715023410460141e-04 1.012211422787298067e-03 1.279160179899419035e-03 1.717323780304796021e-03 2.438010108071353085e-03 3.639777734086602125e-03 5.678394549962930901e-03 9.192666479543311689e-03 1.532580230830339445e-02 2.610176812713302028e-02 4.503339919373873512e-02 7.803368678352343157e-02 1.346315755455903818e-01 2.292944993540513288e-01 3.822745201625295519e-01 6.188584003033968939e-01 9.654771319060941881e-01 1.441389498693064430e+00 2.046278172924321126e+00 2.747210414068626871e+00 3.471727435958828156e+00 4.114552654958311351e+00 4.560993207967102947e+00 4.721179346611600103e+00 4.560993207967101171e+00 4.114552654958309574e+00 3.471727435958832153e+00 2.747210414068629980e+00 2.046278172924319350e+00 1.441389498693060212e+00 9.654771319060908574e-01 6.188584003033968939e-01 3.822745201625287192e-01 2.292944993540504128e-01 1.346315755455903818e-01 7.803368678352350096e-02 4.503339919373870043e-02 2.610176812713306538e-02 1.532580230830336669e-02 9.192666479543318628e-03 5.678394549962930901e-03 3.639777734086592151e-03 2.438010108071356988e-03 1.717323780304794070e-03 1.279160179899419035e-03 1.012211422787298067e-03
1.371972852448215046e-03 1.157626646847086018e-03 1.044315476049163067e-03 1.008882620960727073e-03 1.044315476049163067e-03 1.157626646847086018e-03 1.371972852448215046e-03 1.733800865358896921e-03 2.327697111887887943e-03 3.304530661250121033e-03 4.933432015972846925e-03 7.696616529564799004e-03 1.245993531352825208e-02 2.077291782687073346e-02 3.537889067949170213e-02 6.103922535979516145e-02 1.057685157796707659e-01 1.824824958231037464e-01 3.107906325174602524e-01 5.181430006010387945e-01 8.388138145959337377e-01 1.308628202384032768e+00 1.953689928301053369e+00 2.773568879591120862e+00 3.723627320551587960e+00 4.705653074057497776e+00 5.576952023547516291e+00 6.182067027361039635e+00 6.409186720550809291e+00 6.182067027361039635e+00 5.576952023547518955e+00 4.705653074057503105e+00 3.723627320551587960e+00 2.773568879591120862e+00 1.953689928301050927e+00 1.308628202384032768e+00 8.388138145959337377e-01 5.181430006010387945e-01 3.107906325174607520e-01 1.824824958231037464e-01 1.057685157796707659e-01 6.103922535979543207e-02 3.537889067949167438e-02 2.077291782687076815e-02 1.245993531352826422e-02 7.696616529564819821e-03 4.933432015972864272e-03 3.304530661250114961e-03 2.327697111887891846e-03 1.733800865358896921e-03 1.012211422787298067e-03 8.540715023410460141e-04 7.704730104274539653e-04 7.443314285452169851e-04 7.704730104274539653e-04 8.540715023410460141e-04 1.012211422787298067e-03 1.279160179899419035e-03 1.717323780304796021e-03 2.438010108071353085e-03 3.639777734086592151e-03 5.678394549962915289e-03 9.192666479543311689e-03 1.532580230830339445e-02 2.610176812713299599e-02 4.503339919373865879e-02 7.803368678352350096e-02 1.346315755455903818e-01 2.292944993540509124e-01 3.822745201625287192e-01 6.188584003033968939e-01 9.654771319060941881e-01 1.441389498693061988e+00 2.046278172924319350e+00 2.747210414068626871e+00 3.471727435958828156e+00 4.114552654958311351e+00 4.560993207967101171e+00 4.721179346611600103e+00 4.560993207967101171e+00 4.114552654958313127e+00 3.471727435958832153e+00 2.747210414068626871e+00 2.046278172924319350e+00 1.441389498693060212e+00 9.654771319060941881e-01 6.188584003033968939e-01 3.822745201625287192e-01 2.292944993540513288e-01 1.346315755455903818e-01 7.803368678352350096e-02 4.503339919373885308e-02 2.610176812713297517e-02 1.532580230830342220e-02 9.192666479543318628e-03 5.678394549962930901e-03 3.639777734086605161e-03 2.438010108071349182e-03 1.717323780304799057e-03 1.279160179899419035e-03
1.733800865358896921e-03 1.371972852448215046e-03 1.157626646847086018e-03 1.044315476049163067e-03 1.008882620960727073e-03 1.044315476049163067e-03 1.157626646847086018e-03 1.371972852448215046e-03 1.733800865358896921e-03 2.327697111887887943e-03 3.304530661250114961e-03 4.933432015972838251e-03 7.696616529564799004e-03 1.245993531352825208e-02 2.077291782687073346e-02 3.537889067949163968e-02 6.103922535979521696e-02 1.057685157796707659e-01 1.824824958231034411e-01 3.107906325174595308e-01 5.181430006010387945e-01 8.388138145959337377e-01 1.308628202384030326e+00 1.953689928301050927e+00 2.773568879591120862e+00 3.723627320551587960e+00 4.705653074057497776e+00 5.576952023547512738e+00 6.182067027361039635e+00 6.409186720550809291e+00 6.182067027361042300e+00 5.576952023547518955e+00 4.705653074057497776e+00 3.723627320551587960e+00 2.773568879591120862e+00 1.953689928301056478e+00 1.308628202384032768e+00 8.388138145959337377e-01 5.181430006010409040e-01 3.107906325174607520e-01 1.824824958231037464e-01 1.057685157796711406e-01 6.103922535979521696e-02 3.537889067949179234e-02 2.077291782687076815e-02 1.245993531352826422e-02 7.696616529564847577e-03 4.933432015972846925e-03 3.304530661250127972e-03 2.327697111887891846e-03 1.279160179899419035e-03 1.012211422787298067e-03 8.540715023410460141e-04 7.704730104274539653e-04 7.443314285452169851e-04 7.704730104274539653e-04 8.540715023410460141e-04 1.012211422787298067e-03 1.279160179899419035e-03 1.717323780304796021e-03 2.438010108071349182e-03 3.639777734086586079e-03 5.678394549962915289e-03 9.192666479543311689e-03 1.532580230830339445e-02 2.610176812713295089e-02 4.503339919373870043e-02 7.803368678352350096e-02 1.346315755455901597e-01 2.292944993540504128e-01 3.822745201625287192e-01 6.188584003033968939e-01 9.654771319060924117e-01 1.441389498693060212e+00 2.046278172924319350e+00 2.747210414068626871e+00 3.471727435958828156e+00 4.114552654958309574e+00 4.560993207967101171e+00 4.721179346611600103e+00 4.560993207967102947e+00 4.114552654958313127e+00 3.471727435958828156e+00 2.747210414068626871e+00 2.046278172924319350e+00 1.441389498693064430e+00 9.654771319060941881e-01 6.188584003033968939e-01 3.822745201625302180e-01 2.292944993540513288e-01 1.346315755455903818e-01 7.803368678352377852e-02 4.503339919373870043e-02 2.610176812713306538e-02 1.532580230830342220e-02 9.192666479543318628e-03 5.678394549962950850e-03 3.639777734086592151e-03 2.438010108071356988e-03 1.717323780304799057e-03
2.327697111887881004e-03 1.733800865358894102e-03 1.371972852448215046e-03 1.157626646847086018e-03 1.044315476049163067e-03 1.008882620960727073e-03 1.044315476049163067e-03 1.157626646847086018e-03 1.371972852448218082e-03 1.733800865358899957e-03 2.327697111887891846e-03 3.304530661250121033e-03 4.933432015972859935e-03 7.696616529564833699e-03 1.245993531352828504e-02 2.077291782687076815e-02 3.537889067949179234e-02 6.103922535979543207e-02 1.057685157796709463e-01 1.824824958231037464e-01 3.107906325174607520e-01 5.181430006010409040e-01 8.388138145959351810e-01 1.308628202384032768e+00 1.953689928301056478e+00 2.773568879591126191e+00 3.723627320551595066e+00 4.705653074057503105e+00 5.576952023547518955e+00 6.182067027361042300e+00 6.409186720550809291e+00 6.182067027361039635e+00 5.576952023547510962e+00 4.705653074057491558e+00 3.723627320551580855e+00 2.773568879591120862e+00 1.953689928301050927e+00 1.308628202384028105e+00 8.388138145959337377e-01 5.181430006010387945e-01 3.107906325174595308e-01 1.824824958231037464e-01 1.057685157796703912e-01 6.103922535979521696e-02 3.537889067949167438e-02 2.077291782687069530e-02 1.245993531352826422e-02 7.696616529564792065e-03 4.933432015972846925e-03 3.304530661250114961e-03 1.717323780304791034e-03 1.279160179899417084e-03 1.012211422787298067e-03 8.540715023410460141e-04 7.704730104274539653e-04 7.443314285452169851e-04 7.704730104274539653e-04 8.540715023410460141e-04 1.012211422787300018e-03 1.279160179899420987e-03 1.717323780304799057e-03 2.438010108071353085e-03 3.639777734086602125e-03 5.678394549962941310e-03 9.192666479543335975e-03 1.532580230830342220e-02 2.610176812713306538e-02 4.503339919373885308e-02 7.803368678352362586e-02 1.346315755455903818e-01 2.292944993540513288e-01 3.822745201625302180e-01 6.188584003033978931e-01 9.654771319060941881e-01 1.441389498693064430e+00 2.046278172924323346e+00 2.747210414068632200e+00 3.471727435958832153e+00 4.114552654958313127e+00 4.560993207967102947e+00 4.721179346611600103e+00 4.560993207967101171e+00 4.114552654958307798e+00 3.471727435958823715e+00 2.747210414068621542e+00 2.046278172924319350e+00 1.441389498693060212e+00 9.654771319060908574e-01 6.188584003033968939e-01 3.822745201625287192e-01 2.292944993540504128e-01 1.346315755455903818e-01 7.803368678352320953e-02 4.503339919373870043e-02 2.610176812713297517e-02 1.532580230830336669e-02 9.192666479543318628e-03 5.678394549962910084e-03 3.639777734086592151e-03 2.438010108071349182e-03
3.304530661250114961e-03 2.327697111887881004e-03 1.733800865358896921e-03 1.371972852448215046e-03 1.157626646847086018e-03 1.044315476049163067e-03 1.008882620960727073e-03 1.044315476049163067e-03 1.157626646847086018e-03 1.371972852448218082e-03 1.733800865358896921e-03 2.327697111887887943e-03 3.304530661250121033e-03 4.933432015972859935e-03 7.696616529564833699e-03 1.245993531352825208e-02 2.077291782687076815e-02 3.537889067949179234e-02 6.103922535979532105e-02 1.057685157796707659e-01 1.824824958231037464e-01 3.107906325174607520e-01 5.181430006010400158e-01 8.388138145959337377e-01 1.308628202384032768e+00 1.953689928301056478e+00 2.773568879591126191e+00 3.723627320551591957e+00 4.705653074057503105e+00 5.576952023547518955e+00 6.182067027361039635e+00 6.409186720550809291e+00 6.182067027361039635e+00 5.576952023547510962e+00 4.705653074057491558e+00 3.723627320551587960e+00 2.773568879591120862e+00 1.953689928301050927e+00 1.308628202384032768e+00 8.388138145959337377e-01 5.181430006010387945e-01 3.107906325174607520e-01 1.824824958231030247e-01 1.057685157796707659e-01 6.103922535979521696e-02 3.537889067949167438e-02 2.077291782687076815e-02 1.245993531352821912e-02 7.696616529564819821e-03 4.933432015972846925e-03 2.438010108071349182e-03 1.717323780304791034e-03 1.279160179899419035e-03 1.012211422787298067e-03 8.540715023410460141e-04 7.704730104274539653e-04 7.443314285452169851e-04 7.704730104274539653e-04 8.540715023410460141e-04 1.012211422787300018e-03 1.279160179899419035e-03 1.717323780304796021e-03 2.438010108071353085e-03 3.639777734086602125e-03 5.678394549962941310e-03 9.192666479543311689e-03 1.532580230830342220e-02 2.610176812713306538e-02 4.503339919373876982e-02 7.803368678352350096e-02 1.346315755455903818e-01 2.292944993540513288e-01 3.822745201625295519e-01 6.188584003033968939e-01 9.654771319060941881e-01 1.441389498693064430e+00 2.046278172924323346e+00 2.747210414068629980e+00 3.471727435958832153e+00 4.114552654958313127e+00 4.560993207967101171e+00 4.721179346611600103e+00 4.560993207967101171e+00 4.114552654958307798e+00 3.471727435958823715e+00 2.747210414068626871e+00 2.046278172924319350e+00 1.441389498693060212e+00 9.654771319060941881e-01 6.188584003033968939e-01 3.822745201625287192e-01 2.292944993540513288e-01 1.346315755455898266e-01 7.803368678352350096e-02 4.503339919373870043e-02 2.610176812713297517e-02 1.532580230830342220e-02 9.192666479543287403e-03 5.678394549962930901e-03 3.639777734086592151e-03
4.933432015972851262e-03 3.304530661250117997e-03 2.327697111887890111e-03 1.733800865358896921e-03 1.371972852448215046e-03 1.157626646847086018e-03 1.044315476049163067e-03 1.008882620960727073e-03 1.044315476049163067e-03 1.157626646847086018e-03 1.371972852448215046e-03 1.733800865358896921e-03 2.327697111887884907e-03 3.304530661250114961e-03 4.933432015972838251e-03 7.696616529564799004e-03 1.245993531352825208e-02 2.077291782687073346e-02 3.537889067949167438e-02 6.103922535979510594e-02 1.057685157796705716e-01 1.824824958231034411e-01 3.107906325174595308e-01 5.181430006010379063e-01 8.388138145959321834e-01 1.308628202384030326e+00 1.953689928301053369e+00 2.773568879591120862e+00 3.723627320551587960e+00 4.705653074057497776e+00 5.576952023547510962e+00 6.182067027361039635e+00 6.409186720550809291e+00 6.182067027361039635e+00 5.576952023547512738e+00 4.705653074057503105e+00 3.723627320551591957e+00 2.773568879591123526e+00 1.953689928301058032e+00 1.308628202384034545e+00 8.388138145959351810e-01 5.181430006010419032e-01 3.107906325174602524e-01 1.824824958231040795e-01 1.057685157796709463e-01 6.103922535979532105e-02 3.537889067949188948e-02 2.077291782687073346e-02 1.245993531352828504e-02 7.696616529564833699e-03 3.639777734086595187e-03 2.438010108071350917e-03 1.717323780304797973e-03 1.279160179899419035e-03 1.012211422787298067e-03 8.540715023410460141e-04 7.704730104274539653e-04 7.443314285452169851e-04 7.704730104274539653e-04 8.540715023410460141e-04 1.012211422787298067e-03 1.279160179899419035e-03 1.717323780304794070e-03 2.438010108071349182e-03 3.639777734086586079e-03 5.678394549962915289e-03 9.192666479543311689e-03 1.532580230830339445e-02 2.610176812713297517e-02 4.503339919373861716e-02 7.803368678352334831e-02 1.346315755455901597e-01 2.292944993540504128e-01 3.822745201625280531e-01 6.188584003033956726e-01 9.654771319060924117e-01 1.441389498693061988e+00 2.046278172924319350e+00 2.747210414068626871e+00 3.471727435958828156e+00 4.114552654958307798e+00 4.560993207967101171e+00 4.721179346611600103e+00 4.560993207967101171e+00 4.114552654958309574e+00 3.471727435958832153e+00 2.747210414068629980e+00 2.046278172924321126e+00 1.441389498693065541e+00 9.654771319060955204e-01 6.188584003033978931e-01 3.822745201625309397e-01 2.292944993540509124e-01 1.346315755455906316e-01 7.803368678352362586e-02 4.503339919373876982e-02 2.610176812713313477e-02 1.532580230830339445e-02 9.192666479543335975e-03 5.678394549962941310e-03
7.696616529564826760e-03 4.933432015972851262e-03 3.304530661250121033e-03 2.327697111887890111e-03 1.733800865358896921e-03 1.371972852448215046e-03 1.157626646847086018e-03 1.044315476049163067e-03 1.008882620960727073e-03 1.044315476049163067e-03 1.157626646847086018e-03 1.371972852448215046e-03 1.733800865358894102e-03 2.327697111887884907e-03 3.304530661250111925e-03 4.933432015972838251e-03 7.696616529564799004e-03 1.245993531352825208e-02 2.077291782687069530e-02 3.537889067949160499e-02 6.103922535979510594e-02 1.057685157796705716e-01 1.824824958231030247e-01 3.107906325174589757e-01 5.181430006010379063e-01 8.388138145959321834e-01 1.308628202384030326e+00 1.953689928301050927e+00 2.773568879591120862e+00 3.723627320551587960e+00 4.705653074057491558e+00 5.576952023547510962e+00 6.182067027361039635e+00 6.409186720550809291e+00 6.182067027361039635e+00 5.576952023547518955e+00 4.705653074057503105e+00 3.723627320551591957e+00 2.773568879591130187e+00 1.953689928301058032e+00 1.308628202384034545e+00 8.388138145959378456e-01 5.181430006010400158e-01 3.107906325174614737e-01 1.824824958231040795e-01 1.057685157796709463e-01 6.103922535979559860e-02 3.537889067949172989e-02 2.077291782687080632e-02 1.245993531352828504e-02 5.678394549962936105e-03 3.639777734086595187e-03 2.438010108071353085e-03 1.717323780304797973e-03 1.279160179899419035e-03 1.012211422787298067e-03 8.540715023410460141e-04 7.704730104274539653e-04 7.443314285452169851e-04 7.704730104274539653e-04 8.540715023410460141e-04 1.012211422787298067e-03 1.279160179899417084e-03 1.717323780304794070e-03 2.438010108071346146e-03 3.639777734086586079e-03 5.678394549962915289e-03 9.192666479543311689e-03 1.532580230830336669e-02 2.610176812713292660e-02 4.503339919373861716e-02 7.803368678352334831e-02 1.346315755455898266e-01 2.292944993540499965e-01 3.822745201625280531e-01 6.188584003033956726e-01 9.654771319060924117e-01 1.441389498693060212e+00 2.046278172924319350e+00 2.747210414068626871e+00 3.471727435958823715e+00 4.114552654958307798e+00 4.560993207967101171e+00 4.721179346611600103e+00 4.560993207967101171e+00 4.114552654958313127e+00 3.471727435958832153e+00 2.747210414068629980e+00 2.046278172924326011e+00 1.441389498693065541e+00 9.654771319060955204e-01 6.188584003033998915e-01 3.822745201625295519e-01 2.292944993540518561e-01 1.346315755455906316e-01 7.803368678352362586e-02 4.503339919373897798e-02 2.610176812713302028e-02 1.532580230830344822e-02 9.192666479543335975e-03
1.245993531352827463e-02 7.696616529564826760e-03 4.933432015972851262e-03 3.304530661250121033e-03 2.327697111887891846e-03 1.733800865358896921e-03 1.371972852448215046e-03 1.157626646847086018e-03 1.044315476049163067e-03 1.008882620960727073e-03 1.044315476049163067e-03 1.157626646847086018e-03 1.371972852448213095e-03 1.733800865358894102e-03 2.327697111887881004e-03 3.304530661250111925e-03 4.933432015972838251e-03 7.696616529564799004e-03 1.245993531352821912e-02 2.077291782687067795e-02 3.537889067949160499e-02 6.103922535979510594e-02 1.057685157796703912e-01 1.824824958231027194e-01 3.107906325174589757e-01 5.181430006010379063e-01 8.388138145959321834e-01 1.308628202384028105e+00 1.953689928301050927e+00 2.773568879591120862e+00 3.723627320551580855e+00 4.705653074057491558e+00 5.576952023547512738e+00 6.182067027361039635e+00 6.409186720550809291e+00 6.182067027361042300e+00 5.576952023547518955e+00 4.705653074057503105e+00 3.723627320551599063e+00 2.773568879591130187e+00 1.953689928301058032e+00 1.308628202384038319e+00 8.388138145959351810e-01 5.181430006010419032e-01 3.107906325174614737e-01 1.824824958231040795e-01 1.057685157796714320e-01 6.103922535979532105e-02 3.537889067949188948e-02 2.077291782687080632e-02 9.192666479543327301e-03 5.678394549962936105e-03 3.639777734086595187e-03 2.438010108071353085e-03 1.717323780304799057e-03 1.279160179899419035e-03 1.012211422787298067e-03 8.540715023410460141e-04 7.704730104274539653e-04 7.443314285452169851e-04 7.704730104274539653e-04 8.540715023410460141e-04 1.012211422787295898e-03 1.279160179899417084e-03 1.717323780304791034e-03 2.438010108071346146e-03 3.639777734086586079e-03 5.678394549962915289e-03 9.192666479543287403e-03 1.532580230830335455e-02 2.610176812713292660e-02 4.503339919373861716e-02 7.803368678352320953e-02 1.346315755455896046e-01 2.292944993540499965e-01 3.822745201625280531e-01 6.188584003033956726e-01 9.654771319060908574e-01 1.441389498693060212e+00 2.046278172924319350e+00 2.747210414068621542e+00 3.471727435958823715e+00 4.114552654958309574e+00 4.560993207967101171e+00 4.721179346611600103e+00 4.560993207967102947e+00 4.114552654958313127e+00 3.471727435958832153e+00 2.747210414068635309e+00 2.046278172924326011e+00 1.441389498693065541e+00 9.654771319060984069e-01 6.188584003033978931e-01 3.822745201625309397e-01 2.292944993540518561e-01 1.346315755455906316e-01 7.803368678352398669e-02 4.503339919373876982e-02 2.610176812713313477e-02 1.532580230830344822e-02
2.077291782687073346e-02 1.245993531352824167e-02 7.696616529564799004e-03 4.933432015972851262e-03 3.304530661250117997e-03 2.327697111887887943e-03 1.733800865358896921e-03 1.371972852448215046e-03 1.157626646847086018e-03 1.044315476049163067e-03 1.008882620960727073e-03 1.044315476049163067e-03 1.157626646847086018e-03 1.371972852448215046e-03 1.733800865358896921e-03 2.327697111887887943e-03 3.304530661250121033e-03 4.933432015972859935e-03 7.696616529564819821e-03 1.245993531352825208e-02 2.077291782687073346e-02 3.537889067949172989e-02 6.103922535979521696e-02 1.057685157796705716e-01 1.824824958231034411e-01 3.107906325174602524e-01 5.181430006010400158e-01 8.388138145959337377e-01 1.308628202384032768e+00 1.953689928301056478e+00 2.773568879591120862e+00 3.723627320551587960e+00 4.705653074057503105e+00 5.576952023547518955e+00 6.182067027361042300e+00 6.409186720550809291e+00 6.182067027361039635e+00 5.576952023547512738e+00 4.705653074057503105e+00 3.723627320551591957e+00 2.773568879591123526e+00 1.953689928301058032e+00 1.308628202384030326e+00 8.388138145959351810e-01 5.181430006010400158e-01 3.107906325174602524e-01 1.824824958231040795e-01 1.057685157796705716e-01 6.103922535979532105e-02 3.537889067949172989e-02 1.532580230830339445e-02 9.192666479543303015e-03 5.678394549962915289e-03 3.639777734086595187e-03 2.438010108071350917e-03 1.717323780304796021e-03 1.279160179899419035e-03 1.012211422787298067e-03 8.540715023410460141e-04 7.704730104274539653e-04 7.443314285452169851e-04 7.704730104274539653e-04 8.540715023410460141e-04 1.012211422787298067e-03 1.279160179899419035e-03 1.717323780304796021e-03 2.438010108071353085e-03 3.639777734086602125e-03 5.678394549962930901e-03 9.192666479543311689e-03 1.532580230830339445e-02 2.610176812713302028e-02 4.503339919373870043e-02 7.803368678352334831e-02 1.346315755455901597e-01 2.292944993540509124e-01 3.822745201625295519e-01 6.188584003033968939e-01 9.654771319060941881e-01 1.441389498693064430e+00 2.046278172924319350e+00 2.747210414068626871e+00 3.471727435958832153e+00 4.114552654958313127e+00 4.560993207967102947e+00 4.721179346611600103e+00 4.560993207967101171e+00 4.114552654958309574e+00 3.471727435958832153e+00 2.747210414068629980e+00 2.046278172924321126e+00 1.441389498693065541e+00 9.654771319060924117e-01 6.188584003033978931e-01 3.822745201625295519e-01 2.292944993540509124e-01 1.346315755455906316e-01 7.803368678352334831e-02 4.503339919373876982e-02 2.610176812713302028e-02
3.537889067949170213e-02 2.077291782687073346e-02 1.245993531352824167e-02 7.696616529564826760e-03 4.933432015972851262e-03 3.304530661250117997e-03 2.327697111887887943e-03 1.733800865358896921e-03 1.371972852448215046e-03 1.157626646847086018e-03 1.044315476049163067e-03 1.008882620960727073e-03 1.044315476049163067e-03 1.157626646847086018e-03 1.371972852448215046e-03 1.733800865358896921e-03 2.327697111887887943e-03 3.304530661250121033e-03 4.933432015972846925e-03 7.696616529564799004e-03 1.245993531352825208e-02 2.077291782687073346e-02 3.537889067949167438e-02 6.103922535979510594e-02 1.057685157796705716e-01 1.824824958231034411e-01 3.107906325174602524e-01 5.181430006010387945e-01 8.388138145959337377e-01 1.308628202384032768e+00 1.953689928301050927e+00 2.773568879591120862e+00 3.723627320551591957e+00 4.705653074057503105e+00 5.576952023547518955e+00 6.182067027361039635e+00 6.409186720550809291e+00 6.182067027361039635e+00 5.576952023547518955e+00 4.705653074057503105e+00 3.723627320551591957e+00 2.773568879591130187e+00 1.953689928301053369e+00 1.308628202384034545e+00 8.388138145959351810e-01 5.181430006010400158e-01 3.107906325174614737e-01 1.824824958231034411e-01 1.057685157796709463e-01 6.103922535979532105e-02 2.610176812713299599e-02 1.532580230830339445e-02 9.192666479543303015e-03 5.678394549962936105e-03 3.639777734086595187e-03 2.438010108071350917e-03 1.717323780304796021e-03 1.279160179899419035e-03 1.012211422787298067e-03 8.540715023410460141e-04 7.704730104274539653e-04 7.443314285452169851e-04 7.704730104274539653e-04 8.540715023410460141e-04 1.012211422787298067e-03 1.279160179899419035e-03 1.717323780304796021e-03 2.438010108071353085e-03 3.639777734086592151e-03 5.678394549962915289e-03 9.192666479543311689e-03 1.532580230830339445e-02 2.610176812713297517e-02 4.503339919373861716e-02 7.803368678352334831e-02 1.346315755455901597e-01 2.292944993540509124e-01 3.822745201625287192e-01 6.188584003033968939e-01 9.654771319060941881e-01 1.441389498693060212e+00 2.046278172924319350e+00 2.747210414068629980e+00 3.471727435958832153e+00 4.114552654958313127e+00 4.560993207967101171e+00 4.721179346611600103e+00 4.560993207967101171e+00 4.114552654958313127e+00 3.471727435958832153e+00 2.747210414068629980e+00 2.046278172924326011e+00 1.441389498693061988e+00 9.654771319060955204e-01 6.188584003033978931e-01 3.822745201625295519e-01 2.292944993540518561e-01 1.346315755455901597e-01 7.803368678352362586e-02 4.503339919373876982e-02
6.103922535979527247e-02 3.537889067949170213e-02 2.077291782687073346e-02 1.245993531352827463e-02 7.696616529564826760e-03 4.933432015972851262e-03 3.304530661250117997e-03 2.327697111887890111e-03 1.733800865358896921e-03 1.371972852448215046e-03 1.157626646847086018e-03 1.044315476049163067e-03 1.008882620960727073e-03 1.044315476049163067e-03 1.157626646847086018e-03 1.371972852448215046e-03 1.733800865358896921e-03 2.327697111887887943e-03 3.304530661250114961e-03 4.933432015972838251e-03 7.696616529564799004e-03 1.245993531352825208e-02 2.077291782687069530e-02 3.537889067949160499e-02 6.103922535979510594e-02 1.057685157796705716e-01 1.824824958231034411e-01 3.107906325174595308e-01 5.181430006010387945e-01 8.388138145959337377e-01 1.308628202384028105e+00 1.953689928301050927e+00 2.773568879591123526e+00 3.723627320551591957e+00 4.705653074057503105e+00 5.576952023547512738e+00 6.182067027361039635e+00 6.409186720550809291e+00 6.182067027361042300e+00 5.576952023547518955e+00 4.705653074057503105e+00 3.723627320551599063e+00 2.773568879591123526e+00 1.953689928301058032e+00 1.308628202384034545e+00 8.388138145959351810e-01 5.181430006010419032e-01 3.107906325174602524e-01 1.824824958231040795e-01 1.057685157796709463e-01 4.503339919373873512e-02 2.610176812713299599e-02 1.532580230830339445e-02 9.192666479543327301e-03 5.678394549962936105e-03 3.639777734086595187e-03 2.438010108071350917e-03 1.717323780304797973e-03 1.279160179899419035e-03 1.012211422787298067e-03 8.540715023410460141e-04 7.704730104274539653e-04 7.443314285452169851e-04 7.704730104274539653e-04 8.540715023410460141e-04 1.012211422787298067e-03 1.279160179899419035e-03 1.717323780304796021e-03 2.438010108071349182e-03 3.639777734086586079e-03 5.678394549962915289e-03 9.192666479543311689e-03 1.532580230830336669e-02 2.610176812713292660e-02 4.503339919373861716e-02 7.803368678352334831e-02 1.346315755455901597e-01 2.292944993540504128e-01 3.822745201625287192e-01 6.188584003033968939e-01 9.654771319060908574e-01 1.441389498693060212e+00 2.046278172924321126e+00 2.747210414068629980e+00 3.471727435958832153e+00 4.114552654958309574e+00 4.560993207967101171e+00 4.721179346611600103e+00 4.560993207967102947e+00 4.114552654958313127e+00 3.471727435958832153e+00 2.747210414068635309e+00 2.046278172924321126e+00 1.441389498693065541e+00 9.654771319060955204e-01 6.188584003033978931e-01 3.822745201625309397e-01 2.292944993540509124e-01 1.346315755455906316e-01 7.803368678352362586e-02
1.057685157796704745e-01 6.103922535979505043e-02 3.537889067949157723e-02 2.077291782687073346e-02 1.245993531352824167e-02 7.696616529564799004e-03 4.933432015972838251e-03 3.304530661250114961e-03 2.327697111887881004e-03 1.733800865358896921e-03 1.371972852448215046e-03 1.157626646847086018e-03 1.044315476049163067e-03 1.008882620960727073e-03 1.044315476049163067e-03 1.157626646847086018e-03 1.371972852448218082e-03 1.733800865358899957e-03 2.327697111887891846e-03 3.304530661250121033e-03 4.933432015972859935e-03 7.696616529564833699e-03 1.245993531352826422e-02 2.077291782687073346e-02 3.537889067949172989e-02 6.103922535979532105e-02 1.057685157796709463e-01 1.824824958231037464e-01 3.107906325174607520e-01 5.181430006010409040e-01 8.388138145959337377e-01 1.308628202384032768e+00 1.953689928301058032e+00 2.773568879591130187e+00 3.723627320551599063e+00 4.705653074057503105e+00 5.576952023547518955e+00 6.182067027361042300e+00 6.409186720550809291e+00 6.182067027361039635e+00 5.576952023547512738e+00 4.705653074057503105e+00 3.723627320551584408e+00 2.773568879591123526e+00 1.953689928301053369e+00 1.308628202384030326e+00 8.388138145959351810e-01 5.181430006010379063e-01 3.107906325174602524e-01 1.824824958231034411e-01 7.803368678352327892e-02 4.503339919373857553e-02 2.610176812713290578e-02 1.532580230830339445e-02 9.192666479543303015e-03 5.678394549962915289e-03 3.639777734086586079e-03 2.438010108071349182e-03 1.717323780304791034e-03 1.279160179899419035e-03 1.012211422787298067e-03 8.540715023410460141e-04 7.704730104274539653e-04 7.443314285452169851e-04 7.704730104274539653e-04 8.540715023410460141e-04 1.012211422787300018e-03 1.279160179899420987e-03 1.717323780304799057e-03 2.438010108071353085e-03 3.639777734086602125e-03 5.678394549962941310e-03 9.192666479543318628e-03 1.532580230830339445e-02 2.610176812713302028e-02 4.503339919373876982e-02 7.803368678352362586e-02 1.346315755455903818e-01 2.292944993540513288e-01 3.822745201625302180e-01 6.188584003033968939e-01 9.654771319060941881e-01 1.441389498693065541e+00 2.046278172924326011e+00 2.747210414068635309e+00 3.471727435958832153e+00 4.114552654958313127e+00 4.560993207967102947e+00 4.721179346611600103e+00 4.560993207967101171e+00 4.114552654958309574e+00 3.471727435958832153e+00 2.747210414068624207e+00 2.046278172924321126e+00 1.441389498693061988e+00 9.654771319060924117e-01 6.188584003033978931e-01 3.822745201625280531e-01 2.292944993540509124e-01 1.346315755455901597e-01
1.824824958231031913e-01 1.057685157796704745e-01 6.103922535979505043e-02 3.537889067949170213e-02 2.077291782687073346e-02 1.245993531352824167e-02 7.696616529564799004e-03 4.933432015972838251e-03 3.304530661250114961e-03 2.327697111887887943e-03 1.733800865358896921e-03 1.371972852448215046e-03 1.157626646847086018e-03 1.044315476049163067e-03 1.008882620960727073e-03 1.044315476049163067e-03 1.157626646847086018e-03 1.371972852448218082e-03 1.733800865358896921e-03 2.327697111887887943e-03 3.304530661250121033e-03 4.933432015972859935e-03 7.696616529564819821e-03 1.245993531352825208e-02 2.077291782687073346e-02 3.537889067949172989e-02 6.103922535979532105e-02 1.057685157796707659e-01 1.824824958231037464e-01 3.107906325174607520e-01 5.181430006010387945e-01 8.388138145959337377e-01 1.308628202384034545e+00 1.953689928301058032e+00 2.773568879591130187e+00 3.723627320551591957e+00 4.705653074057503105e+00 5.576952023547518955e+00 6.182067027361039635e+00 6.409186720550809291e+00 6.182067027361039635e+00 5.576952023547518955e+00 4.705653074057495999e+00 3.723627320551591957e+00 2.773568879591123526e+00 1.953689928301053369e+00 1.308628202384034545e+00 8.388138145959321834e-01 5.181430006010400158e-01 3.107906325174602524e-01 1.346315755455899654e-01 7.803368678352327892e-02 4.503339919373857553e-02 2.610176812713299599e-02 1.532580230830339445e-02 9.192666479543303015e-03 5.678394549962915289e-03 3.639777734086586079e-03 2.438010108071349182e-03 1.717323780304796021e-03 1.279160179899419035e-03 1.012211422787298067e-03 8.540715023410460141e-04 7.704730104274539653e-04 7.443314285452169851e-04 7.704730104274539653e-04 8.540715023410460141e-04 1.012211422787300018e-03 1.279160179899419035e-03 1.717323780304796021e-03 2.438010108071353085e-03 3.639777734086602125e-03 5.678394549962930901e-03 9.192666479543311689e-03 1.532580230830339445e-02 2.610176812713302028e-02 4.503339919373876982e-02 7.803368678352350096e-02 1.346315755455903818e-01 2.292944993540513288e-01 3.822745201625287192e-01 6.188584003033968939e-01 9.654771319060955204e-01 1.441389498693065541e+00 2.046278172924326011e+00 2.747210414068629980e+00 3.471727435958832153e+00 4.114552654958313127e+00 4.560993207967101171e+00 4.721179346611600103e+00 4.560993207967101171e+00 4.114552654958313127e+00 3.471727435958826824e+00 2.747210414068629980e+00 2.046278172924321126e+00 1.441389498693061988e+00 9.654771319060955204e-01 6.188584003033956726e-01 3.822745201625295519e-01 2.292944993540509124e-01
3.107906325174599194e-01 1.824824958231031913e-01 1.057685157796704745e-01 6.103922535979527247e-02 3.537889067949170213e-02 2.077291782687073346e-02 1.245993531352824167e-02 7.696616529564799004e-03 4.933432015972851262e-03 3.304530661250117997e-03 2.327697111887887943e-03 1.733800865358896921e-03 1.371972852448215046e-03 1.157626646847086018e-03 1.044315476049163067e-03 1.008882620960727073e-03 1.044315476049163067e-03 1.157626646847086018e-03 1.371972852448215046e-03 1.733800865358896921e-03 2.327697111887887943e-03 3.304530661250121033e-03 4.933432015972846925e-03 7.696616529564799004e-03 1.245993531352825208e-02 2.077291782687073346e-02 3.537889067949172989e-02 6.103922535979521696e-02 1.057685157796707659e-01 1.824824958231037464e-01 3.107906325174595308e-01 5.181430006010387945e-01 8.388138145959351810e-01 1.308628202384034545e+00 1.953689928301058032e+00 2.773568879591123526e+00 3.723627320551591957e+00 4.705653074057503105e+00 5.576952023547512738e+00 6.182067027361039635e+00 6.409186720550809291e+00 6.182067027361042300e+00 5.576952023547512738e+00 4.705653074057503105e+00 3.723627320551591957e+00 2.773568879591123526e+00 1.953689928301058032e+00 1.308628202384030326e+00 8.388138145959351810e-01 5.181430006010400158e-01 2.292944993540506904e-01 1.346315755455899654e-01 7.803368678352327892e-02 4.503339919373873512e-02 2.610176812713299599e-02 1.532580230830339445e-02 9.192666479543303015e-03 5.678394549962915289e-03 3.639777734086595187e-03 2.438010108071350917e-03 1.717323780304796021e-03 1.279160179899419035e-03 1.012211422787298067e-03 8.540715023410460141e-04 7.704730104274539653e-04 7.443314285452169851e-04 7.704730104274539653e-04 8.540715023410460141e-04 1.012211422787298067e-03 1.279160179899419035e-03 1.717323780304796021e-03 2.438010108071353085e-03 3.639777734086592151e-03 5.678394549962915289e-03 9.192666479543311689e-03 1.532580230830339445e-02 2.610176812713302028e-02 4.503339919373870043e-02 7.803368678352350096e-02 1.346315755455903818e-01 2.292944993540504128e-01 3.822745201625287192e-01 6.188584003033978931e-01 9.654771319060955204e-01 1.441389498693065541e+00 2.046278172924321126e+00 2.747210414068629980e+00 3.471727435958832153e+00 4.114552654958309574e+00 4.560993207967101171e+00 4.721179346611600103e+00 4.560993207967102947e+00 4.114552654958309574e+00 3.471727435958832153e+00 2.747210414068629980e+00 2.046278172924321126e+00 1.441389498693065541e+00 9.654771319060924117e-01 6.188584003033978931e-01 3.822745201625295519e-01
5.181430006010374623e-01 3.107906325174586981e-01 1.824824958231025251e-01 1.057685157796704745e-01 6.103922535979505043e-02 3.537889067949157723e-02 2.077291782687065713e-02 1.245993531352818789e-02 7.696616529564799004e-03 4.933432015972838251e-03 3.304530661250108890e-03 2.327697111887881004e-03 1.733800865358894102e-03 1.371972852448213095e-03 1.157626646847086018e-03 1.044315476049163067e-03 1.008882620960727073e-03 1.044315476049165019e-03 1.157626646847087970e-03 1.371972852448218082e-03 1.733800865358899957e-03 2.327697111887891846e-03 3.304530661250127972e-03 4.933432015972859935e-03 7.696616529564833699e-03 1.245993531352828504e-02 2.077291782687080632e-02 3.537889067949179234e-02 6.103922535979543207e-02 1.057685157796711406e-01 1.824824958231037464e-01 3.107906325174607520e-01 5.181430006010419032e-01 8.388138145959378456e-01 1.308628202384038319e+00 1.953689928301058032e+00 2.773568879591130187e+00 3.723627320551599063e+00 4.705653074057503105e+00 5.576952023547518955e+00 6.182067027361042300e+00 6.409186720550809291e+00 6.182067027361036082e+00 5.576952023547512738e+00 4.705653074057495999e+00 3.723627320551584408e+00 2.773568879591123526e+00 1.953689928301047596e+00 1.308628202384030326e+00 8.388138145959321834e-01 3.822745201625276645e-01 2.292944993540497745e-01 1.346315755455894658e-01 7.803368678352327892e-02 4.503339919373857553e-02 2.610176812713290578e-02 1.532580230830333894e-02 9.192666479543263117e-03 5.678394549962915289e-03 3.639777734086586079e-03 2.438010108071343978e-03 1.717323780304791034e-03 1.279160179899417084e-03 1.012211422787295898e-03 8.540715023410460141e-04 7.704730104274539653e-04 7.443314285452169851e-04 7.704730104274560253e-04 8.540715023410479657e-04 1.012211422787300018e-03 1.279160179899420987e-03 1.717323780304799057e-03 2.438010108071356988e-03 3.639777734086602125e-03 5.678394549962941310e-03 9.192666479543335975e-03 1.532580230830344822e-02 2.610176812713306538e-02 4.503339919373885308e-02 7.803368678352377852e-02 1.346315755455903818e-01 2.292944993540513288e-01 3.822745201625309397e-01 6.188584003033998915e-01 9.654771319060984069e-01 1.441389498693065541e+00 2.046278172924326011e+00 2.747210414068635309e+00 3.471727435958832153e+00 4.114552654958313127e+00 4.560993207967102947e+00 4.721179346611600103e+00 4.560993207967098506e+00 4.114552654958309574e+00 3.471727435958826824e+00 2.747210414068624207e+00 2.046278172924321126e+00 1.441389498693057769e+00 9.654771319060924117e-01 6.188584003033956726e-01
8.388138145959344039e-01 5.181430006010395717e-01 3.107906325174599194e-01 1.824824958231039407e-01 1.057685157796708630e-01 6.103922535979527247e-02 3.537889067949170213e-02 2.077291782687073346e-02 1.245993531352827463e-02 7.696616529564826760e-03 4.933432015972851262e-03 3.304530661250117997e-03 2.327697111887890111e-03 1.733800865358896921e-03 1.371972852448215046e-03 1.157626646847086018e-03 1.044315476049163067e-03 1.008882620960727073e-03 1.044315476049163067e-03 1.157626646847086018e-03 1.371972852448215046e-03 1.733800865358896921e-03 2.327697111887884907e-03 3.304530661250111925e-03 4.933432015972838251e-03 7.696616529564799004e-03 1.245993531352825208e-02 2.077291782687069530e-02 3.537889067949167438e-02 6.103922535979521696e-02 1.057685157796703912e-01 1.824824958231030247e-01 3.107906325174602524e-01 5.181430006010400158e-01 8.388138145959351810e-01 1.308628202384030326e+00 1.953689928301053369e+00 2.773568879591123526e+00 3.723627320551584408e+00 4.705653074057495999e+00 5.576952023547512738e+00 6.182067027361036082e+00 6.409186720550809291e+00 6.182067027361042300e+00 5.576952023547518955e+00 4.705653074057503105e+00 3.723627320551599063e+00 2.773568879591123526e+00 1.953689928301058032e+00 1.308628202384034545e+00 6.188584003033973380e-01 3.822745201625292188e-01 2.292944993540506904e-01 1.346315755455905205e-01 7.803368678352355647e-02 4.503339919373873512e-02 2.610176812713299599e-02 1.532580230830339445e-02 9.192666479543327301e-03 5.678394549962936105e-03 3.639777734086595187e-03 2.438010108071350917e-03 1.717323780304797973e-03 1.279160179899419035e-03 1.012211422787298067e-03 8.540715023410460141e-04 7.704730104274539653e-04 7.443314285452169851e-04 7.704730104274539653e-04 8.540715023410460141e-04 1.012211422787298067e-03 1.279160179899419035e-03 1.717323780304794070e-03 2.438010108071346146e-03 3.639777734086586079e-03 5.678394549962915289e-03 9.192666479543311689e-03 1.532580230830336669e-02 2.610176812713297517e-02 4.503339919373870043e-02 7.803368678352320953e-02 1.346315755455898266e-01 2.292944993540509124e-01 3.822745201625295519e-01 6.188584003033978931e-01 9.654771319060924117e-01 1.441389498693061988e+00 2.046278172924321126e+00 2.747210414068624207e+00 3.471727435958826824e+00 4.114552654958309574e+00 4.560993207967098506e+00 4.721179346611600103e+00 4.560993207967102947e+00 4.114552654958313127e+00 3.471727435958832153e+00 2.747210414068635309e+00 2.046278172924321126e+00 1.441389498693065541e+00 9.654771319060955204e-01
1.308628202384029438e+00 8.388138145959314063e-01 5.181430006010374623e-01 3.107906325174599194e-01 1.824824958231031913e-01 1.057685157796704745e-01 6.103922535979505043e-02 3.537889067949157723e-02 2.077291782687073346e-02 1.245993531352824167e-02 7.696616529564799004e-03 4.933432015972838251e-03 3.304530661250114961e-03 2.327697111887881004e-03 1.733800865358896921e-03 1.371972852448215046e-03 1.157626646847086018e-03 1.044315476049163067e-03 1.008882620960727073e-03 1.044315476049163067e-03 1.157626646847086018e-03 1.371972852448218082e-03 1.733800865358896921e-03 2.327697111887887943e-03 3.304530661250121033e-03 4.933432015972859935e-03 7.696616529564833699e-03 1.245993531352826422e-02 2.077291782687076815e-02 3.537889067949179234e-02 6.103922535979521696e-02 1.057685157796707659e-01 1.824824958231040795e-01 3.107906325174614737e-01 5.181430006010419032e-01 8.388138145959351810e-01 1.308628202384034545e+00 1.953689928301058032e+00 2.773568879591123526e+00 3.723627320551591957e+00 4.705653074057503105e+00 5.576952023547512738e+00 6.182067027361042300e+00 6.409186720550809291e+00 6.182067027361039635e+00 5.576952023547512738e+00 4.705653074057503105e+00 3.723627320551584408e+00 2.773568879591123526e+00 1.953689928301053369e+00 9.654771319060918566e-01 6.188584003033951175e-01 3.822745201625276645e-01 2.292944993540506904e-01 1.346315755455899654e-01 7.803368678352327892e-02 4.503339919373857553e-02 2.610176812713290578e-02 1.532580230830339445e-02 9.192666479543303015e-03 5.678394549962915289e-03 3.639777734086586079e-03 2.438010108071349182e-03 1.717323780304791034e-03 1.279160179899419035e-03 1.012211422787298067e-03 8.540715023410460141e-04 7.704730104274539653e-04 7.443314285452169851e-04 7.704730104274539653e-04 8.540715023410460141e-04 1.012211422787300018e-03 1.279160179899419035e-03 1.717323780304796021e-03 2.438010108071353085e-03 3.639777734086602125e-03 5.678394549962941310e-03 9.192666479543318628e-03 1.532580230830342220e-02 2.610176812713306538e-02 4.503339919373870043e-02 7.803368678352350096e-02 1.346315755455906316e-01 2.292944993540518561e-01 3.822745201625309397e-01 6.188584003033978931e-01 9.654771319060955204e-01 1.441389498693065541e+00 2.046278172924321126e+00 2.747210414068629980e+00 3.471727435958832153e+00 4.114552654958309574e+00 4.560993207967102947e+00 4.721179346611600103e+00 4.560993207967101171e+00 4.114552654958309574e+00 3.471727435958832153e+00 2.747210414068624207e+00 2.046278172924321126e+00 1.441389498693061988e+00
1.953689928301051593e+00 1.308628202384029438e+00 8.388138145959314063e-01 5.181430006010395717e-01 3.107906325174599194e-01 1.824824958231031913e-01 1.057685157796704745e-01 6.103922535979505043e-02 3.537889067949157723e-02 2.077291782687073346e-02 1.245993531352824167e-02 7.696616529564799004e-03 4.933432015972851262e-03 3.304530661250114961e-03 2.327697111887887943e-03 1.733800865358896921e-03 1.371972852448215046e-03 1.157626646847086018e-03 1.044315476049163067e-03 1.008882620960727073e-03 1.044315476049163067e-03 1.157626646847086018e-03 1.371972852448215046e-03 1.733800865358896921e-03 2.327697111887887943e-03 3.304530661250121033e-03 4.933432015972859935e-03 7.696616529564819821e-03 1.245993531352826422e-02 2.077291782687076815e-02 3.537889067949167438e-02 6.103922535979521696e-02 1.057685157796709463e-01 1.824824958231040795e-01 3.107906325174614737e-01 5.181430006010400158e-01 8.388138145959351810e-01 1.308628202384034545e+00 1.953689928301053369e+00 2.773568879591123526e+00 3.723627320551591957e+00 4.705653074057495999e+00 5.576952023547518955e+00 6.182067027361039635e+00 6.409186720550809291e+00 6.182067027361039635e+00 5.576952023547518955e+00 4.705653074057495999e+00 3.723627320551591957e+00 2.773568879591123526e+00 1.441389498693060656e+00 9.654771319060918566e-01 6.188584003033951175e-01 3.822745201625292188e-01 2.292944993540506904e-01 1.346315755455899654e-01 7.803368678352327892e-02 4.503339919373857553e-02 2.610176812713290578e-02 1.532580230830339445e-02 9.192666479543303015e-03 5.678394549962915289e-03 3.639777734086595187e-03 2.438010108071349182e-03 1.717323780304796021e-03 1.279160179899419035e-03 1.012211422787298067e-03 8.540715023410460141e-04 7.704730104274539653e-04 7.443314285452169851e-04 7.704730104274539653e-04 8.540715023410460141e-04 1.012211422787298067e-03 1.279160179899419035e-03 1.717323780304796021e-03 2.438010108071353085e-03 3.639777734086602125e-03 5.678394549962930901e-03 9.192666479543318628e-03 1.532580230830342220e-02 2.610176812713297517e-02 4.503339919373870043e-02 7.803368678352362586e-02 1.346315755455906316e-01 2.292944993540518561e-01 3.822745201625295519e-01 6.188584003033978931e-01 9.654771319060955204e-01 1.441389498693061988e+00 2.046278172924321126e+00 2.747210414068629980e+00 3.471727435958826824e+00 4.114552654958313127e+00 4.560993207967101171e+00 4.721179346611600103e+00 4.560993207967101171e+00 4.114552654958313127e+00 3.471727435958826824e+00 2.747210414068629980e+00 2.046278172924321126e+00
2.773568879591122638e+00 1.953689928301051593e+00 1.308628202384029438e+00 8.388138145959344039e-01 5.181430006010395717e-01 3.107906325174599194e-01 1.824824958231031913e-01 1.057685157796704745e-01 6.103922535979527247e-02 3.537889067949170213e-02 2.077291782687073346e-02 1.245993531352824167e-02 7.696616529564799004e-03 4.933432015972851262e-03 3.304530661250117997e-03 2.327697111887887943e-03 1.733800865358896921e-03 1.371972852448215046e-03 1.157626646847086018e-03 1.044315476049163067e-03 1.008882620960727073e-03 1.044315476049163067e-03 1.157626646847086018e-03 1.371972852448215046e-03 1.733800865358896921e-03 2.327697111887887943e-03 3.304530661250121033e-03 4.933432015972846925e-03 7.696616529564819821e-03 1.245993531352826422e-02 2.077291782687069530e-02 3.537889067949167438e-02 6.103922535979532105e-02 1.057685157796709463e-01 1.824824958231040795e-01 3.107906325174602524e-01 5.181430006010400158e-01 8.388138145959351810e-01 1.308628202384030326e+00 1.953689928301053369e+00 2.773568879591123526e+00 3.723627320551584408e+00 4.705653074057503105e+00 5.576952023547512738e+00 6.182067027361039635e+00 6.409186720550809291e+00 6.182067027361042300e+00 5.576952023547512738e+00 4.705653074057503105e+00 3.723627320551591957e+00 2.046278172924320238e+00 1.441389498693060656e+00 9.654771319060918566e-01 6.188584003033973380e-01 3.822745201625292188e-01 2.292944993540506904e-01 1.346315755455899654e-01 7.803368678352327892e-02 4.503339919373873512e-02 2.610176812713299599e-02 1.532580230830339445e-02 9.192666479543303015e-03 5.678394549962915289e-03 3.639777734086595187e-03 2.438010108071350917e-03 1.717323780304796021e-03 1.279160179899419035e-03 1.012211422787298067e-03 8.540715023410460141e-04 7.704730104274539653e-04 7.443314285452169851e-04 7.704730104274539653e-04 8.540715023410460141e-04 1.012211422787298067e-03 1.279160179899419035e-03 1.717323780304796021e-03 2.438010108071353085e-03 3.639777734086592151e-03 5.678394549962930901e-03 9.192666479543318628e-03 1.532580230830336669e-02 2.610176812713297517e-02 4.503339919373876982e-02 7.803368678352362586e-02 1.346315755455906316e-01 2.292944993540509124e-01 3.822745201625295519e-01 6.188584003033978931e-01 9.654771319060924117e-01 1.441389498693061988e+00 2.046278172924321126e+00 2.747210414068624207e+00 3.471727435958832153e+00 4.114552654958309574e+00 4.560993207967101171e+00 4.721179346611600103e+00 4.560993207967102947e+00 4.114552654958309574e+00 3.471727435958832153e+00 2.747210414068629980e+00
3.723627320551583075e+00 2.773568879591115532e+00 1.953689928301046930e+00 1.308628202384029438e+00 8.388138145959314063e-01 5.181430006010374623e-01 3.107906325174586981e-01 1.824824958231025251e-01 1.057685157796704745e-01 6.103922535979505043e-02 3.537889067949157723e-02 2.077291782687065713e-02 1.245993531352818789e-02 7.696616529564799004e-03 4.933432015972838251e-03 3.304530661250108890e-03 2.327697111887881004e-03 1.733800865358894102e-03 1.371972852448213095e-03 1.157626646847086018e-03 1.044315476049163067e-03 1.008882620960727073e-03 1.044315476049163067e-03 1.157626646847086018e-03 1.371972852448218082e-03 1.733800865358899957e-03 2.327697111887891846e-03 3.304530661250127972e-03 4.933432015972864272e-03 7.696616529564847577e-03 1.245993531352826422e-02 2.077291782687076815e-02 3.537889067949188948e-02 6.103922535979559860e-02 1.057685157796714320e-01 1.824824958231040795e-01 3.107906325174614737e-01 5.181430006010419032e-01 8.388138145959351810e-01 1.308628202384034545e+00 1.953689928301058032e+00 2.773568879591123526e+00 3.723627320551599063e+00 4.705653074057503105e+00 5.576952023547518955e+00 6.182067027361042300e+00 6.409186720550809291e+00 6.182067027361036082e+00 5.576952023547512738e+00 4.705653074057495999e+00 2.747210414068623319e+00 2.046278172924315353e+00 1.441389498693057325e+00 9.654771319060918566e-01 6.188584003033951175e-01 3.822745201625276645e-01 2.292944993540497745e-01 1.346315755455894658e-01 7.803368678352327892e-02 4.503339919373857553e-02 2.610176812713290578e-02 1.532580230830333894e-02 9.192666479543263117e-03 5.678394549962915289e-03 3.639777734086586079e-03 2.438010108071343978e-03 1.717323780304791034e-03 1.279160179899417084e-03 1.012211422787295898e-03 8.540715023410460141e-04 7.704730104274539653e-04 7.443314285452169851e-04 7.704730104274539653e-04 8.540715023410460141e-04 1.012211422787300018e-03 1.279160179899420987e-03 1.717323780304799057e-03 2.438010108071356988e-03 3.639777734086605161e-03 5.678394549962950850e-03 9.192666479543318628e-03 1.532580230830342220e-02 2.610176812713313477e-02 4.503339919373897798e-02 7.803368678352398669e-02 1.346315755455906316e-01 2.292944993540518561e-01 3.822745201625309397e-01 6.188584003033978931e-01 9.654771319060955204e-01 1.441389498693065541e+00 2.046278172924321126e+00 2.747210414068635309e+00 3.471727435958832153e+00 4.114552654958313127e+00 4.560993207967102947e+00 4.721179346611600103e+00 4.560993207967098506e+00 4.114552654958309574e+00 3.471727435958826824e+00
4.705653074057499552e+00 3.723627320551590181e+00 2.773568879591122638e+00 1.953689928301057366e+00 1.308628202384033434e+00 8.388138145959344039e-01 5.181430006010395717e-01 3.107906325174599194e-01 1.824824958231039407e-01 1.057685157796708630e-01 6.103922535979527247e-02 3.537889067949170213e-02 2.077291782687073346e-02 1.245993531352827463e-02 7.696616529564826760e-03 4.933432015972851262e-03 3.304530661250117997e-03 2.327697111887887943e-03 1.733800865358896921e-03 1.371972852448215046e-03 1.157626646847086018e-03 1.044315476049163067e-03 1.008882620960727073e-03 1.044315476049163067e-03 1.157626646847086018e-03 1.371972852448215046e-03 1.733800865358896921e-03 2.327697111887884907e-03 3.304530661250114961e-03 4.933432015972846925e-03 7.696616529564792065e-03 1.245993531352821912e-02 2.077291782687073346e-02 3.537889067949172989e-02 6.103922535979532105e-02 1.057685157796705716e-01 1.824824958231034411e-01 3.107906325174602524e-01 5.181430006010379063e-01 8.388138145959321834e-01 1.308628202384030326e+00 1.953689928301047596e+00 2.773568879591123526e+00 3.723627320551584408e+00 4.705653074057495999e+00 5.576952023547512738e+00 6.182067027361036082e+00 6.409186720550809291e+00 6.182067027361042300e+00 5.576952023547518955e+00 3.471727435958829933e+00 2.747210414068628648e+00 2.046278172924320238e+00 1.441389498693064875e+00 9.654771319060947432e-01 6.188584003033973380e-01 3.822745201625292188e-01 2.292944993540506904e-01 1.346315755455905205e-01 7.803368678352355647e-02 4.503339919373873512e-02 2.610176812713299599e-02 1.532580230830339445e-02 9.192666479543327301e-03 5.678394549962936105e-03 3.639777734086595187e-03 2.438010108071350917e-03 1.717323780304796021e-03 1.279160179899419035e-03 1.012211422787298067e-03 8.540715023410460141e-04 7.704730104274539653e-04 7.443314285452169851e-04 7.704730104274539653e-04 8.540715023410460141e-04 1.012211422787298067e-03 1.279160179899419035e-03 1.717323780304794070e-03 2.438010108071349182e-03 3.639777734086592151e-03 5.678394549962910084e-03 9.192666479543287403e-03 1.532580230830339445e-02 2.610176812713302028e-02 4.503339919373876982e-02 7.803368678352334831e-02 1.346315755455901597e-01 2.292944993540509124e-01 3.822745201625280531e-01 6.188584003033956726e-01 9.654771319060924117e-01 1.441389498693057769e+00 2.046278172924321126e+00 2.747210414068624207e+00 3.471727435958826824e+00 4.114552654958309574e+00 4.560993207967098506e+00 4.721179346611600103e+00 4.560993207967102947e+00 4.114552654958313127e+00
5.576952023547510962e+00 4.705653074057493335e+00 3.723627320551583075e+00 2.773568879591122638e+00 1.953689928301051593e+00 1.308628202384029438e+00 8.388138145959314063e-01 5.181430006010374623e-01 3.107906325174599194e-01 1.824824958231031913e-01 1.057685157796704745e-01 6.103922535979505043e-02 3.537889067949157723e-02 2.077291782687073346e-02 1.245993531352824167e-02 7.696616529564799004e-03 4.933432015972838251e-03 3.304530661250108890e-03 2.327697111887881004e-03 1.733800865358896921e-03 1.371972852448215046e-03 1.157626646847086018e-03 1.044315476049163067e-03 1.008882620960727073e-03 1.044315476049163067e-03 1.157626646847086018e-03 1.371972852448218082e-03 1.733800865358896921e-03 2.327697111887891846e-03 3.304530661250127972e-03 4.933432015972846925e-03 7.696616529564819821e-03 1.245993531352828504e-02 2.077291782687080632e-02 3.537889067949188948e-02 6.103922535979532105e-02 1.057685157796709463e-01 1.824824958231040795e-01 3.107906325174602524e-01 5.181430006010400158e-01 8.388138145959351810e-01 1.308628202384030326e+00 1.953689928301058032e+00 2.773568879591123526e+00 3.723627320551591957e+00 4.705653074057503105e+00 5.576952023547512738e+00 6.182067027361042300e+00 6.409186720550809291e+00 6.182067027361039635e+00 4.114552654958307798e+00 3.471727435958825048e+00 2.747210414068623319e+00 2.046278172924320238e+00 1.441389498693060656e+00 9.654771319060918566e-01 6.188584003033951175e-01 3.822745201625276645e-01 2.292944993540506904e-01 1.346315755455899654e-01 7.803368678352327892e-02 4.503339919373857553e-02 2.610176812713290578e-02 1.532580230830339445e-02 9.192666479543303015e-03 5.678394549962915289e-03 3.639777734086586079e-03 2.438010108071343978e-03 1.717323780304791034e-03 1.279160179899419035e-03 1.012211422787298067e-03 8.540715023410460141e-04 7.704730104274539653e-04 7.443314285452169851e-04 7.704730104274539653e-04 8.540715023410460141e-04 1.012211422787300018e-03 1.279160179899419035e-03 1.717323780304799057e-03 2.438010108071356988e-03 3.639777734086592151e-03 5.678394549962930901e-03 9.192666479543335975e-03 1.532580230830344822e-02 2.610176812713313477e-02 4.503339919373876982e-02 7.803368678352362586e-02 1.346315755455906316e-01 2.292944993540509124e-01 3.822745201625295519e-01 6.188584003033978931e-01 9.654771319060924117e-01 1.441389498693065541e+00 2.046278172924321126e+00 2.747210414068629980e+00 3.471727435958832153e+00 4.114552654958309574e+00 4.560993207967102947e+00 4.721179346611600103e+00 4.560993207967101171e+00
6.182067027361039635e+00 5.576952023547510962e+00 4.705653074057493335e+00 3.723627320551590181e+00 2.773568879591122638e+00 1.953689928301051593e+00 1.308628202384029438e+00 8.388138145959314063e-01 5.181430006010374623e-01 3.107906325174599194e-01 1.824824958231031913e-01 1.057685157796704745e-01 6.103922535979527247e-02 3.537889067949157723e-02 2.077291782687073346e-02 1.245993531352824167e-02 7.696616529564799004e-03 4.933432015972838251e-03 3.304530661250114961e-03 2.327697111887887943e-03 1.733800865358896921e-03 1.371972852448215046e-03 1.157626646847086018e-03 1.044315476049163067e-03 1.008882620960727073e-03 1.044315476049163067e-03 1.157626646847086018e-03 1.371972852448215046e-03 1.733800865358896921e-03 2.327697111887891846e-03 3.304530661250114961e-03 4.933432015972846925e-03 7.696616529564833699e-03 1.245993531352828504e-02 2.077291782687080632e-02 3.537889067949172989e-02 6.103922535979532105e-02 1.057685157796709463e-01 1.824824958231034411e-01 3.107906325174602524e-01 5.181430006010400158e-01 8.388138145959321834e-01 1.308628202384034545e+00 1.953689928301053369e+00 2.773568879591123526e+00 3.723627320551591957e+00 4.705653074057495999e+00 5.576952023547518955e+00 6.182067027361039635e+00 6.409186720550809291e+00 4.560993207967101171e+00 4.114552654958307798e+00 3.471727435958825048e+00 2.747210414068628648e+00 2.046278172924320238e+00 1.441389498693060656e+00 9.654771319060918566e-01 6.188584003033951175e-01 3.822745201625276645e-01 2.292944993540506904e-01 1.346315755455899654e-01 7.803368678352327892e-02 4.503339919373873512e-02 2.610176812713290578e-02 1.532580230830339445e-02 9.192666479543303015e-03 5.678394549962915289e-03 3.639777734086586079e-03 2.438010108071349182e-03 1.717323780304796021e-03 1.279160179899419035e-03 1.012211422787298067e-03 8.540715023410460141e-04 7.704730104274539653e-04 7.443314285452169851e-04 7.704730104274539653e-04 8.540715023410460141e-04 1.012211422787298067e-03 1.279160179899419035e-03 1.717323780304799057e-03 2.438010108071349182e-03 3.639777734086592151e-03 5.678394549962941310e-03 9.192666479543335975e-03 1.532580230830344822e-02 2.610176812713302028e-02 4.503339919373876982e-02 7.803368678352362586e-02 1.346315755455901597e-01 2.292944993540509124e-01 3.822745201625295519e-01 6.188584003033956726e-01 9.654771319060955204e-01 1.441389498693061988e+00 2.046278172924321126e+00 2.747210414068629980e+00 3.471727435958826824e+00 4.114552654958313127e+00 4.560993207967101171e+00 4.721179346611600103e+00
4.721179346611600103e+00 4.560993207967102947e+00 4.114552654958309574e+00 3.471727435958829933e+00 2.747210414068628648e+00 2.046278172924321126e+00 1.441389498693062654e+00 9.654771319060937440e-01 6.188584003033968939e-01 3.822745201625292188e-01 2.292944993540509124e-01 1.346315755455902707e-01 7.803368678352350096e-02 4.503339919373870043e-02 2.610176812713299599e-02 1.532580230830342220e-02 9.192666479543311689e-03 5.678394549962915289e-03 3.639777734086592151e-03 2.438010108071353085e-03 1.717323780304796021e-03 1.279160179899419035e-03 1.012211422787298067e-03 8.540715023410460141e-04 7.704730104274539653e-04 7.443314285452169851e-04 7.704730104274539653e-04 8.540715023410460141e-04 1.012211422787298067e-03 1.279160179899419035e-03 1.717323780304791034e-03 2.438010108071349182e-03 3.639777734086595187e-03 5.678394549962936105e-03 9.192666479543327301e-03 1.532580230830339445e-02 2.610176812713299599e-02 4.503339919373873512e-02 7.803368678352327892e-02 1.346315755455899654e-01 2.292944993540506904e-01 3.822745201625276645e-01 6.188584003033973380e-01 9.654771319060918566e-01 1.441389498693060656e+00 2.046278172924320238e+00 2.747210414068623319e+00 3.471727435958829933e+00 4.114552654958307798e+00 4.560993207967101171e+00 3.543514014946008484e+00 3.413624486430925309e+00 3.079491034790500237e+00 2.598375670654713421e+00 2.056118987956701893e+00 1.531514071308386793e+00 1.078791890903978645e+00 7.226005890135307475e-01 4.631776660440894422e-01 2.861091001595840178e-01 1.716129101511597310e-01 1.007635008371441238e-01 5.840344236983532888e-02 3.370474525733472421e-02 1.953557717698011648e-02 1.147042577095666246e-02 6.880148677999993814e-03 4.249931055698500694e-03 2.724151041606566025e-03 1.824701468211110912e-03 1.285311825796705892e-03 9.573731669989230149e-04 7.575783476800849884e-04 6.392202883489300422e-04 5.766519296575710503e-04 5.570865543197250349e-04 5.766519296575710503e-04 6.392202883489300422e-04 7.575783476800849884e-04 9.573731669989230149e-04 1.285311825796703073e-03 1.824701468211108093e-03 2.724151041606569061e-03 4.249931055698516306e-03 6.880148678000006825e-03 1.147042577095664165e-02 1.953557717698011648e-02 3.370474525733475196e-02 5.840344236983516929e-02 1.007635008371439017e-01 1.716129101511595367e-01 2.861091001595828520e-01 4.631776660440898308e-01 7.226005890135294152e-01 1.078791890903977313e+00 1.531514071308386127e+00 2.056118987956697897e+00 2.598375670654713421e+00 3.079491034790499349e+00 3.413624486430923977e+00
4.560993207967102947e+00 4.721179346611600103e+00 4.560993207967102947e+00 4.114552654958309574e+00 3.471727435958828156e+00 2.747210414068628648e+00 2.046278172924321126e+00 1.441389498693062654e+00 9.654771319060931889e-01 6.188584003033968939e-01 3.822745201625292188e-01 2.292944993540509124e-01 1.346315755455902707e-01 7.803368678352343157e-02 4.503339919373870043e-02 2.610176812713302028e-02 1.532580230830339445e-02 9.192666479543311689e-03 5.678394549962930901e-03 3.639777734086602125e-03 2.438010108071353085e-03 1.717323780304796021e-03 1.279160179899419035e-03 1.012211422787300018e-03 8.540715023410460141e-04 7.704730104274539653e-04 7.443314285452169851e-04 7.704730104274539653e-04 8.540715023410460141e-04 1.012211422787298067e-03 1.279160179899417084e-03 1.717323780304791034e-03 2.438010108071350917e-03 3.639777734086595187e-03 5.678394549962936105e-03 9.192666479543303015e-03 1.532580230830339445e-02 2.610176812713299599e-02 4.503339919373857553e-02 7.803368678352327892e-02 1.346315755455899654e-01 2.292944993540497745e-01 3.822745201625292188e-01 6.188584003033951175e-01 9.654771319060918566e-01 1.441389498693060656e+00 2.046278172924315353e+00 2.747210414068628648e+00 3.471727435958825048e+00 4.114552654958307798e+00 3.413624486430925309e+00 3.543514014946008484e+00 3.413624486430925309e+00 3.079491034790500237e+00 2.598375670654712088e+00 2.056118987956701893e+00 1.531514071308386793e+00 1.078791890903978645e+00 7.226005890135303034e-01 4.631776660440894422e-01 2.861091001595840178e-01 1.716129101511597310e-01 1.007635008371441238e-01 5.840344236983528031e-02 3.370474525733472421e-02 1.953557717698013729e-02 1.147042577095664165e-02 6.880148677999993814e-03 4.249931055698511970e-03 2.724151041606573832e-03 1.824701468211110912e-03 1.285311825796705892e-03 9.573731669989230149e-04 7.575783476800859641e-04 6.392202883489300422e-04 5.766519296575710503e-04 5.570865543197250349e-04 5.766519296575710503e-04 6.392202883489300422e-04 7.575783476800849884e-04 9.573731669989209549e-04 1.285311825796703073e-03 1.824701468211108960e-03 2.724151041606569061e-03 4.249931055698516306e-03 6.880148677999987743e-03 1.147042577095664165e-02 1.953557717698011648e-02 3.370474525733463400e-02 5.840344236983516929e-02 1.007635008371439017e-01 1.716129101511588706e-01 2.861091001595840178e-01 4.631776660440881654e-01 7.226005890135294152e-01 1.078791890903977313e+00 1.531514071308382352e+00 2.056118987956701893e+00 2.598375670654709868e+00 3.079491034790499349e+00
4.114552654958309574e+00 4.560993207967102947e+00 4.721179346611600103e+00 4.560993207967102947e+00 4.114552654958309574e+00 3.471727435958829933e+00 2.747210414068628648e+00 2.046278172924321126e+00 1.441389498693062654e+00 9.654771319060937440e-01 6.188584003033968939e-01 3.822745201625295519e-01 2.292944993540509124e-01 1.346315755455901597e-01 7.803368678352350096e-02 4.503339919373876982e-02 2.610176812713297517e-02 1.532580230830336669e-02 9.192666479543311689e-03 5.678394549962930901e-03 3.639777734086592151e-03 2.438010108071349182e-03 1.717323780304796021e-03 1.279160179899419035e-03 1.012211422787298067e-03 8.540715023410460141e-04 7.704730104274539653e-04 7.443314285452169851e-04 7.704730104274539653e-04 8.540715023410460141e-04 1.012211422787298067e-03 1.279160179899419035e-03 1.717323780304797973e-03 2.438010108071353085e-03 3.639777734086595187e-03 5.678394549962915289e-03 9.192666479543303015e-03 1.532580230830339445e-02 2.610176812713290578e-02 4.503339919373857553e-02 7.803368678352327892e-02 1.346315755455894658e-01 2.292944993540506904e-01 3.822745201625276645e-01 6.188584003033951175e-01 9.654771319060918566e-01 1.441389498693057325e+00 2.046278172924320238e+00 2.747210414068623319e+00 3.471727435958825048e+00 3.079491034790500237e+00 3.413624486430925309e+00 3.543514014946008484e+00 3.413624486430925309e+00 3.079491034790500237e+00 2.598375670654713421e+00 2.056118987956701893e+00 1.531514071308386793e+00 1.078791890903978645e+00 7.226005890135307475e-01 4.631776660440894422e-01 2.861091001595842398e-01 1.716129101511597310e-01 1.007635008371440405e-01 5.840344236983532888e-02 3.370474525733477972e-02 1.953557717698010260e-02 1.147042577095662083e-02 6.880148677999993814e-03 4.249931055698511970e-03 2.724151041606566025e-03 1.824701468211108093e-03 1.285311825796705892e-03 9.573731669989230149e-04 7.575783476800849884e-04 6.392202883489300422e-04 5.766519296575710503e-04 5.570865543197250349e-04 5.766519296575710503e-04 6.392202883489300422e-04 7.575783476800849884e-04 9.573731669989230149e-04 1.285311825796706976e-03 1.824701468211110912e-03 2.724151041606569061e-03 4.249931055698500694e-03 6.880148677999987743e-03 1.147042577095664165e-02 1.953557717698005056e-02 3.370474525733463400e-02 5.840344236983516929e-02 1.007635008371435409e-01 1.716129101511595367e-01 2.861091001595828520e-01 4.631776660440881654e-01 7.226005890135294152e-01 1.078791890903974648e+00 1.531514071308386127e+00 2.056118987956697897e+00 2.598375670654709868e+00
3.471727435958829933e+00 4.114552654958309574e+00 4.560993207967102947e+00 4.721179346611600103e+00 4.560993207967102947e+00 4.114552654958309574e+00 3.471727435958829933e+00 2.747210414068628648e+00 2.046278172924320238e+00 1.441389498693062654e+00 9.654771319060937440e-01 6.188584003033968939e-01 3.822745201625295519e-01 2.292944993540509124e-01 1.346315755455901597e-01 7.803368678352350096e-02 4.503339919373870043e-02 2.610176812713297517e-02 1.532580230830339445e-02 9.192666479543318628e-03 5.678394549962930901e-03 3.639777734086592151e-03 2.438010108071353085e-03 1.717323780304799057e-03 1.279160179899419035e-03 1.012211422787298067e-03 8.540715023410460141e-04 7.704730104274539653e-04 7.443314285452169851e-04 7.704730104274539653e-04 8.540715023410460141e-04 1.012211422787298067e-03 1.279160179899419035e-03 1.717323780304797973e-03 2.438010108071353085e-03 3.639777734086595187e-03 5.678394549962936105e-03 9.192666479543327301e-03 1.532580230830339445e-02 2.610176812713299599e-02 4.503339919373873512e-02 7.803368678352327892e-02 1.346315755455905205e-01 2.292944993540506904e-01 3.822745201625292188e-01 6.188584003033973380e-01 9.654771319060918566e-01 1.441389498693064875e+00 2.046278172924320238e+00 2.747210414068628648e+00 2.598375670654713421e+00 3.079491034790500237e+00 3.413624486430925309e+00 3.543514014946008484e+00 3.413624486430925309e+00 3.079491034790500237e+00 2.598375670654713421e+00 2.056118987956701893e+00 1.531514071308386127e+00 1.078791890903978645e+00 7.226005890135307475e-01 4.631776660440894422e-01 2.861091001595842398e-01 1.716129101511597310e-01 1.007635008371440405e-01 5.840344236983532888e-02 3.370474525733472421e-02 1.953557717698010260e-02 1.147042577095664165e-02 6.880148678000000753e-03 4.249931055698511970e-03 2.724151041606566025e-03 1.824701468211110912e-03 1.285311825796708928e-03 9.573731669989230149e-04 7.575783476800849884e-04 6.392202883489300422e-04 5.766519296575710503e-04 5.570865543197250349e-04 5.766519296575710503e-04 6.392202883489300422e-04 7.575783476800849884e-04 9.573731669989230149e-04 1.285311825796706976e-03 1.824701468211110912e-03 2.724151041606569061e-03 4.249931055698516306e-03 6.880148678000006825e-03 1.147042577095664165e-02 1.953557717698011648e-02 3.370474525733475196e-02 5.840344236983516929e-02 1.007635008371443042e-01 1.716129101511595367e-01 2.861091001595840178e-01 4.631776660440898308e-01 7.226005890135294152e-01 1.078791890903980422e+00 1.531514071308386127e+00 2.056118987956701893e+00
2.747210414068628648e+00 3.471727435958828156e+00 4.114552654958309574e+00 4.560993207967102947e+00 4.721179346611600103e+00 4.560993207967102947e+00 4.114552654958311351e+00 3.471727435958829933e+00 2.747210414068628648e+00 2.046278172924321126e+00 1.441389498693062654e+00 9.654771319060941881e-01 6.188584003033973380e-01 3.822745201625292188e-01 2.292944993540509124e-01 1.346315755455903818e-01 7.803368678352343157e-02 4.503339919373865879e-02 2.610176812713299599e-02 1.532580230830342220e-02 9.192666479543311689e-03 5.678394549962915289e-03 3.639777734086602125e-03 2.438010108071353085e-03 1.717323780304796021e-03 1.279160179899419035e-03 1.012211422787298067e-03 8.540715023410460141e-04 7.704730104274539653e-04 7.443314285452169851e-04 7.704730104274539653e-04 8.540715023410460141e-04 1.012211422787298067e-03 1.279160179899419035e-03 1.717323780304799057e-03 2.438010108071350917e-03 3.639777734086595187e-03 5.678394549962936105e-03 9.192666479543303015e-03 1.532580230830339445e-02 2.610176812713299599e-02 4.503339919373857553e-02 7.803368678352355647e-02 1.346315755455899654e-01 2.292944993540506904e-01 3.822745201625292188e-01 6.188584003033951175e-01 9.654771319060947432e-01 1.441389498693060656e+00 2.046278172924320238e+00 2.056118987956701893e+00 2.598375670654712088e+00 3.079491034790500237e+00 3.413624486430925309e+00 3.543514014946008484e+00 3.413624486430925309e+00 3.079491034790502013e+00 2.598375670654713421e+00 2.056118987956701893e+00 1.531514071308386793e+00 1.078791890903978645e+00 7.226005890135310805e-01 4.631776660440898308e-01 2.861091001595840178e-01 1.716129101511597310e-01 1.007635008371442070e-01 5.840344236983528031e-02 3.370474525733468951e-02 1.953557717698011648e-02 1.147042577095666246e-02 6.880148677999993814e-03 4.249931055698500694e-03 2.724151041606573832e-03 1.824701468211110912e-03 1.285311825796705892e-03 9.573731669989230149e-04 7.575783476800849884e-04 6.392202883489300422e-04 5.766519296575710503e-04 5.570865543197250349e-04 5.766519296575710503e-04 6.392202883489300422e-04 7.575783476800849884e-04 9.573731669989230149e-04 1.285311825796708928e-03 1.824701468211108960e-03 2.724151041606569061e-03 4.249931055698516306e-03 6.880148677999987743e-03 1.147042577095664165e-02 1.953557717698011648e-02 3.370474525733463400e-02 5.840344236983537746e-02 1.007635008371439017e-01 1.716129101511595367e-01 2.861091001595840178e-01 4.631776660440881654e-01 7.226005890135315246e-01 1.078791890903977313e+00 1.531514071308386127e+00
2.046278172924321126e+00 2.747210414068628648e+00 3.471727435958829933e+00 4.114552654958309574e+00 4.560993207967102947e+00 4.721179346611600103e+00 4.560993207967102947e+00 4.114552654958309574e+00 3.471727435958828156e+00 2.747210414068628648e+00 2.046278172924321126e+00 1.441389498693062654e+00 9.654771319060941881e-01 6.188584003033968939e-01 3.822745201625292188e-01 2.292944993540511345e-01 1.346315755455901597e-01 7.803368678352334831e-02 4.503339919373870043e-02 2.610176812713302028e-02 1.532580230830339445e-02 9.192666479543311689e-03 5.678394549962930901e-03 3.639777734086602125e-03 2.438010108071353085e-03 1.717323780304796021e-03 1.279160179899419035e-03 1.012211422787298067e-03 8.540715023410460141e-04 7.704730104274539653e-04 7.443314285452169851e-04 7.704730104274539653e-04 8.540715023410460141e-04 1.012211422787298067e-03 1.279160179899419035e-03 1.717323780304796021e-03 2.438010108071350917e-03 3.639777734086595187e-03 5.678394549962915289e-03 9.192666479543303015e-03 1.532580230830339445e-02 2.610176812713290578e-02 4.503339919373873512e-02 7.803368678352327892e-02 1.346315755455899654e-01 2.292944993540506904e-01 3.822745201625276645e-01 6.188584003033973380e-01 9.654771319060918566e-01 1.441389498693060656e+00 1.531514071308386793e+00 2.056118987956701893e+00 2.598375670654713421e+00 3.079491034790500237e+00 3.413624486430925309e+00 3.543514014946008484e+00 3.413624486430925309e+00 3.079491034790500237e+00 2.598375670654712088e+00 2.056118987956701893e+00 1.531514071308386793e+00 1.078791890903978645e+00 7.226005890135310805e-01 4.631776660440894422e-01 2.861091001595840178e-01 1.716129101511598698e-01 1.007635008371440405e-01 5.840344236983521786e-02 3.370474525733472421e-02 1.953557717698013729e-02 1.147042577095664165e-02 6.880148677999993814e-03 4.249931055698511970e-03 2.724151041606573832e-03 1.824701468211110912e-03 1.285311825796705892e-03 9.573731669989230149e-04 7.575783476800849884e-04 6.392202883489300422e-04 5.766519296575710503e-04 5.570865543197250349e-04 5.766519296575710503e-04 6.392202883489300422e-04 7.575783476800849884e-04 9.573731669989230149e-04 1.285311825796705892e-03 1.824701468211108960e-03 2.724151041606569061e-03 4.249931055698500694e-03 6.880148677999987743e-03 1.147042577095664165e-02 1.953557717698005056e-02 3.370474525733475196e-02 5.840344236983516929e-02 1.007635008371439017e-01 1.716129101511595367e-01 2.861091001595828520e-01 4.631776660440898308e-01 7.226005890135294152e-01 1.078791890903977313e+00
1.441389498693062654e+00 2.046278172924321126e+00 2.747210414068628648e+00 3.471727435958829933e+00 4.114552654958311351e+00 4.560993207967102947e+00 4.721179346611600103e+00 4.560993207967102947e+00 4.114552654958309574e+00 3.471727435958828156e+00 2.747210414068628648e+00 2.046278172924321126e+00 1.441389498693062654e+00 9.654771319060931889e-01 6.188584003033968939e-01 3.822745201625295519e-01 2.292944993540506904e-01 1.346315755455899654e-01 7.803368678352343157e-02 4.503339919373873512e-02 2.610176812713299599e-02 1.532580230830339445e-02 9.192666479543311689e-03 5.678394549962941310e-03 3.639777734086602125e-03 2.438010108071353085e-03 1.717323780304796021e-03 1.279160179899419035e-03 1.012211422787298067e-03 8.540715023410460141e-04 7.704730104274539653e-04 7.443314285452169851e-04 7.704730104274539653e-04 8.540715023410460141e-04 1.012211422787298067e-03 1.279160179899419035e-03 1.717323780304796021e-03 2.438010108071350917e-03 3.639777734086586079e-03 5.678394549962915289e-03 9.192666479543303015e-03 1.532580230830333894e-02 2.610176812713299599e-02 4.503339919373857553e-02 7.803368678352327892e-02 1.346315755455899654e-01 2.292944993540497745e-01 3.822745201625292188e-01 6.188584003033951175e-01 9.654771319060918566e-01 1.078791890903978645e+00 1.531514071308386793e+00 2.056118987956701893e+00 2.598375670654713421e+00 3.079491034790502013e+00 3.413624486430925309e+00 3.543514014946008484e+00 3.413624486430925309e+00 3.079491034790500237e+00 2.598375670654712088e+00 2.056118987956701893e+00 1.531514071308386793e+00 1.078791890903978645e+00 7.226005890135303034e-01 4.631776660440894422e-01 2.861091001595842398e-01 1.716129101511595367e-01 1.007635008371439017e-01 5.840344236983528031e-02 3.370474525733475196e-02 1.953557717698011648e-02 1.147042577095664165e-02 6.880148677999993814e-03 4.249931055698519776e-03 2.724151041606573832e-03 1.824701468211110912e-03 1.285311825796705892e-03 9.573731669989230149e-04 7.575783476800849884e-04 6.392202883489300422e-04 5.766519296575710503e-04 5.570865543197250349e-04 5.766519296575710503e-04 6.392202883489300422e-04 7.575783476800849884e-04 9.573731669989230149e-04 1.285311825796705892e-03 1.824701468211108960e-03 2.724151041606562122e-03 4.249931055698500694e-03 6.880148677999987743e-03 1.147042577095660001e-02 1.953557717698011648e-02 3.370474525733463400e-02 5.840344236983516929e-02 1.007635008371439017e-01 1.716129101511588706e-01 2.861091001595840178e-01 4.631776660440881654e-01 7.226005890135294152e-01
9.654771319060937440e-01 1.441389498693062654e+00 2.046278172924321126e+00 2.747210414068628648e+00 3.471727435958829933e+00 4.114552654958309574e+00 4.560993207967102947e+00 4.721179346611600103e+00 4.560993207967102947e+00 4.114552654958309574e+00 3.471727435958829933e+00 2.747210414068628648e+00 2.046278172924321126e+00 1.441389498693062654e+00 9.654771319060937440e-01 6.188584003033978931e-01 3.822745201625287192e-01 2.292944993540504128e-01 1.346315755455901597e-01 7.803368678352350096e-02 4.503339919373870043e-02 2.610176812713297517e-02 1.532580230830339445e-02 9.192666479543318628e-03 5.678394549962930901e-03 3.639777734086592151e-03 2.438010108071349182e-03 1.717323780304796021e-03 1.279160179899419035e-03 1.012211422787298067e-03 8.540715023410460141e-04 7.704730104274539653e-04 7.443314285452169851e-04 7.704730104274539653e-04 8.540715023410460141e-04 1.012211422787298067e-03 1.279160179899419035e-03 1.717323780304797973e-03 2.438010108071349182e-03 3.639777734086586079e-03 5.678394549962915289e-03 9.192666479543263117e-03 1.532580230830339445e-02 2.610176812713290578e-02 4.503339919373857553e-02 7.803368678352327892e-02 1.346315755455894658e-01 2.292944993540506904e-01 3.822745201625276645e-01 6.188584003033951175e-01 7.226005890135307475e-01 1.078791890903978645e+00 1.531514071308386793e+00 2.056118987956701893e+00 2.598375670654713421e+00 3.079491034790500237e+00 3.413624486430925309e+00 3.543514014946008484e+00 3.413624486430925309e+00 3.079491034790500237e+00 2.598375670654713421e+00 2.056118987956701893e+00 1.531514071308386793e+00 1.078791890903978645e+00 7.226005890135307475e-01 4.631776660440902194e-01 2.861091001595836292e-01 1.716129101511593147e-01 1.007635008371440405e-01 5.840344236983532888e-02 3.370474525733472421e-02 1.953557717698010260e-02 1.147042577095664165e-02 6.880148678000000753e-03 4.249931055698511970e-03 2.724151041606566025e-03 1.824701468211108093e-03 1.285311825796705892e-03 9.573731669989230149e-04 7.575783476800849884e-04 6.392202883489300422e-04 5.766519296575710503e-04 5.570865543197250349e-04 5.766519296575710503e-04 6.392202883489300422e-04 7.575783476800849884e-04 9.573731669989230149e-04 1.285311825796706976e-03 1.824701468211108093e-03 2.724151041606562122e-03 4.249931055698500694e-03 6.880148677999958252e-03 1.147042577095664165e-02 1.953557717698005056e-02 3.370474525733463400e-02 5.840344236983516929e-02 1.007635008371435409e-01 1.716129101511595367e-01 2.861091001595828520e-01 4.631776660440881654e-01
6.188584003033968939e-01 9.654771319060931889e-01 1.441389498693062654e+00 2.046278172924320238e+00 2.747210414068628648e+00 3.471727435958828156e+00 4.114552654958309574e+00 4.560993207967102947e+00 4.721179346611600103e+00 4.560993207967102947e+00 4.114552654958311351e+00 3.471727435958829933e+00 2.747210414068629980e+00 2.046278172924321126e+00 1.441389498693062654e+00 9.654771319060947432e-01 6.188584003033968939e-01 3.822745201625287192e-01 2.292944993540509124e-01 1.346315755455903818e-01 7.803368678352350096e-02 4.503339919373870043e-02 2.610176812713302028e-02 1.532580230830342220e-02 9.192666479543318628e-03 5.678394549962930901e-03 3.639777734086592151e-03 2.438010108071353085e-03 1.717323780304796021e-03 1.279160179899419035e-03 1.012211422787300018e-03 8.540715023410460141e-04 7.704730104274539653e-04 7.443314285452169851e-04 7.704730104274539653e-04 8.540715023410460141e-04 1.012211422787298067e-03 1.279160179899419035e-03 1.717323780304791034e-03 2.438010108071349182e-03 3.639777734086595187e-03 5.678394549962915289e-03 9.192666479543327301e-03 1.532580230830339445e-02 2.610176812713290578e-02 4.503339919373873512e-02 7.803368678352327892e-02 1.346315755455905205e-01 2.292944993540506904e-01 3.822745201625276645e-01 4.631776660440894422e-01 7.226005890135303034e-01 1.078791890903978645e+00 1.531514071308386127e+00 2.056118987956701893e+00 2.598375670654712088e+00 3.079491034790500237e+00 3.413624486430925309e+00 3.543514014946008484e+00 3.413624486430925309e+00 3.079491034790502013e+00 2.598375670654713421e+00 2.056118987956703226e+00 1.531514071308386793e+00 1.078791890903978645e+00 7.226005890135315246e-01 4.631776660440894422e-01 2.861091001595836292e-01 1.716129101511597310e-01 1.007635008371442070e-01 5.840344236983532888e-02 3.370474525733472421e-02 1.953557717698013729e-02 1.147042577095666246e-02 6.880148678000000753e-03 4.249931055698511970e-03 2.724151041606566025e-03 1.824701468211110912e-03 1.285311825796705892e-03 9.573731669989230149e-04 7.575783476800859641e-04 6.392202883489300422e-04 5.766519296575710503e-04 5.570865543197250349e-04 5.766519296575710503e-04 6.392202883489300422e-04 7.575783476800849884e-04 9.573731669989230149e-04 1.285311825796703073e-03 1.824701468211108093e-03 2.724151041606569061e-03 4.249931055698500694e-03 6.880148678000006825e-03 1.147042577095664165e-02 1.953557717698005056e-02 3.370474525733475196e-02 5.840344236983516929e-02 1.007635008371443042e-01 1.716129101511595367e-01 2.861091001595828520e-01
3.822745201625292188e-01 6.188584003033968939e-01 9.654771319060937440e-01 1.441389498693062654e+00 2.046278172924321126e+00 2.747210414068628648e+00 3.471727435958828156e+00 4.114552654958309574e+00 4.560993207967102947e+00 4.721179346611600103e+00 4.560993207967102947e+00 4.114552654958311351e+00 3.471727435958829933e+00 2.747210414068628648e+00 2.046278172924321126e+00 1.441389498693064430e+00 9.654771319060931889e-01 6.188584003033965608e-01 3.822745201625292188e-01 2.292944993540511345e-01 1.346315755455902707e-01 7.803368678352343157e-02 4.503339919373873512e-02 2.610176812713304456e-02 1.532580230830342220e-02 9.192666479543311689e-03 5.678394549962915289e-03 3.639777734086602125e-03 2.438010108071353085e-03 1.717323780304796021e-03 1.279160179899420987e-03 1.012211422787300018e-03 8.540715023410460141e-04 7.704730104274539653e-04 7.443314285452169851e-04 7.704730104274539653e-04 8.540715023410460141e-04 1.012211422787298067e-03 1.279160179899419035e-03 1.717323780304796021e-03 2.438010108071350917e-03 3.639777734086586079e-03 5.678394549962936105e-03 9.192666479543303015e-03 1.532580230830339445e-02 2.610176812713299599e-02 4.503339919373857553e-02 7.803368678352355647e-02 1.346315755455899654e-01 2.292944993540506904e-01 2.861091001595840178e-01 4.631776660440894422e-01 7.226005890135307475e-01 1.078791890903978645e+00 1.531514071308386793e+00 2.056118987956701893e+00 2.598375670654712088e+00 3.079491034790500237e+00 3.413624486430925309e+00 3.543514014946008484e+00 3.413624486430925309e+00 3.079491034790502013e+00 2.598375670654713421e+00 2.056118987956701893e+00 1.531514071308386793e+00 1.078791890903979978e+00 7.226005890135303034e-01 4.631776660440892202e-01 2.861091001595840178e-01 1.716129101511598698e-01 1.007635008371441238e-01 5.840344236983528031e-02 3.370474525733475196e-02 1.953557717698015464e-02 1.147042577095666246e-02 6.880148677999993814e-03 4.249931055698500694e-03 2.724151041606573832e-03 1.824701468211110912e-03 1.285311825796705892e-03 9.573731669989249665e-04 7.575783476800859641e-04 6.392202883489300422e-04 5.766519296575710503e-04 5.570865543197250349e-04 5.766519296575710503e-04 6.392202883489300422e-04 7.575783476800849884e-04 9.573731669989230149e-04 1.285311825796705892e-03 1.824701468211108960e-03 2.724151041606562122e-03 4.249931055698516306e-03 6.880148677999987743e-03 1.147042577095664165e-02 1.953557717698011648e-02 3.370474525733463400e-02 5.840344236983537746e-02 1.007635008371439017e-01 1.716129101511595367e-01
2.292944993540509124e-01 3.822745201625292188e-01 6.188584003033968939e-01 9.654771319060937440e-01 1.441389498693062654e+00 2.046278172924321126e+00 2.747210414068628648e+00 3.471727435958829933e+00 4.114552654958311351e+00 4.560993207967102947e+00 4.721179346611600103e+00 4.560993207967102947e+00 4.114552654958311351e+00 3.471727435958828156e+00 2.747210414068628648e+00 2.046278172924322014e+00 1.441389498693061988e+00 9.654771319060924117e-01 6.188584003033968939e-01 3.822745201625295519e-01 2.292944993540509124e-01 1.346315755455901597e-01 7.803368678352350096e-02 4.503339919373876982e-02 2.610176812713302028e-02 1.532580230830339445e-02 9.192666479543311689e-03 5.678394549962930901e-03 3.639777734086592151e-03 2.438010108071349182e-03 1.717323780304799057e-03 1.279160179899419035e-03 1.012211422787298067e-03 8.540715023410460141e-04 7.704730104274539653e-04 7.443314285452169851e-04 7.704730104274539653e-04 8.540715023410460141e-04 1.012211422787298067e-03 1.279160179899419035e-03 1.717323780304796021e-03 2.438010108071343978e-03 3.639777734086595187e-03 5.678394549962915289e-03 9.192666479543303015e-03 1.532580230830339445e-02 2.610176812713290578e-02 4.503339919373873512e-02 7.803368678352327892e-02 1.346315755455899654e-01 1.716129101511597310e-01 2.861091001595840178e-01 4.631776660440894422e-01 7.226005890135307475e-01 1.078791890903978645e+00 1.531514071308386793e+00 2.056118987956701893e+00 2.598375670654713421e+00 3.079491034790502013e+00 3.413624486430925309e+00 3.543514014946008484e+00 3.413624486430925309e+00 3.079491034790502013e+00 2.598375670654712088e+00 2.056118987956701893e+00 1.531514071308387459e+00 1.078791890903978201e+00 7.226005890135297483e-01 4.631776660440894422e-01 2.861091001595842398e-01 1.716129101511597310e-01 1.007635008371440405e-01 5.840344236983532888e-02 3.370474525733477972e-02 1.953557717698013729e-02 1.147042577095664165e-02 6.880148677999993814e-03 4.249931055698511970e-03 2.724151041606566025e-03 1.824701468211108093e-03 1.285311825796708928e-03 9.573731669989230149e-04 7.575783476800849884e-04 6.392202883489300422e-04 5.766519296575710503e-04 5.570865543197250349e-04 5.766519296575710503e-04 6.392202883489300422e-04 7.575783476800849884e-04 9.573731669989230149e-04 1.285311825796705892e-03 1.824701468211103973e-03 2.724151041606569061e-03 4.249931055698500694e-03 6.880148677999987743e-03 1.147042577095664165e-02 1.953557717698005056e-02 3.370474525733475196e-02 5.840344236983516929e-02 1.007635008371439017e-01
1.346315755455902707e-01 2.292944993540509124e-01 3.822745201625295519e-01 6.188584003033968939e-01 9.654771319060941881e-01 1.441389498693062654e+00 2.046278172924321126e+00 2.747210414068628648e+00 3.471727435958829933e+00 4.114552654958311351e+00 4.560993207967102947e+00 4.721179346611600103e+00 4.560993207967102947e+00 4.114552654958309574e+00 3.471727435958828156e+00 2.747210414068629980e+00 2.046278172924320238e+00 1.441389498693060656e+00 9.654771319060931889e-01 6.188584003033973380e-01 3.822745201625292188e-01 2.292944993540506904e-01 1.346315755455902707e-01 7.803368678352355647e-02 4.503339919373873512e-02 2.610176812713299599e-02 1.532580230830339445e-02 9.192666479543311689e-03 5.678394549962915289e-03 3.639777734086586079e-03 2.438010108071353085e-03 1.717323780304796021e-03 1.279160179899419035e-03 1.012211422787298067e-03 8.540715023410460141e-04 7.704730104274539653e-04 7.443314285452169851e-04 7.704730104274539653e-04 8.540715023410460141e-04 1.012211422787298067e-03 1.279160179899419035e-03 1.717323780304791034e-03 2.438010108071350917e-03 3.639777734086586079e-03 5.678394549962915289e-03 9.192666479543303015e-03 1.532580230830333894e-02 2.610176812713299599e-02 4.503339919373857553e-02 7.803368678352327892e-02 1.007635008371441238e-01 1.716129101511597310e-01 2.861091001595842398e-01 4.631776660440894422e-01 7.226005890135310805e-01 1.078791890903978645e+00 1.531514071308386793e+00 2.056118987956701893e+00 2.598375670654713421e+00 3.079491034790502013e+00 3.413624486430925309e+00 3.543514014946008484e+00 3.413624486430925309e+00 3.079491034790500237e+00 2.598375670654712088e+00 2.056118987956703226e+00 1.531514071308386127e+00 1.078791890903977313e+00 7.226005890135303034e-01 4.631776660440898308e-01 2.861091001595840178e-01 1.716129101511595367e-01 1.007635008371441238e-01 5.840344236983537746e-02 3.370474525733475196e-02 1.953557717698011648e-02 1.147042577095664165e-02 6.880148677999993814e-03 4.249931055698500694e-03 2.724151041606562122e-03 1.824701468211110912e-03 1.285311825796705892e-03 9.573731669989230149e-04 7.575783476800849884e-04 6.392202883489300422e-04 5.766519296575710503e-04 5.570865543197250349e-04 5.766519296575710503e-04 6.392202883489300422e-04 7.575783476800849884e-04 9.573731669989230149e-04 1.285311825796703073e-03 1.824701468211108960e-03 2.724151041606562122e-03 4.249931055698500694e-03 6.880148677999987743e-03 1.147042577095660001e-02 1.953557717698011648e-02 3.370474525733463400e-02 5.840344236983516929e-02
7.803368678352350096e-02 1.346315755455902707e-01 2.292944993540509124e-01 3.822745201625295519e-01 6.188584003033973380e-01 9.654771319060941881e-01 1.441389498693062654e+00 2.046278172924321126e+00 2.747210414068629980e+00 3.471727435958829933e+00 4.114552654958311351e+00 4.560993207967102947e+00 4.721179346611600103e+00 4.560993207967101171e+00 4.114552654958309574e+00 3.471727435958829933e+00 2.747210414068626871e+00 2.046278172924319350e+00 1.441389498693061988e+00 9.654771319060941881e-01 6.188584003033968939e-01 3.822745201625287192e-01 2.292944993540509124e-01 1.346315755455903818e-01 7.803368678352350096e-02 4.503339919373870043e-02 2.610176812713297517e-02 1.532580230830339445e-02 9.192666479543311689e-03 5.678394549962915289e-03 3.639777734086602125e-03 2.438010108071353085e-03 1.717323780304794070e-03 1.279160179899417084e-03 1.012211422787295898e-03 8.540715023410460141e-04 7.704730104274539653e-04 7.443314285452169851e-04 7.704730104274539653e-04 8.540715023410460141e-04 1.012211422787298067e-03 1.279160179899417084e-03 1.717323780304797973e-03 2.438010108071349182e-03 3.639777734086595187e-03 5.678394549962915289e-03 9.192666479543263117e-03 1.532580230830339445e-02 2.610176812713290578e-02 4.503339919373873512e-02 5.840344236983532888e-02 1.007635008371441238e-01 1.716129101511597310e-01 2.861091001595842398e-01 4.631776660440898308e-01 7.226005890135310805e-01 1.078791890903978645e+00 1.531514071308386793e+00 2.056118987956703226e+00 2.598375670654713421e+00 3.079491034790502013e+00 3.413624486430925309e+00 3.543514014946008484e+00 3.413624486430923977e+00 3.079491034790500237e+00 2.598375670654713421e+00 2.056118987956701005e+00 1.531514071308385239e+00 1.078791890903978201e+00 7.226005890135310805e-01 4.631776660440894422e-01 2.861091001595836292e-01 1.716129101511597310e-01 1.007635008371442070e-01 5.840344236983532888e-02 3.370474525733472421e-02 1.953557717698010260e-02 1.147042577095664165e-02 6.880148677999993814e-03 4.249931055698500694e-03 2.724151041606573832e-03 1.824701468211110912e-03 1.285311825796705025e-03 9.573731669989209549e-04 7.575783476800830368e-04 6.392202883489300422e-04 5.766519296575710503e-04 5.570865543197250349e-04 5.766519296575710503e-04 6.392202883489300422e-04 7.575783476800849884e-04 9.573731669989209549e-04 1.285311825796706976e-03 1.824701468211108093e-03 2.724151041606569061e-03 4.249931055698500694e-03 6.880148677999958252e-03 1.147042577095664165e-02 1.953557717698005056e-02 3.370474525733475196e-02
4.503339919373870043e-02 7.803368678352343157e-02 1.346315755455901597e-01 2.292944993540509124e-01 3.822745201625292188e-01 6.188584003033968939e-01 9.654771319060931889e-01 1.441389498693062654e+00 2.046278172924321126e+00 2.747210414068628648e+00 3.471727435958828156e+00 4.114552654958309574e+00 4.560993207967101171e+00 4.721179346611600103e+00 4.560993207967102947e+00 4.114552654958311351e+00 3.471727435958828156e+00 2.747210414068626871e+00 2.046278172924321126e+00 1.441389498693064430e+00 9.654771319060941881e-01 6.188584003033968939e-01 3.822745201625295519e-01 2.292944993540513288e-01 1.346315755455903818e-01 7.803368678352350096e-02 4.503339919373870043e-02 2.610176812713302028e-02 1.532580230830339445e-02 9.192666479543311689e-03 5.678394549962941310e-03 3.639777734086602125e-03 2.438010108071349182e-03 1.717323780304794070e-03 1.279160179899417084e-03 1.012211422787298067e-03 8.540715023410460141e-04 7.704730104274539653e-04 7.443314285452169851e-04 7.704730104274539653e-04 8.540715023410460141e-04 1.012211422787295898e-03 1.279160179899419035e-03 1.717323780304791034e-03 2.438010108071349182e-03 3.639777734086595187e-03 5.678394549962915289e-03 9.192666479543327301e-03 1.532580230830339445e-02 2.610176812713290578e-02 3.370474525733472421e-02 5.840344236983528031e-02 1.007635008371440405e-01 1.716129101511597310e-01 2.861091001595840178e-01 4.631776660440894422e-01 7.226005890135303034e-01 1.078791890903978645e+00 1.531514071308386793e+00 2.056118987956701893e+00 2.598375670654712088e+00 3.079491034790500237e+00 3.413624486430923977e+00 3.543514014946008484e+00 3.413624486430925309e+00 3.079491034790502013e+00 2.598375670654712088e+00 2.056118987956701005e+00 1.531514071308386793e+00 1.078791890903979978e+00 7.226005890135310805e-01 4.631776660440894422e-01 2.861091001595842398e-01 1.716129101511600086e-01 1.007635008371442070e-01 5.840344236983532888e-02 3.370474525733472421e-02 1.953557717698013729e-02 1.147042577095664165e-02 6.880148677999993814e-03 4.249931055698519776e-03 2.724151041606573832e-03 1.824701468211108093e-03 1.285311825796705025e-03 9.573731669989209549e-04 7.575783476800849884e-04 6.392202883489300422e-04 5.766519296575710503e-04 5.570865543197250349e-04 5.766519296575710503e-04 6.392202883489300422e-04 7.575783476800830368e-04 9.573731669989230149e-04 1.285311825796703073e-03 1.824701468211108093e-03 2.724151041606569061e-03 4.249931055698500694e-03 6.880148678000006825e-03 1.147042577095664165e-02 1.953557717698005056e-02
2.610176812713299599e-02 4.503339919373870043e-02 7.803368678352350096e-02 1.346315755455901597e-01 2.292944993540509124e-01 3.822745201625292188e-01 6.188584003033968939e-01 9.654771319060937440e-01 1.441389498693062654e+00 2.046278172924321126e+00 2.747210414068628648e+00 3.471727435958828156e+00 4.114552654958309574e+00 4.560993207967102947e+00 4.721179346611600103e+00 4.560993207967102947e+00 4.114552654958309574e+00 3.471727435958828156e+00 2.747210414068628648e+00 2.046278172924322014e+00 1.441389498693062654e+00 9.654771319060931889e-01 6.188584003033973380e-01 3.822745201625298850e-01 2.292944993540511345e-01 1.346315755455902707e-01 7.803368678352343157e-02 4.503339919373873512e-02 2.610176812713299599e-02 1.532580230830339445e-02 9.192666479543335975e-03 5.678394549962941310e-03 3.639777734086586079e-03 2.438010108071346146e-03 1.717323780304791034e-03 1.279160179899419035e-03 1.012211422787298067e-03 8.540715023410460141e-04 7.704730104274539653e-04 7.443314285452169851e-04 7.704730104274539653e-04 8.540715023410460141e-04 1.012211422787298067e-03 1.279160179899419035e-03 1.717323780304796021e-03 2.438010108071350917e-03 3.639777734086586079e-03 5.678394549962936105e-03 9.192666479543303015e-03 1.532580230830339445e-02 1.953557717698011648e-02 3.370474525733472421e-02 5.840344236983532888e-02 1.007635008371440405e-01 1.716129101511597310e-01 2.861091001595840178e-01 4.631776660440894422e-01 7.226005890135307475e-01 1.078791890903978645e+00 1.531514071308386793e+00 2.056118987956701893e+00 2.598375670654712088e+00 3.079491034790500237e+00 3.413624486430925309e+00 3.543514014946008484e+00 3.413624486430925309e+00 3.079491034790500237e+00 2.598375670654712088e+00 2.056118987956701893e+00 1.531514071308387459e+00 1.078791890903978645e+00 7.226005890135303034e-01 4.631776660440898308e-01 2.861091001595845174e-01 1.716129101511598698e-01 1.007635008371441238e-01 5.840344236983528031e-02 3.370474525733475196e-02 1.953557717698011648e-02 1.147042577095664165e-02 6.880148678000012896e-03 4.249931055698519776e-03 2.724151041606562122e-03 1.824701468211105924e-03 1.285311825796703073e-03 9.573731669989230149e-04 7.575783476800849884e-04 6.392202883489300422e-04 5.766519296575710503e-04 5.570865543197250349e-04 5.766519296575710503e-04 6.392202883489300422e-04 7.575783476800849884e-04 9.573731669989230149e-04 1.285311825796705892e-03 1.824701468211108960e-03 2.724151041606562122e-03 4.249931055698516306e-03 6.880148677999987743e-03 1.147042577095664165e-02
1.532580230830342220e-02 2.610176812713302028e-02 4.503339919373876982e-02 7.803368678352350096e-02 1.346315755455903818e-01 2.292944993540511345e-01 3.822745201625295519e-01 6.188584003033978931e-01 9.654771319060947432e-01 1.441389498693064430e+00 2.046278172924322014e+00 2.747210414068629980e+00 3.471727435958829933e+00 4.114552654958311351e+00 4.560993207967102947e+00 4.721179346611600103e+00 4.560993207967101171e+00 4.114552654958307798e+00 3.471727435958828156e+00 2.747210414068628648e+00 2.046278172924320238e+00 1.441389498693060656e+00 9.654771319060931889e-01 6.188584003033973380e-01 3.822745201625292188e-01 2.292944993540506904e-01 1.346315755455899654e-01 7.803368678352343157e-02 4.503339919373865879e-02 2.610176812713295089e-02 1.532580230830342220e-02 9.192666479543311689e-03 5.678394549962915289e-03 3.639777734086586079e-03 2.438010108071346146e-03 1.717323780304796021e-03 1.279160179899419035e-03 1.012211422787298067e-03 8.540715023410460141e-04 7.704730104274539653e-04 7.443314285452169851e-04 7.704730104274539653e-04 8.540715023410460141e-04 1.012211422787298067e-03 1.279160179899419035e-03 1.717323780304796021e-03 2.438010108071343978e-03 3.639777734086595187e-03 5.678394549962915289e-03 9.192666479543303015e-03 1.147042577095666246e-02 1.953557717698013729e-02 3.370474525733477972e-02 5.840344236983532888e-02 1.007635008371442070e-01 1.716129101511598698e-01 2.861091001595842398e-01 4.631776660440902194e-01 7.226005890135315246e-01 1.078791890903979978e+00 1.531514071308387459e+00 2.056118987956703226e+00 2.598375670654713421e+00 3.079491034790502013e+00 3.413624486430925309e+00 3.543514014946008484e+00 3.413624486430923977e+00 3.079491034790499349e+00 2.598375670654712088e+00 2.056118987956701893e+00 1.531514071308386127e+00 1.078791890903977313e+00 7.226005890135303034e-01 4.631776660440898308e-01 2.861091001595840178e-01 1.716129101511595367e-01 1.007635008371439017e-01 5.840344236983528031e-02 3.370474525733468951e-02 1.953557717698008525e-02 1.147042577095666246e-02 6.880148677999993814e-03 4.249931055698500694e-03 2.724151041606562122e-03 1.824701468211105924e-03 1.285311825796705892e-03 9.573731669989230149e-04 7.575783476800849884e-04 6.392202883489300422e-04 5.766519296575710503e-04 5.570865543197250349e-04 5.766519296575710503e-04 6.392202883489300422e-04 7.575783476800849884e-04 9.573731669989230149e-04 1.285311825796705892e-03 1.824701468211103973e-03 2.724151041606569061e-03 4.249931055698500694e-03 6.880148677999987743e-03
9.192666479543311689e-03 1.532580230830339445e-02 2.610176812713297517e-02 4.503339919373870043e-02 7.803368678352343157e-02 1.346315755455901597e-01 2.292944993540506904e-01 3.822745201625287192e-01 6.188584003033968939e-01 9.654771319060931889e-01 1.441389498693061988e+00 2.046278172924320238e+00 2.747210414068626871e+00 3.471727435958828156e+00 4.114552654958309574e+00 4.560993207967101171e+00 4.721179346611600103e+00 4.560993207967101171e+00 4.114552654958311351e+00 3.471727435958832153e+00 2.747210414068629980e+00 2.046278172924321126e+00 1.441389498693064430e+00 9.654771319060955204e-01 6.188584003033978931e-01 3.822745201625295519e-01 2.292944993540509124e-01 1.346315755455903818e-01 7.803368678352350096e-02 4.503339919373870043e-02 2.610176812713306538e-02 1.532580230830342220e-02 9.192666479543311689e-03 5.678394549962915289e-03 3.639777734086586079e-03 2.438010108071353085e-03 1.717323780304796021e-03 1.279160179899419035e-03 1.012211422787300018e-03 8.540715023410460141e-04 7.704730104274539653e-04 7.443314285452169851e-04 7.704730104274539653e-04 8.540715023410460141e-04 1.012211422787298067e-03 1.279160179899419035e-03 1.717323780304791034e-03 2.438010108071350917e-03 3.639777734086586079e-03 5.678394549962915289e-03 6.880148677999993814e-03 1.147042577095664165e-02 1.953557717698010260e-02 3.370474525733472421e-02 5.840344236983528031e-02 1.007635008371440405e-01 1.716129101511595367e-01 2.861091001595836292e-01 4.631776660440894422e-01 7.226005890135303034e-01 1.078791890903978201e+00 1.531514071308386127e+00 2.056118987956701005e+00 2.598375670654712088e+00 3.079491034790500237e+00 3.413624486430923977e+00 3.543514014946008484e+00 3.413624486430923977e+00 3.079491034790502013e+00 2.598375670654714753e+00 2.056118987956703226e+00 1.531514071308386793e+00 1.078791890903979978e+00 7.226005890135320797e-01 4.631776660440902194e-01 2.861091001595842398e-01 1.716129101511597310e-01 1.007635008371442070e-01 5.840344236983532888e-02 3.370474525733472421e-02 1.953557717698016852e-02 1.147042577095666246e-02 6.880148677999993814e-03 4.249931055698500694e-03 2.724151041606562122e-03 1.824701468211110912e-03 1.285311825796705892e-03 9.573731669989230149e-04 7.575783476800859641e-04 6.392202883489300422e-04 5.766519296575710503e-04 5.570865543197250349e-04 5.766519296575710503e-04 6.392202883489300422e-04 7.575783476800849884e-04 9.573731669989230149e-04 1.285311825796703073e-03 1.824701468211108960e-03 2.724151041606562122e-03 4.249931055698500694e-03
5.678394549962915289e-03 9.192666479543311689e-03 1.532580230830336669e-02 2.610176812713297517e-02 4.503339919373865879e-02 7.803368678352334831e-02 1.346315755455899654e-01 2.292944993540504128e-01 3.822745201625287192e-01 6.188584003033965608e-01 9.654771319060924117e-01 1.441389498693060656e+00 2.046278172924319350e+00 2.747210414068626871e+00 3.471727435958828156e+00 4.114552654958307798e+00 4.560993207967101171e+00 4.721179346611600103e+00 4.560993207967102947e+00 4.114552654958313127e+00 3.471727435958832153e+00 2.747210414068629980e+00 2.046278172924323346e+00 1.441389498693065541e+00 9.654771319060955204e-01 6.188584003033978931e-01 3.822745201625295519e-01 2.292944993540513288e-01 1.346315755455903818e-01 7.803368678352350096e-02 4.503339919373885308e-02 2.610176812713306538e-02 1.532580230830339445e-02 9.192666479543311689e-03 5.678394549962915289e-03 3.639777734086602125e-03 2.438010108071353085e-03 1.717323780304796021e-03 1.279160179899420987e-03 1.012211422787300018e-03 8.540715023410460141e-04 7.704730104274560253e-04 7.443314285452169851e-04 7.704730104274539653e-04 8.540715023410460141e-04 1.012211422787298067e-03 1.279160179899417084e-03 1.717323780304796021e-03 2.438010108071343978e-03 3.639777734086586079e-03 4.249931055698500694e-03 6.880148677999993814e-03 1.147042577095662083e-02 1.953557717698010260e-02 3.370474525733468951e-02 5.840344236983521786e-02 1.007635008371439017e-01 1.716129101511593147e-01 2.861091001595836292e-01 4.631776660440892202e-01 7.226005890135297483e-01 1.078791890903977313e+00 1.531514071308385239e+00 2.056118987956701005e+00 2.598375670654712088e+00 3.079491034790499349e+00 3.413624486430923977e+00 3.543514014946008484e+00 3.413624486430925309e+00 3.079491034790503345e+00 2.598375670654714753e+00 2.056118987956703226e+00 1.531514071308388347e+00 1.078791890903980644e+00 7.226005890135320797e-01 4.631776660440902194e-01 2.861091001595842398e-01 1.716129101511600086e-01 1.007635008371442070e-01 5.840344236983532888e-02 3.370474525733484217e-02 1.953557717698016852e-02 1.147042577095664165e-02 6.880148677999993814e-03 4.249931055698500694e-03 2.724151041606573832e-03 1.824701468211110912e-03 1.285311825796705892e-03 9.573731669989249665e-04 7.575783476800859641e-04 6.392202883489300422e-04 5.766519296575730019e-04 5.570865543197250349e-04 5.766519296575710503e-04 6.392202883489300422e-04 7.575783476800849884e-04 9.573731669989209549e-04 1.285311825796705892e-03 1.824701468211103973e-03 2.724151041606562122e-03
3.639777734086592151e-03 5.678394549962930901e-03 9.192666479543311689e-03 1.532580230830339445e-02 2.610176812713299599e-02 4.503339919373870043e-02 7.803368678352343157e-02 1.346315755455901597e-01 2.292944993540509124e-01 3.822745201625292188e-01 6.188584003033968939e-01 9.654771319060931889e-01 1.441389498693061988e+00 2.046278172924321126e+00 2.747210414068628648e+00 3.471727435958828156e+00 4.114552654958311351e+00 4.560993207967102947e+00 4.721179346611600103e+00 4.560993207967102947e+00 4.114552654958311351e+00 3.471727435958828156e+00 2.747210414068629980e+00 2.046278172924323346e+00 1.441389498693064430e+00 9.654771319060941881e-01 6.188584003033968939e-01 3.822745201625295519e-01 2.292944993540509124e-01 1.346315755455901597e-01 7.803368678352362586e-02 4.503339919373876982e-02 2.610176812713297517e-02 1.532580230830336669e-02 9.192666479543287403e-03 5.678394549962930901e-03 3.639777734086592151e-03 2.438010108071349182e-03 1.717323780304799057e-03 1.279160179899419035e-03 1.012211422787298067e-03 8.540715023410479657e-04 7.704730104274539653e-04 7.443314285452169851e-04 7.704730104274539653e-04 8.540715023410460141e-04 1.012211422787295898e-03 1.279160179899419035e-03 1.717323780304791034e-03 2.438010108071349182e-03 2.724151041606566025e-03 4.249931055698511970e-03 6.880148677999993814e-03 1.147042577095664165e-02 1.953557717698011648e-02 3.370474525733472421e-02 5.840344236983528031e-02 1.007635008371440405e-01 1.716129101511597310e-01 2.861091001595840178e-01 4.631776660440894422e-01 7.226005890135303034e-01 1.078791890903978201e+00 1.531514071308386793e+00 2.056118987956701893e+00 2.598375670654712088e+00 3.079491034790502013e+00 3.413624486430925309e+00 3.543514014946008484e+00 3.413624486430925309e+00 3.079491034790502013e+00 2.598375670654712088e+00 2.056118987956703226e+00 1.531514071308388347e+00 1.078791890903979978e+00 7.226005890135310805e-01 4.631776660440894422e-01 2.861091001595842398e-01 1.716129101511597310e-01 1.007635008371440405e-01 5.840344236983542603e-02 3.370474525733477972e-02 1.953557717698010260e-02 1.147042577095662083e-02 6.880148677999975600e-03 4.249931055698511970e-03 2.724151041606566025e-03 1.824701468211108093e-03 1.285311825796708928e-03 9.573731669989230149e-04 7.575783476800849884e-04 6.392202883489310180e-04 5.766519296575710503e-04 5.570865543197250349e-04 5.766519296575710503e-04 6.392202883489300422e-04 7.575783476800830368e-04 9.573731669989230149e-04 1.285311825796703073e-03 1.824701468211108093e-03
2.438010108071353085e-03 3.639777734086602125e-03 5.678394549962930901e-03 9.192666479543318628e-03 1.532580230830342220e-02 2.610176812713302028e-02 4.503339919373873512e-02 7.803368678352350096e-02 1.346315755455903818e-01 2.292944993540511345e-01 3.822745201625295519e-01 6.188584003033973380e-01 9.654771319060941881e-01 1.441389498693064430e+00 2.046278172924322014e+00 2.747210414068628648e+00 3.471727435958832153e+00 4.114552654958313127e+00 4.560993207967102947e+00 4.721179346611600103e+00 4.560993207967101171e+00 4.114552654958309574e+00 3.471727435958828156e+00 2.747210414068629980e+00 2.046278172924321126e+00 1.441389498693061988e+00 9.654771319060924117e-01 6.188584003033968939e-01 3.822745201625287192e-01 2.292944993540504128e-01 1.346315755455903818e-01 7.803368678352350096e-02 4.503339919373861716e-02 2.610176812713292660e-02 1.532580230830335455e-02 9.192666479543311689e-03 5.678394549962915289e-03 3.639777734086586079e-03 2.438010108071353085e-03 1.717323780304796021e-03 1.279160179899419035e-03 1.012211422787300018e-03 8.540715023410460141e-04 7.704730104274539653e-04 7.443314285452169851e-04 7.704730104274539653e-04 8.540715023410460141e-04 1.012211422787298067e-03 1.279160179899419035e-03 1.717323780304796021e-03 1.824701468211110912e-03 2.724151041606573832e-03 4.249931055698511970e-03 6.880148678000000753e-03 1.147042577095666246e-02 1.953557717698013729e-02 3.370474525733475196e-02 5.840344236983532888e-02 1.007635008371442070e-01 1.716129101511598698e-01 2.861091001595842398e-01 4.631776660440898308e-01 7.226005890135310805e-01 1.078791890903979978e+00 1.531514071308387459e+00 2.056118987956701893e+00 2.598375670654714753e+00 3.079491034790503345e+00 3.413624486430925309e+00 3.543514014946008484e+00 3.413624486430923977e+00 3.079491034790500237e+00 2.598375670654712088e+00 2.056118987956703226e+00 1.531514071308386793e+00 1.078791890903978201e+00 7.226005890135297483e-01 4.631776660440894422e-01 2.861091001595836292e-01 1.716129101511593147e-01 1.007635008371442070e-01 5.840344236983532888e-02 3.370474525733466176e-02 1.953557717698006443e-02 1.147042577095661042e-02 6.880148677999993814e-03 4.249931055698500694e-03 2.724151041606562122e-03 1.824701468211110912e-03 1.285311825796705892e-03 9.573731669989230149e-04 7.575783476800859641e-04 6.392202883489300422e-04 5.766519296575710503e-04 5.570865543197250349e-04 5.766519296575710503e-04 6.392202883489300422e-04 7.575783476800849884e-04 9.573731669989230149e-04 1.285311825796705892e-03
1.717323780304796021e-03 2.438010108071353085e-03 3.639777734086592151e-03 5.678394549962930901e-03 9.192666479543311689e-03 1.532580230830339445e-02 2.610176812713299599e-02 4.503339919373870043e-02 7.803368678352350096e-02 1.346315755455902707e-01 2.292944993540509124e-01 3.822745201625292188e-01 6.188584003033968939e-01 9.654771319060941881e-01 1.441389498693062654e+00 2.046278172924320238e+00 2.747210414068629980e+00 3.471727435958832153e+00 4.114552654958311351e+00 4.560993207967101171e+00 4.721179346611600103e+00 4.560993207967101171e+00 4.114552654958311351e+00 3.471727435958832153e+00 2.747210414068629980e+00 2.046278172924321126e+00 1.441389498693061988e+00 9.654771319060941881e-01 6.188584003033968939e-01 3.822745201625287192e-01 2.292944993540513288e-01 1.346315755455903818e-01 7.803368678352334831e-02 4.503339919373861716e-02 2.610176812713292660e-02 1.532580230830339445e-02 9.192666479543311689e-03 5.678394549962915289e-03 3.639777734086602125e-03 2.438010108071353085e-03 1.717323780304796021e-03 1.279160179899420987e-03 1.012211422787298067e-03 8.540715023410460141e-04 7.704730104274539653e-04 7.443314285452169851e-04 7.704730104274539653e-04 8.540715023410460141e-04 1.012211422787298067e-03 1.279160179899419035e-03 1.285311825796705892e-03 1.824701468211110912e-03 2.724151041606566025e-03 4.249931055698511970e-03 6.880148677999993814e-03 1.147042577095664165e-02 1.953557717698011648e-02 3.370474525733472421e-02 5.840344236983532888e-02 1.007635008371441238e-01 1.716129101511597310e-01 2.861091001595840178e-01 4.631776660440894422e-01 7.226005890135310805e-01 1.078791890903978645e+00 1.531514071308386127e+00 2.056118987956703226e+00 2.598375670654714753e+00 3.079491034790502013e+00 3.413624486430923977e+00 3.543514014946008484e+00 3.413624486430923977e+00 3.079491034790502013e+00 2.598375670654714753e+00 2.056118987956703226e+00 1.531514071308386793e+00 1.078791890903978201e+00 7.226005890135310805e-01 4.631776660440894422e-01 2.861091001595836292e-01 1.716129101511600086e-01 1.007635008371442070e-01 5.840344236983521786e-02 3.370474525733466176e-02 1.953557717698006443e-02 1.147042577095664165e-02 6.880148677999993814e-03 4.249931055698500694e-03 2.724151041606573832e-03 1.824701468211110912e-03 1.285311825796705892e-03 9.573731669989249665e-04 7.575783476800849884e-04 6.392202883489300422e-04 5.766519296575710503e-04 5.570865543197250349e-04 5.766519296575710503e-04 6.392202883489300422e-04 7.575783476800849884e-04 9.573731669989230149e-04
1.279160179899419035e-03 1.717323780304796021e-03 2.438010108071349182e-03 3.639777734086592151e-03 5.678394549962915289e-03 9.192666479543311689e-03 1.532580230830339445e-02 2.610176812713297517e-02 4.503339919373870043e-02 7.803368678352343157e-02 1.346315755455901597e-01 2.292944993540506904e-01 3.822745201625287192e-01 6.188584003033968939e-01 9.654771319060931889e-01 1.441389498693060656e+00 2.046278172924321126e+00 2.747210414068629980e+00 3.471727435958828156e+00 4.114552654958309574e+00 4.560993207967101171e+00 4.721179346611600103e+00 4.560993207967102947e+00 4.114552654958313127e+00 3.471727435958832153e+00 2.747210414068629980e+00 2.046278172924321126e+00 1.441389498693064430e+00 9.654771319060941881e-01 6.188584003033968939e-01 3.822745201625302180e-01 2.292944993540513288e-01 1.346315755455901597e-01 7.803368678352334831e-02 4.503339919373861716e-02 2.610176812713302028e-02 1.532580230830339445e-02 9.192666479543311689e-03 5.678394549962941310e-03 3.639777734086602125e-03 2.438010108071353085e-03 1.717323780304799057e-03 1.279160179899419035e-03 1.012211422787300018e-03 8.540715023410460141e-04 7.704730104274539653e-04 7.443314285452169851e-04 7.704730104274539653e-04 8.540715023410460141e-04 1.012211422787298067e-03 9.573731669989230149e-04 1.285311825796705892e-03 1.824701468211108093e-03 2.724151041606566025e-03 4.249931055698500694e-03 6.880148677999993814e-03 1.147042577095664165e-02 1.953557717698010260e-02 3.370474525733472421e-02 5.840344236983528031e-02 1.007635008371440405e-01 1.716129101511595367e-01 2.861091001595836292e-01 4.631776660440894422e-01 7.226005890135303034e-01 1.078791890903977313e+00 1.531514071308386793e+00 2.056118987956703226e+00 2.598375670654712088e+00 3.079491034790500237e+00 3.413624486430923977e+00 3.543514014946008484e+00 3.413624486430925309e+00 3.079491034790503345e+00 2.598375670654714753e+00 2.056118987956703226e+00 1.531514071308386793e+00 1.078791890903979978e+00 7.226005890135310805e-01 4.631776660440894422e-01 2.861091001595847394e-01 1.716129101511600086e-01 1.007635008371440405e-01 5.840344236983521786e-02 3.370474525733466176e-02 1.953557717698013729e-02 1.147042577095664165e-02 6.880148677999993814e-03 4.249931055698519776e-03 2.724151041606573832e-03 1.824701468211110912e-03 1.285311825796708928e-03 9.573731669989230149e-04 7.575783476800859641e-04 6.392202883489300422e-04 5.766519296575710503e-04 5.570865543197250349e-04 5.766519296575710503e-04 6.392202883489300422e-04 7.575783476800849884e-04
1.012211422787298067e-03 1.279160179899419035e-03 1.717323780304796021e-03 2.438010108071353085e-03 3.639777734086602125e-03 5.678394549962930901e-03 9.192666479543311689e-03 1.532580230830339445e-02 2.610176812713302028e-02 4.503339919373873512e-02 7.803368678352350096e-02 1.346315755455902707e-01 2.292944993540509124e-01 3.822745201625295519e-01 6.188584003033973380e-01 9.654771319060931889e-01 1.441389498693064430e+00 2.046278172924323346e+00 2.747210414068629980e+00 3.471727435958828156e+00 4.114552654958311351e+00 4.560993207967102947e+00 4.721179346611600103e+00 4.560993207967102947e+00 4.114552654958311351e+00 3.471727435958828156e+00 2.747210414068626871e+00 2.046278172924321126e+00 1.441389498693061988e+00 9.654771319060924117e-01 6.188584003033978931e-01 3.822745201625295519e-01 2.292944993540504128e-01 1.346315755455898266e-01 7.803368678352320953e-02 4.503339919373870043e-02 2.610176812713297517e-02 1.532580230830336669e-02 9.192666479543318628e-03 5.678394549962930901e-03 3.639777734086592151e-03 2.438010108071356988e-03 1.717323780304794070e-03 1.279160179899419035e-03 1.012211422787298067e-03 8.540715023410460141e-04 7.704730104274539653e-04 7.443314285452169851e-04 7.704730104274539653e-04 8.540715023410460141e-04 7.575783476800849884e-04 9.573731669989230149e-04 1.285311825796705892e-03 1.824701468211110912e-03 2.724151041606573832e-03 4.249931055698511970e-03 6.880148677999993814e-03 1.147042577095664165e-02 1.953557717698013729e-02 3.370474525733475196e-02 5.840344236983532888e-02 1.007635008371441238e-01 1.716129101511597310e-01 2.861091001595842398e-01 4.631776660440898308e-01 7.226005890135303034e-01 1.078791890903979978e+00 1.531514071308388347e+00 2.056118987956703226e+00 2.598375670654712088e+00 3.079491034790502013e+00 3.413624486430925309e+00 3.543514014946008484e+00 3.413624486430925309e+00 3.079491034790502013e+00 2.598375670654712088e+00 2.056118987956701005e+00 1.531514071308386793e+00 1.078791890903978201e+00 7.226005890135297483e-01 4.631776660440902194e-01 2.861091001595842398e-01 1.716129101511593147e-01 1.007635008371438046e-01 5.840344236983512072e-02 3.370474525733472421e-02 1.953557717698010260e-02 1.147042577095662083e-02 6.880148678000000753e-03 4.249931055698511970e-03 2.724151041606566025e-03 1.824701468211113948e-03 1.285311825796705025e-03 9.573731669989230149e-04 7.575783476800849884e-04 6.392202883489300422e-04 5.766519296575710503e-04 5.570865543197250349e-04 5.766519296575710503e-04 6.392202883489300422e-04
8.540715023410460141e-04 1.012211422787300018e-03 1.279160179899419035e-03 1.717323780304799057e-03 2.438010108071353085e-03 3.639777734086602125e-03 5.678394549962941310e-03 9.192666479543318628e-03 1.532580230830342220e-02 2.610176812713304456e-02 4.503339919373876982e-02 7.803368678352355647e-02 1.346315755455903818e-01 2.292944993540513288e-01 3.822745201625298850e-01 6.188584003033973380e-01 9.654771319060955204e-01 1.441389498693065541e+00 2.046278172924323346e+00 2.747210414068629980e+00 3.471727435958832153e+00 4.114552654958313127e+00 4.560993207967102947e+00 4.721179346611600103e+00 4.560993207967101171e+00 4.114552654958309574e+00 3.471727435958826824e+00 2.747210414068626871e+00 2.046278172924319350e+00 1.441389498693060212e+00 9.654771319060941881e-01 6.188584003033968939e-01 3.822745201625280531e-01 2.292944993540499965e-01 1.346315755455896046e-01 7.803368678352334831e-02 4.503339919373861716e-02 2.610176812713292660e-02 1.532580230830339445e-02 9.192666479543311689e-03 5.678394549962915289e-03 3.639777734086602125e-03 2.438010108071346146e-03 1.717323780304796021e-03 1.279160179899419035e-03 1.012211422787298067e-03 8.540715023410460141e-04 7.704730104274539653e-04 7.443314285452169851e-04 7.704730104274539653e-04 6.392202883489300422e-04 7.575783476800859641e-04 9.573731669989230149e-04 1.285311825796708928e-03 1.824701468211110912e-03 2.724151041606573832e-03 4.249931055698519776e-03 6.880148678000000753e-03 1.147042577095666246e-02 1.953557717698015464e-02 3.370474525733477972e-02 5.840344236983537746e-02 1.007635008371442070e-01 1.716129101511600086e-01 2.861091001595845174e-01 4.631776660440898308e-01 7.226005890135320797e-01 1.078791890903980644e+00 1.531514071308388347e+00 2.056118987956703226e+00 2.598375670654714753e+00 3.079491034790503345e+00 3.413624486430925309e+00 3.543514014946008484e+00 3.413624486430923977e+00 3.079491034790500237e+00 2.598375670654710756e+00 2.056118987956701005e+00 1.531514071308385239e+00 1.078791890903976869e+00 7.226005890135310805e-01 4.631776660440894422e-01 2.861091001595831296e-01 1.716129101511590371e-01 1.007635008371436380e-01 5.840344236983521786e-02 3.370474525733466176e-02 1.953557717698006443e-02 1.147042577095664165e-02 6.880148677999993814e-03 4.249931055698500694e-03 2.724151041606573832e-03 1.824701468211105924e-03 1.285311825796705892e-03 9.573731669989230149e-04 7.575783476800849884e-04 6.392202883489300422e-04 5.766519296575710503e-04 5.570865543197250349e-04 5.766519296575710503e-04
7.704730104274539653e-04 8.540715023410460141e-04 1.012211422787298067e-03 1.279160179899419035e-03 1.717323780304796021e-03 2.438010108071353085e-03 3.639777734086602125e-03 5.678394549962930901e-03 9.192666479543318628e-03 1.532580230830342220e-02 2.610176812713302028e-02 4.503339919373873512e-02 7.803368678352350096e-02 1.346315755455903818e-01 2.292944993540511345e-01 3.822745201625292188e-01 6.188584003033978931e-01 9.654771319060955204e-01 1.441389498693064430e+00 2.046278172924321126e+00 2.747210414068629980e+00 3.471727435958832153e+00 4.114552654958311351e+00 4.560993207967101171e+00 4.721179346611600103e+00 4.560993207967101171e+00 4.114552654958309574e+00 3.471727435958828156e+00 2.747210414068626871e+00 2.046278172924319350e+00 1.441389498693064430e+00 9.654771319060941881e-01 6.188584003033956726e-01 3.822745201625280531e-01 2.292944993540499965e-01 1.346315755455901597e-01 7.803368678352334831e-02 4.503339919373861716e-02 2.610176812713302028e-02 1.532580230830339445e-02 9.192666479543311689e-03 5.678394549962941310e-03 3.639777734086586079e-03 2.438010108071353085e-03 1.717323780304796021e-03 1.279160179899419035e-03 1.012211422787300018e-03 8.540715023410460141e-04 7.704730104274539653e-04 7.443314285452169851e-04 5.766519296575710503e-04 6.392202883489300422e-04 7.575783476800849884e-04 9.573731669989230149e-04 1.285311825796705892e-03 1.824701468211110912e-03 2.724151041606573832e-03 4.249931055698511970e-03 6.880148678000000753e-03 1.147042577095666246e-02 1.953557717698013729e-02 3.370474525733475196e-02 5.840344236983532888e-02 1.007635008371442070e-01 1.716129101511598698e-01 2.861091001595840178e-01 4.631776660440902194e-01 7.226005890135320797e-01 1.078791890903979978e+00 1.531514071308386793e+00 2.056118987956703226e+00 2.598375670654714753e+00 3.079491034790502013e+00 3.413624486430923977e+00 3.543514014946008484e+00 3.413624486430923977e+00 3.079491034790500237e+00 2.598375670654712088e+00 2.056118987956701005e+00 1.531514071308385239e+00 1.078791890903979978e+00 7.226005890135310805e-01 4.631776660440885540e-01 2.861091001595831296e-01 1.716129101511590371e-01 1.007635008371440405e-01 5.840344236983521786e-02 3.370474525733466176e-02 1.953557717698013729e-02 1.147042577095664165e-02 6.880148677999993814e-03 4.249931055698519776e-03 2.724151041606562122e-03 1.824701468211110912e-03 1.285311825796705892e-03 9.573731669989230149e-04 7.575783476800859641e-04 6.392202883489300422e-04 5.766519296575710503e-04 5.570865543197250349e-04
7.443314285452169851e-04 7.704730104274539653e-04 8.540715023410460141e-04 1.012211422787298067e-03 1.279160179899419035e-03 1.717323780304796021e-03 2.438010108071353085e-03 3.639777734086592151e-03 5.678394549962930901e-03 9.192666479543311689e-03 1.532580230830339445e-02 2.610176812713299599e-02 4.503339919373870043e-02 7.803368678352350096e-02 1.346315755455902707e-01 2.292944993540506904e-01 3.822745201625295519e-01 6.188584003033978931e-01 9.654771319060941881e-01 1.441389498693061988e+00 2.046278172924321126e+00 2.747210414068629980e+00 3.471727435958828156e+00 4.114552654958309574e+00 4.560993207967101171e+00 4.721179346611600103e+00 4.560993207967101171e+00 4.114552654958311351e+00 3.471727435958828156e+00 2.747210414068626871e+00 2.046278172924323346e+00 1.441389498693064430e+00 9.654771319060924117e-01 6.188584003033956726e-01 3.822745201625280531e-01 2.292944993540509124e-01 1.346315755455901597e-01 7.803368678352334831e-02 4.503339919373876982e-02 2.610176812713302028e-02 1.532580230830339445e-02 9.192666479543335975e-03 5.678394549962915289e-03 3.639777734086602125e-03 2.438010108071353085e-03 1.717323780304796021e-03 1.279160179899420987e-03 1.012211422787298067e-03 8.540715023410460141e-04 7.704730104274539653e-04 5.570865543197250349e-04 5.766519296575710503e-04 6.392202883489300422e-04 7.575783476800849884e-04 9.573731669989230149e-04 1.285311825796705892e-03 1.824701468211110912e-03 2.724151041606566025e-03 4.249931055698511970e-03 6.880148677999993814e-03 1.147042577095664165e-02 1.953557717698011648e-02 3.370474525733472421e-02 5.840344236983532888e-02 1.007635008371441238e-01 1.716129101511595367e-01 2.861091001595842398e-01 4.631776660440902194e-01 7.226005890135310805e-01 1.078791890903978201e+00 1.531514071308386793e+00 2.056118987956703226e+00 2.598375670654712088e+00 3.079491034790500237e+00 3.413624486430923977e+00 3.543514014946008484e+00 3.413624486430923977e+00 3.079491034790502013e+00 2.598375670654712088e+00 2.056118987956701005e+00 1.531514071308388347e+00 1.078791890903979978e+00 7.226005890135297483e-01 4.631776660440885540e-01 2.861091001595831296e-01 1.716129101511597310e-01 1.007635008371440405e-01 5.840344236983521786e-02 3.370474525733477972e-02 1.953557717698013729e-02 1.147042577095664165e-02 6.880148678000012896e-03 4.249931055698500694e-03 2.724151041606573832e-03 1.824701468211110912e-03 1.285311825796705892e-03 9.573731669989249665e-04 7.575783476800849884e-04 6.392202883489300422e-04 5.766519296575710503e-04
7.704730104274539653e-04 7.443314285452169851e-04 7.704730104274539653e-04 8.540715023410460141e-04 1.012211422787298067e-03 1.279160179899419035e-03 1.717323780304796021e-03 2.438010108071349182e-03 3.639777734086592151e-03 5.678394549962915289e-03 9.192666479543311689e-03 1.532580230830339445e-02 2.610176812713297517e-02 4.503339919373870043e-02 7.803368678352343157e-02 1.346315755455899654e-01 2.292944993540509124e-01 3.822745201625295519e-01 6.188584003033968939e-01 9.654771319060924117e-01 1.441389498693061988e+00 2.046278172924321126e+00 2.747210414068626871e+00 3.471727435958826824e+00 4.114552654958309574e+00 4.560993207967101171e+00 4.721179346611600103e+00 4.560993207967102947e+00 4.114552654958311351e+00 3.471727435958828156e+00 2.747210414068632200e+00 2.046278172924323346e+00 1.441389498693061988e+00 9.654771319060924117e-01 6.188584003033956726e-01 3.822745201625295519e-01 2.292944993540509124e-01 1.346315755455901597e-01 7.803368678352362586e-02 4.503339919373876982e-02 2.610176812713302028e-02 1.532580230830344822e-02 9.192666479543311689e-03 5.678394549962941310e-03 3.639777734086602125e-03 2.438010108071353085e-03 1.717323780304799057e-03 1.279160179899419035e-03 1.012211422787300018e-03 8.540715023410460141e-04 5.766519296575710503e-04 5.570865543197250349e-04 5.766519296575710503e-04 6.392202883489300422e-04 7.575783476800849884e-04 9.573731669989230149e-04 1.285311825796705892e-03 1.824701468211108093e-03 2.724151041606566025e-03 4.249931055698500694e-03 6.880148677999993814e-03 1.147042577095664165e-02 1.953557717698010260e-02 3.370474525733472421e-02 5.840344236983528031e-02 1.007635008371439017e-01 1.716129101511597310e-01 2.861091001595842398e-01 4.631776660440894422e-01 7.226005890135297483e-01 1.078791890903978201e+00 1.531514071308386793e+00 2.056118987956701005e+00 2.598375670654710756e+00 3.079491034790500237e+00 3.413624486430923977e+00 3.543514014946008484e+00 3.413624486430925309e+00 3.079491034790502013e+00 2.598375670654712088e+00 2.056118987956704558e+00 1.531514071308388347e+00 1.078791890903978201e+00 7.226005890135297483e-01 4.631776660440885540e-01 2.861091001595842398e-01 1.716129101511597310e-01 1.007635008371440405e-01 5.840344236983542603e-02 3.370474525733477972e-02 1.953557717698013729e-02 1.147042577095668155e-02 6.880148677999993814e-03 4.249931055698519776e-03 2.724151041606573832e-03 1.824701468211110912e-03 1.285311825796708928e-03 9.573731669989230149e-04 7.575783476800859641e-04 6.392202883489300422e-04
8.540715023410460141e-04 7.704730104274539653e-04 7.443314285452169851e-04 7.704730104274539653e-04 8.540715023410460141e-04 1.012211422787298067e-03 1.279160179899419035e-03 1.717323780304796021e-03 2.438010108071353085e-03 3.639777734086602125e-03 5.678394549962930901e-03 9.192666479543311689e-03 1.532580230830339445e-02 2.610176812713302028e-02 4.503339919373873512e-02 7.803368678352343157e-02 1.346315755455903818e-01 2.292944993540513288e-01 3.822745201625295519e-01 6.188584003033968939e-01 9.654771319060941881e-01 1.441389498693064430e+00 2.046278172924321126e+00 2.747210414068626871e+00 3.471727435958828156e+00 4.114552654958311351e+00 4.560993207967102947e+00 4.721179346611600103e+00 4.560993207967101171e+00 4.114552654958309574e+00 3.471727435958832153e+00 2.747210414068629980e+00 2.046278172924319350e+00 1.441389498693060212e+00 9.654771319060908574e-01 6.188584003033968939e-01 3.822745201625287192e-01 2.292944993540504128e-01 1.346315755455903818e-01 7.803368678352350096e-02 4.503339919373870043e-02 2.610176812713306538e-02 1.532580230830336669e-02 9.192666479543318628e-03 5.678394549962930901e-03 3.639777734086592151e-03 2.438010108071356988e-03 1.717323780304794070e-03 1.279160179899419035e-03 1.012211422787298067e-03 6.392202883489300422e-04 5.766519296575710503e-04 5.570865543197250349e-04 5.766519296575710503e-04 6.392202883489300422e-04 7.575783476800849884e-04 9.573731669989230149e-04 1.285311825796705892e-03 1.824701468211110912e-03 2.724151041606573832e-03 4.249931055698511970e-03 6.880148677999993814e-03 1.147042577095664165e-02 1.953557717698013729e-02 3.370474525733475196e-02 5.840344236983528031e-02 1.007635008371442070e-01 1.716129101511600086e-01 2.861091001595842398e-01 4.631776660440894422e-01 7.226005890135310805e-01 1.078791890903979978e+00 1.531514071308386793e+00 2.056118987956701005e+00 2.598375670654712088e+00 3.079491034790502013e+00 3.413624486430925309e+00 3.543514014946008484e+00 3.413624486430923977e+00 3.079491034790500237e+00 2.598375670654714753e+00 2.056118987956703226e+00 1.531514071308385239e+00 1.078791890903976869e+00 7.226005890135285270e-01 4.631776660440894422e-01 2.861091001595836292e-01 1.716129101511593147e-01 1.007635008371442070e-01 5.840344236983532888e-02 3.370474525733472421e-02 1.953557717698016852e-02 1.147042577095662083e-02 6.880148678000000753e-03 4.249931055698511970e-03 2.724151041606566025e-03 1.824701468211113948e-03 1.285311825796705025e-03 9.573731669989230149e-04 7.575783476800849884e-04
1.012211422787298067e-03 8.540715023410460141e-04 7.704730104274539653e-04 7.443314285452169851e-04 7.704730104274539653e-04 8.540715023410460141e-04 1.012211422787298067e-03 1.279160179899419035e-03 1.717323780304796021e-03 2.438010108071353085e-03 3.639777734086592151e-03 5.678394549962915289e-03 9.192666479543311689e-03 1.532580230830339445e-02 2.610176812713299599e-02 4.503339919373865879e-02 7.803368678352350096e-02 1.346315755455903818e-01 2.292944993540509124e-01 3.822745201625287192e-01 6.188584003033968939e-01 9.654771319060941881e-01 1.441389498693061988e+00 2.046278172924319350e+00 2.747210414068626871e+00 3.471727435958828156e+00 4.114552654958311351e+00 4.560993207967101171e+00 4.721179346611600103e+00 4.560993207967101171e+00 4.114552654958313127e+00 3.471727435958832153e+00 2.747210414068626871e+00 2.046278172924319350e+00 1.441389498693060212e+00 9.654771319060941881e-01 6.188584003033968939e-01 3.822745201625287192e-01 2.292944993540513288e-01 1.346315755455903818e-01 7.803368678352350096e-02 4.503339919373885308e-02 2.610176812713297517e-02 1.532580230830342220e-02 9.192666479543318628e-03 5.678394549962930901e-03 3.639777734086605161e-03 2.438010108071349182e-03 1.717323780304799057e-03 1.279160179899419035e-03 7.575783476800849884e-04 6.392202883489300422e-04 5.766519296575710503e-04 5.570865543197250349e-04 5.766519296575710503e-04 6.392202883489300422e-04 7.575783476800849884e-04 9.573731669989230149e-04 1.285311825796705892e-03 1.824701468211110912e-03 2.724151041606566025e-03 4.249931055698500694e-03 6.880148677999993814e-03 1.147042577095664165e-02 1.953557717698011648e-02 3.370474525733468951e-02 5.840344236983532888e-02 1.007635008371442070e-01 1.716129101511597310e-01 2.861091001595836292e-01 4.631776660440894422e-01 7.226005890135310805e-01 1.078791890903978201e+00 1.531514071308385239e+00 2.056118987956701005e+00 2.598375670654712088e+00 3.079491034790502013e+00 3.413624486430923977e+00 3.543514014946008484e+00 3.413624486430923977e+00 3.079491034790503345e+00 2.598375670654714753e+00 2.056118987956701005e+00 1.531514071308385239e+00 1.078791890903976869e+00 7.226005890135310805e-01 4.631776660440894422e-01 2.861091001595836292e-01 1.716129101511600086e-01 1.007635008371442070e-01 5.840344236983532888e-02 3.370474525733484217e-02 1.953557717698010260e-02 1.147042577095666246e-02 6.880148678000000753e-03 4.249931055698511970e-03 2.724151041606576000e-03 1.824701468211108093e-03 1.285311825796708928e-03 9.573731669989230149e-04
1.279160179899419035e-03 1.012211422787298067e-03 8.540715023410460141e-04 7.704730104274539653e-04 7.443314285452169851e-04 7.704730104274539653e-04 8.540715023410460141e-04 1.012211422787298067e-03 1.279160179899419035e-03 1.717323780304796021e-03 2.438010108071349182e-03 3.639777734086586079e-03 5.678394549962915289e-03 9.192666479543311689e-03 1.532580230830339445e-02 2.610176812713295089e-02 4.503339919373870043e-02 7.803368678352350096e-02 1.346315755455901597e-01 2.292944993540504128e-01 3.822745201625287192e-01 6.188584003033968939e-01 9.654771319060924117e-01 1.441389498693060212e+00 2.046278172924319350e+00 2.747210414068626871e+00 3.471727435958828156e+00 4.114552654958309574e+00 4.560993207967101171e+00 4.721179346611600103e+00 4.560993207967102947e+00 4.114552654958313127e+00 3.471727435958828156e+00 2.747210414068626871e+00 2.046278172924319350e+00 1.441389498693064430e+00 9.654771319060941881e-01 6.188584003033968939e-01 3.822745201625302180e-01 2.292944993540513288e-01 1.346315755455903818e-01 7.803368678352377852e-02 4.503339919373870043e-02 2.610176812713306538e-02 1.532580230830342220e-02 9.192666479543318628e-03 5.678394549962950850e-03 3.639777734086592151e-03 2.438010108071356988e-03 1.717323780304799057e-03 9.573731669989230149e-04 7.575783476800849884e-04 6.392202883489300422e-04 5.766519296575710503e-04 5.570865543197250349e-04 5.766519296575710503e-04 6.392202883489300422e-04 7.575783476800849884e-04 9.573731669989230149e-04 1.285311825796705892e-03 1.824701468211108093e-03 2.724151041606562122e-03 4.249931055698500694e-03 6.880148677999993814e-03 1.147042577095664165e-02 1.953557717698008525e-02 3.370474525733472421e-02 5.840344236983532888e-02 1.007635008371440405e-01 1.716129101511593147e-01 2.861091001595836292e-01 4.631776660440894422e-01 7.226005890135297483e-01 1.078791890903976869e+00 1.531514071308385239e+00 2.056118987956701005e+00 2.598375670654712088e+00 3.079491034790500237e+00 3.413624486430923977e+00 3.543514014946008484e+00 3.413624486430925309e+00 3.079491034790503345e+00 2.598375670654712088e+00 2.056118987956701005e+00 1.531514071308385239e+00 1.078791890903979978e+00 7.226005890135310805e-01 4.631776660440894422e-01 2.861091001595847394e-01 1.716129101511600086e-01 1.007635008371442070e-01 5.840344236983553705e-02 3.370474525733472421e-02 1.953557717698016852e-02 1.147042577095666246e-02 6.880148678000000753e-03 4.249931055698527582e-03 2.724151041606566025e-03 1.824701468211113948e-03 1.285311825796708928e-03
1.717323780304791034e-03 1.279160179899417084e-03 1.012211422787298067e-03 8.540715023410460141e-04 7.704730104274539653e-04 7.443314285452169851e-04 7.704730104274539653e-04 8.540715023410460141e-04 1.012211422787300018e-03 1.279160179899420987e-03 1.717323780304799057e-03 2.438010108071353085e-03 3.639777734086602125e-03 5.678394549962941310e-03 9.192666479543335975e-03 1.532580230830342220e-02 2.610176812713306538e-02 4.503339919373885308e-02 7.803368678352362586e-02 1.346315755455903818e-01 2.292944993540513288e-01 3.822745201625302180e-01 6.188584003033978931e-01 9.654771319060941881e-01 1.441389498693064430e+00 2.046278172924323346e+00 2.747210414068632200e+00 3.471727435958832153e+00 4.114552654958313127e+00 4.560993207967102947e+00 4.721179346611600103e+00 4.560993207967101171e+00 4.114552654958307798e+00 3.471727435958823715e+00 2.747210414068621542e+00 2.046278172924319350e+00 1.441389498693060212e+00 9.654771319060908574e-01 6.188584003033968939e-01 3.822745201625287192e-01 2.292944993540504128e-01 1.346315755455903818e-01 7.803368678352320953e-02 4.503339919373870043e-02 2.610176812713297517e-02 1.532580230830336669e-02 9.192666479543318628e-03 5.678394549962910084e-03 3.639777734086592151e-03 2.438010108071349182e-03 1.285311825796703073e-03 9.573731669989209549e-04 7.575783476800849884e-04 6.392202883489300422e-04 5.766519296575710503e-04 5.570865543197250349e-04 5.766519296575710503e-04 6.392202883489300422e-04 7.575783476800859641e-04 9.573731669989249665e-04 1.285311825796708928e-03 1.824701468211110912e-03 2.724151041606573832e-03 4.249931055698519776e-03 6.880148678000012896e-03 1.147042577095666246e-02 1.953557717698016852e-02 3.370474525733484217e-02 5.840344236983542603e-02 1.007635008371442070e-01 1.716129101511600086e-01 2.861091001595847394e-01 4.631776660440902194e-01 7.226005890135310805e-01 1.078791890903979978e+00 1.531514071308388347e+00 2.056118987956704558e+00 2.598375670654714753e+00 3.079491034790503345e+00 3.413624486430925309e+00 3.543514014946008484e+00 3.413624486430923977e+00 3.079491034790499349e+00 2.598375670654708536e+00 2.056118987956697008e+00 1.531514071308385239e+00 1.078791890903976869e+00 7.226005890135285270e-01 4.631776660440894422e-01 2.861091001595836292e-01 1.716129101511593147e-01 1.007635008371442070e-01 5.840344236983512072e-02 3.370474525733472421e-02 1.953557717698010260e-02 1.147042577095662083e-02 6.880148678000000753e-03 4.249931055698497225e-03 2.724151041606566025e-03 1.824701468211108093e-03
2.438010108071349182e-03 1.717323780304791034e-03 1.279160179899419035e-03 1.012211422787298067e-03 8.540715023410460141e-04 7.704730104274539653e-04 7.443314285452169851e-04 7.704730104274539653e-04 8.540715023410460141e-04 1.012211422787300018e-03 1.279160179899419035e-03 1.717323780304796021e-03 2.438010108071353085e-03 3.639777734086602125e-03 5.678394549962941310e-03 9.192666479543311689e-03 1.532580230830342220e-02 2.610176812713306538e-02 4.503339919373876982e-02 7.803368678352350096e-02 1.346315755455903818e-01 2.292944993540513288e-01 3.822745201625295519e-01 6.188584003033968939e-01 9.654771319060941881e-01 1.441389498693064430e+00 2.046278172924323346e+00 2.747210414068629980e+00 3.471727435958832153e+00 4.114552654958313127e+00 4.560993207967101171e+00 4.721179346611600103e+00 4.560993207967101171e+00 4.114552654958307798e+00 3.471727435958823715e+00 2.747210414068626871e+00 2.046278172924319350e+00 1.441389498693060212e+00 9.654771319060941881e-01 6.188584003033968939e-01 3.822745201625287192e-01 2.292944993540513288e-01 1.346315755455898266e-01 7.803368678352350096e-02 4.503339919373870043e-02 2.610176812713297517e-02 1.532580230830342220e-02 9.192666479543287403e-03 5.678394549962930901e-03 3.639777734086592151e-03 1.824701468211108093e-03 1.285311825796703073e-03 9.573731669989230149e-04 7.575783476800849884e-04 6.392202883489300422e-04 5.766519296575710503e-04 5.570865543197250349e-04 5.766519296575710503e-04 6.392202883489300422e-04 7.575783476800859641e-04 9.573731669989230149e-04 1.285311825796705892e-03 1.824701468211110912e-03 2.724151041606573832e-03 4.249931055698519776e-03 6.880148677999993814e-03 1.147042577095666246e-02 1.953557717698016852e-02 3.370474525733477972e-02 5.840344236983532888e-02 1.007635008371442070e-01 1.716129101511600086e-01 2.861091001595842398e-01 4.631776660440894422e-01 7.226005890135310805e-01 1.078791890903979978e+00 1.531514071308388347e+00 2.056118987956703226e+00 2.598375670654714753e+00 3.079491034790503345e+00 3.413624486430923977e+00 3.543514014946008484e+00 3.413624486430923977e+00 3.079491034790499349e+00 2.598375670654708536e+00 2.056118987956701005e+00 1.531514071308385239e+00 1.078791890903976869e+00 7.226005890135310805e-01 4.631776660440894422e-01 2.861091001595836292e-01 1.716129101511600086e-01 1.007635008371438046e-01 5.840344236983532888e-02 3.370474525733472421e-02 1.953557717698010260e-02 1.147042577095666246e-02 6.880148677999975600e-03 4.249931055698511970e-03 2.724151041606566025e-03
3.639777734086595187e-03 2.438010108071350917e-03 1.717323780304797973e-03 1.279160179899419035e-03 1.012211422787298067e-03 8.540715023410460141e-04 7.704730104274539653e-04 7.443314285452169851e-04 7.704730104274539653e-04 8.540715023410460141e-04 1.012211422787298067e-03 1.279160179899419035e-03 1.717323780304794070e-03 2.438010108071349182e-03 3.639777734086586079e-03 5.678394549962915289e-03 9.192666479543311689e-03 1.532580230830339445e-02 2.610176812713297517e-02 4.503339919373861716e-02 7.803368678352334831e-02 1.346315755455901597e-01 2.292944993540504128e-01 3.822745201625280531e-01 6.188584003033956726e-01 9.654771319060924117e-01 1.441389498693061988e+00 2.046278172924319350e+00 2.747210414068626871e+00 3.471727435958828156e+00 4.114552654958307798e+00 4.560993207967101171e+00 4.721179346611600103e+00 4.560993207967101171e+00 4.114552654958309574e+00 3.471727435958832153e+00 2.747210414068629980e+00 2.046278172924321126e+00 1.441389498693065541e+00 9.654771319060955204e-01 6.188584003033978931e-01 3.822745201625309397e-01 2.292944993540509124e-01 1.346315755455906316e-01 7.803368678352362586e-02 4.503339919373876982e-02 2.610176812713313477e-02 1.532580230830339445e-02 9.192666479543335975e-03 5.678394549962941310e-03 2.724151041606569061e-03 1.824701468211108960e-03 1.285311825796706976e-03 9.573731669989230149e-04 7.575783476800849884e-04 6.392202883489300422e-04 5.766519296575710503e-04 5.570865543197250349e-04 5.766519296575710503e-04 6.392202883489300422e-04 7.575783476800849884e-04 9.573731669989230149e-04 1.285311825796705025e-03 1.824701468211108093e-03 2.724151041606562122e-03 4.249931055698500694e-03 6.880148677999993814e-03 1.147042577095664165e-02 1.953557717698010260e-02 3.370474525733466176e-02 5.840344236983521786e-02 1.007635008371440405e-01 1.716129101511593147e-01 2.861091001595831296e-01 4.631776660440885540e-01 7.226005890135297483e-01 1.078791890903978201e+00 1.531514071308385239e+00 2.056118987956701005e+00 2.598375670654712088e+00 3.079491034790499349e+00 3.413624486430923977e+00 3.543514014946008484e+00 3.413624486430923977e+00 3.079491034790500237e+00 2.598375670654714753e+00 2.056118987956703226e+00 1.531514071308386793e+00 1.078791890903980644e+00 7.226005890135320797e-01 4.631776660440902194e-01 2.861091001595852945e-01 1.716129101511597310e-01 1.007635008371444013e-01 5.840344236983542603e-02 3.370474525733477972e-02 1.953557717698022056e-02 1.147042577095664165e-02 6.880148678000012896e-03 4.249931055698519776e-03
5.678394549962936105e-03 3.639777734086595187e-03 2.438010108071353085e-03 1.717323780304797973e-03 1.279160179899419035e-03 1.012211422787298067e-03 8.540715023410460141e-04 7.704730104274539653e-04 7.443314285452169851e-04 7.704730104274539653e-04 8.540715023410460141e-04 1.012211422787298067e-03 1.279160179899417084e-03 1.717323780304794070e-03 2.438010108071346146e-03 3.639777734086586079e-03 5.678394549962915289e-03 9.192666479543311689e-03 1.532580230830336669e-02 2.610176812713292660e-02 4.503339919373861716e-02 7.803368678352334831e-02 1.346315755455898266e-01 2.292944993540499965e-01 3.822745201625280531e-01 6.188584003033956726e-01 9.654771319060924117e-01 1.441389498693060212e+00 2.046278172924319350e+00 2.747210414068626871e+00 3.471727435958823715e+00 4.114552654958307798e+00 4.560993207967101171e+00 4.721179346611600103e+00 4.560993207967101171e+00 4.114552654958313127e+00 3.471727435958832153e+00 2.747210414068629980e+00 2.046278172924326011e+00 1.441389498693065541e+00 9.654771319060955204e-01 6.188584003033998915e-01 3.822745201625295519e-01 2.292944993540518561e-01 1.346315755455906316e-01 7.803368678352362586e-02 4.503339919373897798e-02 2.610176812713302028e-02 1.532580230830344822e-02 9.192666479543335975e-03 4.249931055698516306e-03 2.724151041606569061e-03 1.824701468211110912e-03 1.285311825796706976e-03 9.573731669989230149e-04 7.575783476800849884e-04 6.392202883489300422e-04 5.766519296575710503e-04 5.570865543197250349e-04 5.766519296575710503e-04 6.392202883489300422e-04 7.575783476800849884e-04 9.573731669989209549e-04 1.285311825796705025e-03 1.824701468211105924e-03 2.724151041606562122e-03 4.249931055698500694e-03 6.880148677999993814e-03 1.147042577095662083e-02 1.953557717698006443e-02 3.370474525733466176e-02 5.840344236983521786e-02 1.007635008371438046e-01 1.716129101511590371e-01 2.861091001595831296e-01 4.631776660440885540e-01 7.226005890135297483e-01 1.078791890903976869e+00 1.531514071308385239e+00 2.056118987956701005e+00 2.598375670654708536e+00 3.079491034790499349e+00 3.413624486430923977e+00 3.543514014946008484e+00 3.413624486430923977e+00 3.079491034790503345e+00 2.598375670654714753e+00 2.056118987956703226e+00 1.531514071308390346e+00 1.078791890903980644e+00 7.226005890135320797e-01 4.631776660440917182e-01 2.861091001595842398e-01 1.716129101511603972e-01 1.007635008371444013e-01 5.840344236983542603e-02 3.370474525733493237e-02 1.953557717698013729e-02 1.147042577095668155e-02 6.880148678000012896e-03
9.192666479543327301e-03 5.678394549962936105e-03 3.639777734086595187e-03 2.438010108071353085e-03 1.717323780304799057e-03 1.279160179899419035e-03 1.012211422787298067e-03 8.540715023410460141e-04 7.704730104274539653e-04 7.443314285452169851e-04 7.704730104274539653e-04 8.540715023410460141e-04 1.012211422787295898e-03 1.279160179899417084e-03 1.717323780304791034e-03 2.438010108071346146e-03 3.639777734086586079e-03 5.678394549962915289e-03 9.192666479543287403e-03 1.532580230830335455e-02 2.610176812713292660e-02 4.503339919373861716e-02 7.803368678352320953e-02 1.346315755455896046e-01 2.292944993540499965e-01 3.822745201625280531e-01 6.188584003033956726e-01 9.654771319060908574e-01 1.441389498693060212e+00 2.046278172924319350e+00 2.747210414068621542e+00 3.471727435958823715e+00 4.114552654958309574e+00 4.560993207967101171e+00 4.721179346611600103e+00 4.560993207967102947e+00 4.114552654958313127e+00 3.471727435958832153e+00 2.747210414068635309e+00 2.046278172924326011e+00 1.441389498693065541e+00 9.654771319060984069e-01 6.188584003033978931e-01 3.822745201625309397e-01 2.292944993540518561e-01 1.346315755455906316e-01 7.803368678352398669e-02 4.503339919373876982e-02 2.610176812713313477e-02 1.532580230830344822e-02 6.880148678000006825e-03 4.249931055698516306e-03 2.724151041606569061e-03 1.824701468211110912e-03 1.285311825796708928e-03 9.573731669989230149e-04 7.575783476800849884e-04 6.392202883489300422e-04 5.766519296575710503e-04 5.570865543197250349e-04 5.766519296575710503e-04 6.392202883489300422e-04 7.575783476800830368e-04 9.573731669989209549e-04 1.285311825796703073e-03 1.824701468211105924e-03 2.724151041606562122e-03 4.249931055698500694e-03 6.880148677999975600e-03 1.147042577095661042e-02 1.953557717698006443e-02 3.370474525733466176e-02 5.840344236983512072e-02 1.007635008371436380e-01 1.716129101511590371e-01 2.861091001595831296e-01 4.631776660440885540e-01 7.226005890135285270e-01 1.078791890903976869e+00 1.531514071308385239e+00 2.056118987956697008e+00 2.598375670654708536e+00 3.079491034790500237e+00 3.413624486430923977e+00 3.543514014946008484e+00 3.413624486430925309e+00 3.079491034790503345e+00 2.598375670654714753e+00 2.056118987956707223e+00 1.531514071308390346e+00 1.078791890903980644e+00 7.226005890135343002e-01 4.631776660440902194e-01 2.861091001595852945e-01 1.716129101511603972e-01 1.007635008371444013e-01 5.840344236983569665e-02 3.370474525733477972e-02 1.953557717698022056e-02 1.147042577095668155e-02
1.532580230830339445e-02 9.192666479543303015e-03 5.678394549962915289e-03 3.639777734086595187e-03 2.438010108071350917e-03 1.717323780304796021e-03 1.279160179899419035e-03 1.012211422787298067e-03 8.540715023410460141e-04 7.704730104274539653e-04 7.443314285452169851e-04 7.704730104274539653e-04 8.540715023410460141e-04 1.012211422787298067e-03 1.279160179899419035e-03 1.717323780304796021e-03 2.438010108071353085e-03 3.639777734086602125e-03 5.678394549962930901e-03 9.192666479543311689e-03 1.532580230830339445e-02 2.610176812713302028e-02 4.503339919373870043e-02 7.803368678352334831e-02 1.346315755455901597e-01 2.292944993540509124e-01 3.822745201625295519e-01 6.188584003033968939e-01 9.654771319060941881e-01 1.441389498693064430e+00 2.046278172924319350e+00 2.747210414068626871e+00 3.471727435958832153e+00 4.114552654958313127e+00 4.560993207967102947e+00 4.721179346611600103e+00 4.560993207967101171e+00 4.114552654958309574e+00 3.471727435958832153e+00 2.747210414068629980e+00 2.046278172924321126e+00 1.441389498693065541e+00 9.654771319060924117e-01 6.188584003033978931e-01 3.822745201625295519e-01 2.292944993540509124e-01 1.346315755455906316e-01 7.803368678352334831e-02 4.503339919373876982e-02 2.610176812713302028e-02 1.147042577095664165e-02 6.880148677999987743e-03 4.249931055698500694e-03 2.724151041606569061e-03 1.824701468211108960e-03 1.285311825796705892e-03 9.573731669989230149e-04 7.575783476800849884e-04 6.392202883489300422e-04 5.766519296575710503e-04 5.570865543197250349e-04 5.766519296575710503e-04 6.392202883489300422e-04 7.575783476800849884e-04 9.573731669989230149e-04 1.285311825796705892e-03 1.824701468211110912e-03 2.724151041606573832e-03 4.249931055698511970e-03 6.880148677999993814e-03 1.147042577095664165e-02 1.953557717698013729e-02 3.370474525733472421e-02 5.840344236983521786e-02 1.007635008371440405e-01 1.716129101511597310e-01 2.861091001595842398e-01 4.631776660440894422e-01 7.226005890135310805e-01 1.078791890903979978e+00 1.531514071308385239e+00 2.056118987956701005e+00 2.598375670654714753e+00 3.079491034790503345e+00 3.413624486430925309e+00 3.543514014946008484e+00 3.413624486430923977e+00 3.079491034790500237e+00 2.598375670654714753e+00 2.056118987956703226e+00 1.531514071308386793e+00 1.078791890903980644e+00 7.226005890135297483e-01 4.631776660440902194e-01 2.861091001595842398e-01 1.716129101511597310e-01 1.007635008371444013e-01 5.840344236983521786e-02 3.370474525733477972e-02 1.953557717698013729e-02
2.610176812713299599e-02 1.532580230830339445e-02 9.192666479543303015e-03 5.678394549962936105e-03 3.639777734086595187e-03 2.438010108071350917e-03 1.717323780304796021e-03 1.279160179899419035e-03 1.012211422787298067e-03 8.540715023410460141e-04 7.704730104274539653e-04 7.443314285452169851e-04 7.704730104274539653e-04 8.540715023410460141e-04 1.012211422787298067e-03 1.279160179899419035e-03 1.717323780304796021e-03 2.438010108071353085e-03 3.639777734086592151e-03 5.678394549962915289e-03 9.192666479543311689e-03 1.532580230830339445e-02 2.610176812713297517e-02 4.503339919373861716e-02 7.803368678352334831e-02 1.346315755455901597e-01 2.292944993540509124e-01 3.822745201625287192e-01 6.188584003033968939e-01 9.654771319060941881e-01 1.441389498693060212e+00 2.046278172924319350e+00 2.747210414068629980e+00 3.471727435958832153e+00 4.114552654958313127e+00 4.560993207967101171e+00 4.721179346611600103e+00 4.560993207967101171e+00 4.114552654958313127e+00 3.471727435958832153e+00 2.747210414068629980e+00 2.046278172924326011e+00 1.441389498693061988e+00 9.654771319060955204e-01 6.188584003033978931e-01 3.822745201625295519e-01 2.292944993540518561e-01 1.346315755455901597e-01 7.803368678352362586e-02 4.503339919373876982e-02 1.953557717698011648e-02 1.147042577095664165e-02 6.880148677999987743e-03 4.249931055698516306e-03 2.724151041606569061e-03 1.824701468211108960e-03 1.285311825796705892e-03 9.573731669989230149e-04 7.575783476800849884e-04 6.392202883489300422e-04 5.766519296575710503e-04 5.570865543197250349e-04 5.766519296575710503e-04 6.392202883489300422e-04 7.575783476800849884e-04 9.573731669989230149e-04 1.285311825796705892e-03 1.824701468211110912e-03 2.724151041606566025e-03 4.249931055698500694e-03 6.880148677999993814e-03 1.147042577095664165e-02 1.953557717698010260e-02 3.370474525733466176e-02 5.840344236983521786e-02 1.007635008371440405e-01 1.716129101511597310e-01 2.861091001595836292e-01 4.631776660440894422e-01 7.226005890135310805e-01 1.078791890903976869e+00 1.531514071308385239e+00 2.056118987956703226e+00 2.598375670654714753e+00 3.079491034790503345e+00 3.413624486430923977e+00 3.543514014946008484e+00 3.413624486430923977e+00 3.079491034790503345e+00 2.598375670654714753e+00 2.056118987956703226e+00 1.531514071308390346e+00 1.078791890903978201e+00 7.226005890135320797e-01 4.631776660440902194e-01 2.861091001595842398e-01 1.716129101511603972e-01 1.007635008371440405e-01 5.840344236983542603e-02 3.370474525733477972e-02
4.503339919373873512e-02 2.610176812713299599e-02 1.532580230830339445e-02 9.192666479543327301e-03 5.678394549962936105e-03 3.639777734086595187e-03 2.438010108071350917e-03 1.717323780304797973e-03 1.279160179899419035e-03 1.012211422787298067e-03 8.540715023410460141e-04 7.704730104274539653e-04 7.443314285452169851e-04 7.704730104274539653e-04 8.540715023410460141e-04 1.012211422787298067e-03 1.279160179899419035e-03 1.717323780304796021e-03 2.438010108071349182e-03 3.639777734086586079e-03 5.678394549962915289e-03 9.192666479543311689e-03 1.532580230830336669e-02 2.610176812713292660e-02 4.503339919373861716e-02 7.803368678352334831e-02 1.346315755455901597e-01 2.292944993540504128e-01 3.822745201625287192e-01 6.188584003033968939e-01 9.654771319060908574e-01 1.441389498693060212e+00 2.046278172924321126e+00 2.747210414068629980e+00 3.471727435958832153e+00 4.114552654958309574e+00 4.560993207967101171e+00 4.721179346611600103e+00 4.560993207967102947e+00 4.114552654958313127e+00 3.471727435958832153e+00 2.747210414068635309e+00 2.046278172924321126e+00 1.441389498693065541e+00 9.654771319060955204e-01 6.188584003033978931e-01 3.822745201625309397e-01 2.292944993540509124e-01 1.346315755455906316e-01 7.803368678352362586e-02 3.370474525733475196e-02 1.953557717698011648e-02 1.147042577095664165e-02 6.880148678000006825e-03 4.249931055698516306e-03 2.724151041606569061e-03 1.824701468211108960e-03 1.285311825796706976e-03 9.573731669989230149e-04 7.575783476800849884e-04 6.392202883489300422e-04 5.766519296575710503e-04 5.570865543197250349e-04 5.766519296575710503e-04 6.392202883489300422e-04 7.575783476800849884e-04 9.573731669989230149e-04 1.285311825796705892e-03 1.824701468211108093e-03 2.724151041606562122e-03 4.249931055698500694e-03 6.880148677999993814e-03 1.147042577095662083e-02 1.953557717698006443e-02 3.370474525733466176e-02 5.840344236983521786e-02 1.007635008371440405e-01 1.716129101511593147e-01 2.861091001595836292e-01 4.631776660440894422e-01 7.226005890135285270e-01 1.078791890903976869e+00 1.531514071308386793e+00 2.056118987956703226e+00 2.598375670654714753e+00 3.079491034790500237e+00 3.413624486430923977e+00 3.543514014946008484e+00 3.413624486430925309e+00 3.079491034790503345e+00 2.598375670654714753e+00 2.056118987956707223e+00 1.531514071308386793e+00 1.078791890903980644e+00 7.226005890135320797e-01 4.631776660440902194e-01 2.861091001595852945e-01 1.716129101511597310e-01 1.007635008371444013e-01 5.840344236983542603e-02
7.803368678352327892e-02 4.503339919373857553e-02 2.610176812713290578e-02 1.532580230830339445e-02 9.192666479543303015e-03 5.678394549962915289e-03 3.639777734086586079e-03 2.438010108071349182e-03 1.717323780304791034e-03 1.279160179899419035e-03 1.012211422787298067e-03 8.540715023410460141e-04 7.704730104274539653e-04 7.443314285452169851e-04 7.704730104274539653e-04 8.540715023410460141e-04 1.012211422787300018e-03 1.279160179899420987e-03 1.717323780304799057e-03 2.438010108071353085e-03 3.639777734086602125e-03 5.678394549962941310e-03 9.192666479543318628e-03 1.532580230830339445e-02 2.610176812713302028e-02 4.503339919373876982e-02 7.803368678352362586e-02 1.346315755455903818e-01 2.292944993540513288e-01 3.822745201625302180e-01 6.188584003033968939e-01 9.654771319060941881e-01 1.441389498693065541e+00 2.046278172924326011e+00 2.747210414068635309e+00 3.471727435958832153e+00 4.114552654958313127e+00 4.560993207967102947e+00 4.721179346611600103e+00 4.560993207967101171e+00 4.114552654958309574e+00 3.471727435958832153e+00 2.747210414068624207e+00 2.046278172924321126e+00 1.441389498693061988e+00 9.654771319060924117e-01 6.188584003033978931e-01 3.822745201625280531e-01 2.292944993540509124e-01 1.346315755455901597e-01 5.840344236983516929e-02 3.370474525733463400e-02 1.953557717698005056e-02 1.147042577095664165e-02 6.880148677999987743e-03 4.249931055698500694e-03 2.724151041606562122e-03 1.824701468211108093e-03 1.285311825796703073e-03 9.573731669989230149e-04 7.575783476800849884e-04 6.392202883489300422e-04 5.766519296575710503e-04 5.570865543197250349e-04 5.766519296575710503e-04 6.392202883489300422e-04 7.575783476800859641e-04 9.573731669989249665e-04 1.285311825796708928e-03 1.824701468211110912e-03 2.724151041606573832e-03 4.249931055698519776e-03 6.880148678000000753e-03 1.147042577095664165e-02 1.953557717698013729e-02 3.370474525733477972e-02 5.840344236983542603e-02 1.007635008371442070e-01 1.716129101511600086e-01 2.861091001595847394e-01 4.631776660440894422e-01 7.226005890135310805e-01 1.078791890903980644e+00 1.531514071308390346e+00 2.056118987956707223e+00 2.598375670654714753e+00 3.079491034790503345e+00 3.413624486430925309e+00 3.543514014946008484e+00 3.413624486430923977e+00 3.079491034790500237e+00 2.598375670654714753e+00 2.056118987956698785e+00 1.531514071308386793e+00 1.078791890903978201e+00 7.226005890135297483e-01 4.631776660440902194e-01 2.861091001595831296e-01 1.716129101511597310e-01 1.007635008371440405e-01
1.346315755455899654e-01 7.803368678352327892e-02 4.503339919373857553e-02 2.610176812713299599e-02 1.532580230830339445e-02 9.192666479543303015e-03 5.678394549962915289e-03 3.639777734086586079e-03 2.438010108071349182e-03 1.717323780304796021e-03 1.279160179899419035e-03 1.012211422787298067e-03 8.540715023410460141e-04 7.704730104274539653e-04 7.443314285452169851e-04 7.704730104274539653e-04 8.540715023410460141e-04 1.012211422787300018e-03 1.279160179899419035e-03 1.717323780304796021e-03 2.438010108071353085e-03 3.639777734086602125e-03 5.678394549962930901e-03 9.192666479543311689e-03 1.532580230830339445e-02 2.610176812713302028e-02 4.503339919373876982e-02 7.803368678352350096e-02 1.346315755455903818e-01 2.292944993540513288e-01 3.822745201625287192e-01 6.188584003033968939e-01 9.654771319060955204e-01 1.441389498693065541e+00 2.046278172924326011e+00 2.747210414068629980e+00 3.471727435958832153e+00 4.114552654958313127e+00 4.560993207967101171e+00 4.721179346611600103e+00 4.560993207967101171e+00 4.114552654958313127e+00 3.471727435958826824e+00 2.747210414068629980e+00 2.046278172924321126e+00 1.441389498693061988e+00 9.654771319060955204e-01 6.188584003033956726e-01 3.822745201625295519e-01 2.292944993540509124e-01 1.007635008371439017e-01 5.840344236983516929e-02 3.370474525733463400e-02 1.953557717698011648e-02 1.147042577095664165e-02 6.880148677999987743e-03 4.249931055698500694e-03 2.724151041606562122e-03 1.824701468211108093e-03 1.285311825796705892e-03 9.573731669989230149e-04 7.575783476800849884e-04 6.392202883489300422e-04 5.766519296575710503e-04 5.570865543197250349e-04 5.766519296575710503e-04 6.392202883489300422e-04 7.575783476800859641e-04 9.573731669989230149e-04 1.285311825796705892e-03 1.824701468211110912e-03 2.724151041606573832e-03 4.249931055698511970e-03 6.880148677999993814e-03 1.147042577095664165e-02 1.953557717698013729e-02 3.370474525733477972e-02 5.840344236983532888e-02 1.007635008371442070e-01 1.716129101511600086e-01 2.861091001595836292e-01 4.631776660440894422e-01 7.226005890135320797e-01 1.078791890903980644e+00 1.531514071308390346e+00 2.056118987956703226e+00 2.598375670654714753e+00 3.079491034790503345e+00 3.413624486430923977e+00 3.543514014946008484e+00 3.413624486430923977e+00 3.079491034790503345e+00 2.598375670654710756e+00 2.056118987956703226e+00 1.531514071308386793e+00 1.078791890903978201e+00 7.226005890135320797e-01 4.631776660440885540e-01 2.861091001595842398e-01 1.716129101511597310e-01
2.292944993540506904e-01 1.346315755455899654e-01 7.803368678352327892e-02 4.503339919373873512e-02 2.610176812713299599e-02 1.532580230830339445e-02 9.192666479543303015e-03 5.678394549962915289e-03 3.639777734086595187e-03 2.438010108071350917e-03 1.717323780304796021e-03 1.279160179899419035e-03 1.012211422787298067e-03 8.540715023410460141e-04 7.704730104274539653e-04 7.443314285452169851e-04 7.704730104274539653e-04 8.540715023410460141e-04 1.012211422787298067e-03 1.279160179899419035e-03 1.717323780304796021e-03 2.438010108071353085e-03 3.639777734086592151e-03 5.678394549962915289e-03 9.192666479543311689e-03 1.532580230830339445e-02 2.610176812713302028e-02 4.503339919373870043e-02 7.803368678352350096e-02 1.346315755455903818e-01 2.292944993540504128e-01 3.822745201625287192e-01 6.188584003033978931e-01 9.654771319060955204e-01 1.441389498693065541e+00 2.046278172924321126e+00 2.747210414068629980e+00 3.471727435958832153e+00 4.114552654958309574e+00 4.560993207967101171e+00 4.721179346611600103e+00 4.560993207967102947e+00 4.114552654958309574e+00 3.471727435958832153e+00 2.747210414068629980e+00 2.046278172924321126e+00 1.441389498693065541e+00 9.654771319060924117e-01 6.188584003033978931e-01 3.822745201625295519e-01 1.716129101511595367e-01 1.007635008371439017e-01 5.840344236983516929e-02 3.370474525733475196e-02 1.953557717698011648e-02 1.147042577095664165e-02 6.880148677999987743e-03 4.249931055698500694e-03 2.724151041606569061e-03 1.824701468211108960e-03 1.285311825796705892e-03 9.573731669989230149e-04 7.575783476800849884e-04 6.392202883489300422e-04 5.766519296575710503e-04 5.570865543197250349e-04 5.766519296575710503e-04 6.392202883489300422e-04 7.575783476800849884e-04 9.573731669989230149e-04 1.285311825796705892e-03 1.824701468211110912e-03 2.724151041606566025e-03 4.249931055698500694e-03 6.880148677999993814e-03 1.147042577095664165e-02 1.953557717698013729e-02 3.370474525733472421e-02 5.840344236983532888e-02 1.007635008371442070e-01 1.716129101511593147e-01 2.861091001595836292e-01 4.631776660440902194e-01 7.226005890135320797e-01 1.078791890903980644e+00 1.531514071308386793e+00 2.056118987956703226e+00 2.598375670654714753e+00 3.079491034790500237e+00 3.413624486430923977e+00 3.543514014946008484e+00 3.413624486430925309e+00 3.079491034790500237e+00 2.598375670654714753e+00 2.056118987956703226e+00 1.531514071308386793e+00 1.078791890903980644e+00 7.226005890135297483e-01 4.631776660440902194e-01 2.861091001595842398e-01
3.822745201625276645e-01 2.292944993540497745e-01 1.346315755455894658e-01 7.803368678352327892e-02 4.503339919373857553e-02 2.610176812713290578e-02 1.532580230830333894e-02 9.192666479543263117e-03 5.678394549962915289e-03 3.639777734086586079e-03 2.438010108071343978e-03 1.717323780304791034e-03 1.279160179899417084e-03 1.012211422787295898e-03 8.540715023410460141e-04 7.704730104274539653e-04 7.443314285452169851e-04 7.704730104274560253e-04 8.540715023410479657e-04 1.012211422787300018e-03 1.279160179899420987e-03 1.717323780304799057e-03 2.438010108071356988e-03 3.639777734086602125e-03 5.678394549962941310e-03 9.192666479543335975e-03 1.532580230830344822e-02 2.610176812713306538e-02 4.503339919373885308e-02 7.803368678352377852e-02 1.346315755455903818e-01 2.292944993540513288e-01 3.822745201625309397e-01 6.188584003033998915e-01 9.654771319060984069e-01 1.441389498693065541e+00 2.046278172924326011e+00 2.747210414068635309e+00 3.471727435958832153e+00 4.114552654958313127e+00 4.560993207967102947e+00 4.721179346611600103e+00 4.560993207967098506e+00 4.114552654958309574e+00 3.471727435958826824e+00 2.747210414068624207e+00 2.046278172924321126e+00 1.441389498693057769e+00 9.654771319060924117e-01 6.188584003033956726e-01 2.861091001595828520e-01 1.716129101511588706e-01 1.007635008371435409e-01 5.840344236983516929e-02 3.370474525733463400e-02 1.953557717698005056e-02 1.147042577095660001e-02 6.880148677999958252e-03 4.249931055698500694e-03 2.724151041606562122e-03 1.824701468211103973e-03 1.285311825796703073e-03 9.573731669989209549e-04 7.575783476800830368e-04 6.392202883489300422e-04 5.766519296575710503e-04 5.570865543197250349e-04 5.766519296575730019e-04 6.392202883489310180e-04 7.575783476800859641e-04 9.573731669989249665e-04 1.285311825796708928e-03 1.824701468211113948e-03 2.724151041606573832e-03 4.249931055698519776e-03 6.880148678000012896e-03 1.147042577095668155e-02 1.953557717698016852e-02 3.370474525733484217e-02 5.840344236983553705e-02 1.007635008371442070e-01 1.716129101511600086e-01 2.861091001595852945e-01 4.631776660440917182e-01 7.226005890135343002e-01 1.078791890903980644e+00 1.531514071308390346e+00 2.056118987956707223e+00 2.598375670654714753e+00 3.079491034790503345e+00 3.413624486430925309e+00 3.543514014946008484e+00 3.413624486430921756e+00 3.079491034790500237e+00 2.598375670654710756e+00 2.056118987956698785e+00 1.531514071308386793e+00 1.078791890903975093e+00 7.226005890135297483e-01 4.631776660440885540e-01
6.188584003033973380e-01 3.822745201625292188e-01 2.292944993540506904e-01 1.346315755455905205e-01 7.803368678352355647e-02 4.503339919373873512e-02 2.610176812713299599e-02 1.532580230830339445e-02 9.192666479543327301e-03 5.678394549962936105e-03 3.639777734086595187e-03 2.438010108071350917e-03 1.717323780304797973e-03 1.279160179899419035e-03 1.012211422787298067e-03 8.540715023410460141e-04 7.704730104274539653e-04 7.443314285452169851e-04 7.704730104274539653e-04 8.540715023410460141e-04 1.012211422787298067e-03 1.279160179899419035e-03 1.717323780304794070e-03 2.438010108071346146e-03 3.639777734086586079e-03 5.678394549962915289e-03 9.192666479543311689e-03 1.532580230830336669e-02 2.610176812713297517e-02 4.503339919373870043e-02 7.803368678352320953e-02 1.346315755455898266e-01 2.292944993540509124e-01 3.822745201625295519e-01 6.188584003033978931e-01 9.654771319060924117e-01 1.441389498693061988e+00 2.046278172924321126e+00 2.747210414068624207e+00 3.471727435958826824e+00 4.114552654958309574e+00 4.560993207967098506e+00 4.721179346611600103e+00 4.560993207967102947e+00 4.114552654958313127e+00 3.471727435958832153e+00 2.747210414068635309e+00 2.046278172924321126e+00 1.441389498693065541e+00 9.654771319060955204e-01 4.631776660440898308e-01 2.861091001595840178e-01 1.716129101511595367e-01 1.007635008371443042e-01 5.840344236983537746e-02 3.370474525733475196e-02 1.953557717698011648e-02 1.147042577095664165e-02 6.880148678000006825e-03 4.249931055698516306e-03 2.724151041606569061e-03 1.824701468211108960e-03 1.285311825796706976e-03 9.573731669989230149e-04 7.575783476800849884e-04 6.392202883489300422e-04 5.766519296575710503e-04 5.570865543197250349e-04 5.766519296575710503e-04 6.392202883489300422e-04 7.575783476800849884e-04 9.573731669989230149e-04 1.285311825796705025e-03 1.824701468211105924e-03 2.724151041606562122e-03 4.249931055698500694e-03 6.880148677999993814e-03 1.147042577095662083e-02 1.953557717698010260e-02 3.370474525733472421e-02 5.840344236983512072e-02 1.007635008371438046e-01 1.716129101511597310e-01 2.861091001595842398e-01 4.631776660440902194e-01 7.226005890135297483e-01 1.078791890903978201e+00 1.531514071308386793e+00 2.056118987956698785e+00 2.598375670654710756e+00 3.079491034790500237e+00 3.413624486430921756e+00 3.543514014946008484e+00 3.413624486430925309e+00 3.079491034790503345e+00 2.598375670654714753e+00 2.056118987956707223e+00 1.531514071308386793e+00 1.078791890903980644e+00 7.226005890135320797e-01
9.654771319060918566e-01 6.188584003033951175e-01 3.822745201625276645e-01 2.292944993540506904e-01 1.346315755455899654e-01 7.803368678352327892e-02 4.503339919373857553e-02 2.610176812713290578e-02 1.532580230830339445e-02 9.192666479543303015e-03 5.678394549962915289e-03 3.639777734086586079e-03 2.438010108071349182e-03 1.717323780304791034e-03 1.279160179899419035e-03 1.012211422787298067e-03 8.540715023410460141e-04 7.704730104274539653e-04 7.443314285452169851e-04 7.704730104274539653e-04 8.540715023410460141e-04 1.012211422787300018e-03 1.279160179899419035e-03 1.717323780304796021e-03 2.438010108071353085e-03 3.639777734086602125e-03 5.678394549962941310e-03 9.192666479543318628e-03 1.532580230830342220e-02 2.610176812713306538e-02 4.503339919373870043e-02 7.803368678352350096e-02 1.346315755455906316e-01 2.292944993540518561e-01 3.822745201625309397e-01 6.188584003033978931e-01 9.654771319060955204e-01 1.441389498693065541e+00 2.046278172924321126e+00 2.747210414068629980e+00 3.471727435958832153e+00 4.114552654958309574e+00 4.560993207967102947e+00 4.721179346611600103e+00 4.560993207967101171e+00 4.114552654958309574e+00 3.471727435958832153e+00 2.747210414068624207e+00 2.046278172924321126e+00 1.441389498693061988e+00 7.226005890135294152e-01 4.631776660440881654e-01 2.861091001595828520e-01 1.716129101511595367e-01 1.007635008371439017e-01 5.840344236983516929e-02 3.370474525733463400e-02 1.953557717698005056e-02 1.147042577095664165e-02 6.880148677999987743e-03 4.249931055698500694e-03 2.724151041606562122e-03 1.824701468211108093e-03 1.285311825796703073e-03 9.573731669989230149e-04 7.575783476800849884e-04 6.392202883489300422e-04 5.766519296575710503e-04 5.570865543197250349e-04 5.766519296575710503e-04 6.392202883489300422e-04 7.575783476800859641e-04 9.573731669989230149e-04 1.285311825796705892e-03 1.824701468211110912e-03 2.724151041606573832e-03 4.249931055698519776e-03 6.880148678000000753e-03 1.147042577095666246e-02 1.953557717698016852e-02 3.370474525733472421e-02 5.840344236983532888e-02 1.007635008371444013e-01 1.716129101511603972e-01 2.861091001595852945e-01 4.631776660440902194e-01 7.226005890135320797e-01 1.078791890903980644e+00 1.531514071308386793e+00 2.056118987956703226e+00 2.598375670654714753e+00 3.079491034790500237e+00 3.413624486430925309e+00 3.543514014946008484e+00 3.413624486430923977e+00 3.079491034790500237e+00 2.598375670654714753e+00 2.056118987956698785e+00 1.531514071308386793e+00 1.078791890903978201e+00
1.441389498693060656e+00 9.654771319060918566e-01 6.188584003033951175e-01 3.822745201625292188e-01 2.292944993540506904e-01 1.346315755455899654e-01 7.803368678352327892e-02 4.503339919373857553e-02 2.610176812713290578e-02 1.532580230830339445e-02 9.192666479543303015e-03 5.678394549962915289e-03 3.639777734086595187e-03 2.438010108071349182e-03 1.717323780304796021e-03 1.279160179899419035e-03 1.012211422787298067e-03 8.540715023410460141e-04 7.704730104274539653e-04 7.443314285452169851e-04 7.704730104274539653e-04 8.540715023410460141e-04 1.012211422787298067e-03 1.279160179899419035e-03 1.717323780304796021e-03 2.438010108071353085e-03 3.639777734086602125e-03 5.678394549962930901e-03 9.192666479543318628e-03 1.532580230830342220e-02 2.610176812713297517e-02 4.503339919373870043e-02 7.803368678352362586e-02 1.346315755455906316e-01 2.292944993540518561e-01 3.822745201625295519e-01 6.188584003033978931e-01 9.654771319060955204e-01 1.441389498693061988e+00 2.046278172924321126e+00 2.747210414068629980e+00 3.471727435958826824e+00 4.114552654958313127e+00 4.560993207967101171e+00 4.721179346611600103e+00 4.560993207967101171e+00 4.114552654958313127e+00 3.471727435958826824e+00 2.747210414068629980e+00 2.046278172924321126e+00 1.078791890903977313e+00 7.226005890135294152e-01 4.631776660440881654e-01 2.861091001595840178e-01 1.716129101511595367e-01 1.007635008371439017e-01 5.840344236983516929e-02 3.370474525733463400e-02 1.953557717698005056e-02 1.147042577095664165e-02 6.880148677999987743e-03 4.249931055698500694e-03 2.724151041606569061e-03 1.824701468211108093e-03 1.285311825796705892e-03 9.573731669989230149e-04 7.575783476800849884e-04 6.392202883489300422e-04 5.766519296575710503e-04 5.570865543197250349e-04 5.766519296575710503e-04 6.392202883489300422e-04 7.575783476800849884e-04 9.573731669989230149e-04 1.285311825796705892e-03 1.824701468211110912e-03 2.724151041606573832e-03 4.249931055698511970e-03 6.880148678000000753e-03 1.147042577095666246e-02 1.953557717698010260e-02 3.370474525733472421e-02 5.840344236983542603e-02 1.007635008371444013e-01 1.716129101511603972e-01 2.861091001595842398e-01 4.631776660440902194e-01 7.226005890135320797e-01 1.078791890903978201e+00 1.531514071308386793e+00 2.056118987956703226e+00 2.598375670654710756e+00 3.079491034790503345e+00 3.413624486430923977e+00 3.543514014946008484e+00 3.413624486430923977e+00 3.079491034790503345e+00 2.598375670654710756e+00 2.056118987956703226e+00 1.531514071308386793e+00
2.046278172924320238e+00 1.441389498693060656e+00 9.654771319060918566e-01 6.188584003033973380e-01 3.822745201625292188e-01 2.292944993540506904e-01 1.346315755455899654e-01 7.803368678352327892e-02 4.503339919373873512e-02 2.610176812713299599e-02 1.532580230830339445e-02 9.192666479543303015e-03 5.678394549962915289e-03 3.639777734086595187e-03 2.438010108071350917e-03 1.717323780304796021e-03 1.279160179899419035e-03 1.012211422787298067e-03 8.540715023410460141e-04 7.704730104274539653e-04 7.443314285452169851e-04 7.704730104274539653e-04 8.540715023410460141e-04 1.012211422787298067e-03 1.279160179899419035e-03 1.717323780304796021e-03 2.438010108071353085e-03 3.639777734086592151e-03 5.678394549962930901e-03 9.192666479543318628e-03 1.532580230830336669e-02 2.610176812713297517e-02 4.503339919373876982e-02 7.803368678352362586e-02 1.346315755455906316e-01 2.292944993540509124e-01 3.822745201625295519e-01 6.188584003033978931e-01 9.654771319060924117e-01 1.441389498693061988e+00 2.046278172924321126e+00 2.747210414068624207e+00 3.471727435958832153e+00 4.114552654958309574e+00 4.560993207967101171e+00 4.721179346611600103e+00 4.560993207967102947e+00 4.114552654958309574e+00 3.471727435958832153e+00 2.747210414068629980e+00 1.531514071308386127e+00 1.078791890903977313e+00 7.226005890135294152e-01 4.631776660440898308e-01 2.861091001595840178e-01 1.716129101511595367e-01 1.007635008371439017e-01 5.840344236983516929e-02 3.370474525733475196e-02 1.953557717698011648e-02 1.147042577095664165e-02 6.880148677999987743e-03 4.249931055698500694e-03 2.724151041606569061e-03 1.824701468211108960e-03 1.285311825796705892e-03 9.573731669989230149e-04 7.575783476800849884e-04 6.392202883489300422e-04 5.766519296575710503e-04 5.570865543197250349e-04 5.766519296575710503e-04 6.392202883489300422e-04 7.575783476800849884e-04 9.573731669989230149e-04 1.285311825796705892e-03 1.824701468211110912e-03 2.724151041606566025e-03 4.249931055698511970e-03 6.880148678000000753e-03 1.147042577095662083e-02 1.953557717698010260e-02 3.370474525733477972e-02 5.840344236983542603e-02 1.007635008371444013e-01 1.716129101511597310e-01 2.861091001595842398e-01 4.631776660440902194e-01 7.226005890135297483e-01 1.078791890903978201e+00 1.531514071308386793e+00 2.056118987956698785e+00 2.598375670654714753e+00 3.079491034790500237e+00 3.413624486430923977e+00 3.543514014946008484e+00 3.413624486430925309e+00 3.079491034790500237e+00 2.598375670654714753e+00 2.056118987956703226e+00
2.747210414068623319e+00 2.046278172924315353e+00 1.441389498693057325e+00 9.654771319060918566e-01 6.188584003033951175e-01 3.822745201625276645e-01 2.292944993540497745e-01 1.346315755455894658e-01 7.803368678352327892e-02 4.503339919373857553e-02 2.610176812713290578e-02 1.532580230830333894e-02 9.192666479543263117e-03 5.678394549962915289e-03 3.639777734086586079e-03 2.438010108071343978e-03 1.717323780304791034e-03 1.279160179899417084e-03 1.012211422787295898e-03 8.540715023410460141e-04 7.704730104274539653e-04 7.443314285452169851e-04 7.704730104274539653e-04 8.540715023410460141e-04 1.012211422787300018e-03 1.279160179899420987e-03 1.717323780304799057e-03 2.438010108071356988e-03 3.639777734086605161e-03 5.678394549962950850e-03 9.192666479543318628e-03 1.532580230830342220e-02 2.610176812713313477e-02 4.503339919373897798e-02 7.803368678352398669e-02 1.346315755455906316e-01 2.292944993540518561e-01 3.822745201625309397e-01 6.188584003033978931e-01 9.654771319060955204e-01 1.441389498693065541e+00 2.046278172924321126e+00 2.747210414068635309e+00 3.471727435958832153e+00 4.114552654958313127e+00 4.560993207967102947e+00 4.721179346611600103e+00 4.560993207967098506e+00 4.114552654958309574e+00 3.471727435958826824e+00 2.056118987956697897e+00 1.531514071308382352e+00 1.078791890903974648e+00 7.226005890135294152e-01 4.631776660440881654e-01 2.861091001595828520e-01 1.716129101511588706e-01 1.007635008371435409e-01 5.840344236983516929e-02 3.370474525733463400e-02 1.953557717698005056e-02 1.147042577095660001e-02 6.880148677999958252e-03 4.249931055698500694e-03 2.724151041606562122e-03 1.824701468211103973e-03 1.285311825796703073e-03 9.573731669989209549e-04 7.575783476800830368e-04 6.392202883489300422e-04 5.766519296575710503e-04 5.570865543197250349e-04 5.766519296575710503e-04 6.392202883489300422e-04 7.575783476800859641e-04 9.573731669989249665e-04 1.285311825796708928e-03 1.824701468211113948e-03 2.724151041606576000e-03 4.249931055698527582e-03 6.880148678000000753e-03 1.147042577095666246e-02 1.953557717698022056e-02 3.370474525733493237e-02 5.840344236983569665e-02 1.007635008371444013e-01 1.716129101511603972e-01 2.861091001595852945e-01 4.631776660440902194e-01 7.226005890135320797e-01 1.078791890903980644e+00 1.531514071308386793e+00 2.056118987956707223e+00 2.598375670654714753e+00 3.079491034790503345e+00 3.413624486430925309e+00 3.543514014946008484e+00 3.413624486430921756e+00 3.079491034790500237e+00 2.598375670654710756e+00
3.471727435958829933e+00 2.747210414068628648e+00 2.046278172924320238e+00 1.441389498693064875e+00 9.654771319060947432e-01 6.188584003033973380e-01 3.822745201625292188e-01 2.292944993540506904e-01 1.346315755455905205e-01 7.803368678352355647e-02 4.503339919373873512e-02 2.610176812713299599e-02 1.532580230830339445e-02 9.192666479543327301e-03 5.678394549962936105e-03 3.639777734086595187e-03 2.438010108071350917e-03 1.717323780304796021e-03 1.279160179899419035e-03 1.012211422787298067e-03 8.540715023410460141e-04 7.704730104274539653e-04 7.443314285452169851e-04 7.704730104274539653e-04 8.540715023410460141e-04 1.012211422787298067e-03 1.279160179899419035e-03 1.717323780304794070e-03 2.438010108071349182e-03 3.639777734086592151e-03 5.678394549962910084e-03 9.192666479543287403e-03 1.532580230830339445e-02 2.610176812713302028e-02 4.503339919373876982e-02 7.803368678352334831e-02 1.346315755455901597e-01 2.292944993540509124e-01 3.822745201625280531e-01 6.188584003033956726e-01 9.654771319060924117e-01 1.441389498693057769e+00 2.046278172924321126e+00 2.747210414068624207e+00 3.471727435958826824e+00 4.114552654958309574e+00 4.560993207967098506e+00 4.721179346611600103e+00 4.560993207967102947e+00 4.114552654958313127e+00 2.598375670654713421e+00 2.056118987956701893e+00 1.531514071308386127e+00 1.078791890903980422e+00 7.226005890135315246e-01 4.631776660440898308e-01 2.861091001595840178e-01 1.716129101511595367e-01 1.007635008371443042e-01 5.840344236983537746e-02 3.370474525733475196e-02 1.953557717698011648e-02 1.147042577095664165e-02 6.880148678000006825e-03 4.249931055698516306e-03 2.724151041606569061e-03 1.824701468211108960e-03 1.285311825796705892e-03 9.573731669989230149e-04 7.575783476800849884e-04 6.392202883489300422e-04 5.766519296575710503e-04 5.570865543197250349e-04 5.766519296575710503e-04 6.392202883489300422e-04 7.575783476800849884e-04 9.573731669989230149e-04 1.285311825796705025e-03 1.824701468211108093e-03 2.724151041606566025e-03 4.249931055698497225e-03 6.880148677999975600e-03 1.147042577095664165e-02 1.953557717698013729e-02 3.370474525733477972e-02 5.840344236983521786e-02 1.007635008371440405e-01 1.716129101511597310e-01 2.861091001595831296e-01 4.631776660440885540e-01 7.226005890135297483e-01 1.078791890903975093e+00 1.531514071308386793e+00 2.056118987956698785e+00 2.598375670654710756e+00 3.079491034790500237e+00 3.413624486430921756e+00 3.543514014946008484e+00 3.413624486430925309e+00 3.079491034790503345e+00
4.114552654958307798e+00 3.471727435958825048e+00 2.747210414068623319e+00 2.046278172924320238e+00 1.441389498693060656e+00 9.654771319060918566e-01 6.188584003033951175e-01 3.822745201625276645e-01 2.292944993540506904e-01 1.346315755455899654e-01 7.803368678352327892e-02 4.503339919373857553e-02 2.610176812713290578e-02 1.532580230830339445e-02 9.192666479543303015e-03 5.678394549962915289e-03 3.639777734086586079e-03 2.438010108071343978e-03 1.717323780304791034e-03 1.279160179899419035e-03 1.012211422787298067e-03 8.540715023410460141e-04 7.704730104274539653e-04 7.443314285452169851e-04 7.704730104274539653e-04 8.540715023410460141e-04 1.012211422787300018e-03 1.279160179899419035e-03 1.717323780304799057e-03 2.438010108071356988e-03 3.639777734086592151e-03 5.678394549962930901e-03 9.192666479543335975e-03 1.532580230830344822e-02 2.610176812713313477e-02 4.503339919373876982e-02 7.803368678352362586e-02 1.346315755455906316e-01 2.292944993540509124e-01 3.822745201625295519e-01 6.188584003033978931e-01 9.654771319060924117e-01 1.441389498693065541e+00 2.046278172924321126e+00 2.747210414068629980e+00 3.471727435958832153e+00 4.114552654958309574e+00 4.560993207967102947e+00 4.721179346611600103e+00 4.560993207967101171e+00 3.079491034790499349e+00 2.598375670654709868e+00 2.056118987956697897e+00 1.531514071308386127e+00 1.078791890903977313e+00 7.226005890135294152e-01 4.631776660440881654e-01 2.861091001595828520e-01 1.716129101511595367e-01 1.007635008371439017e-01 5.840344236983516929e-02 3.370474525733463400e-02 1.953557717698005056e-02 1.147042577095664165e-02 6.880148677999987743e-03 4.249931055698500694e-03 2.724151041606562122e-03 1.824701468211103973e-03 1.285311825796703073e-03 9.573731669989230149e-04 7.575783476800849884e-04 6.392202883489300422e-04 5.766519296575710503e-04 5.570865543197250349e-04 5.766519296575710503e-04 6.392202883489300422e-04 7.575783476800859641e-04 9.573731669989230149e-04 1.285311825796708928e-03 1.824701468211113948e-03 2.724151041606566025e-03 4.249931055698511970e-03 6.880148678000012896e-03 1.147042577095668155e-02 1.953557717698022056e-02 3.370474525733477972e-02 5.840344236983542603e-02 1.007635008371444013e-01 1.716129101511597310e-01 2.861091001595842398e-01 4.631776660440902194e-01 7.226005890135297483e-01 1.078791890903980644e+00 1.531514071308386793e+00 2.056118987956703226e+00 2.598375670654714753e+00 3.079491034790500237e+00 3.413624486430925309e+00 3.543514014946008484e+00 3.413624486430923977e+00
4.560993207967101171e+00 4.114552654958307798e+00 3.471727435958825048e+00 2.747210414068628648e+00 2.046278172924320238e+00 1.441389498693060656e+00 9.654771319060918566e-01 6.188584003033951175e-01 3.822745201625276645e-01 2.292944993540506904e-01 1.346315755455899654e-01 7.803368678352327892e-02 4.503339919373873512e-02 2.610176812713290578e-02 1.532580230830339445e-02 9.192666479543303015e-03 5.678394549962915289e-03 3.639777734086586079e-03 2.438010108071349182e-03 1.717323780304796021e-03 1.279160179899419035e-03 1.012211422787298067e-03 8.540715023410460141e-04 7.704730104274539653e-04 7.443314285452169851e-04 7.704730104274539653e-04 8.540715023410460141e-04 1.012211422787298067e-03 1.279160179899419035e-03 1.717323780304799057e-03 2.438010108071349182e-03 3.639777734086592151e-03 5.678394549962941310e-03 9.192666479543335975e-03 1.532580230830344822e-02 2.610176812713302028e-02 4.503339919373876982e-02 7.803368678352362586e-02 1.346315755455901597e-01 2.292944993540509124e-01 3.822745201625295519e-01 6.188584003033956726e-01 9.654771319060955204e-01 1.441389498693061988e+00 2.046278172924321126e+00 2.747210414068629980e+00 3.471727435958826824e+00 4.114552654958313127e+00 4.560993207967101171e+00 4.721179346611600103e+00 3.413624486430923977e+00 3.079491034790499349e+00 2.598375670654709868e+00 2.056118987956701893e+00 1.531514071308386127e+00 1.078791890903977313e+00 7.226005890135294152e-01 4.631776660440881654e-01 2.861091001595828520e-01 1.716129101511595367e-01 1.007635008371439017e-01 5.840344236983516929e-02 3.370474525733475196e-02 1.953557717698005056e-02 1.147042577095664165e-02 6.880148677999987743e-03 4.249931055698500694e-03 2.724151041606562122e-03 1.824701468211108093e-03 1.285311825796705892e-03 9.573731669989230149e-04 7.575783476800849884e-04 6.392202883489300422e-04 5.766519296575710503e-04 5.570865543197250349e-04 5.766519296575710503e-04 6.392202883489300422e-04 7.575783476800849884e-04 9.573731669989230149e-04 1.285311825796708928e-03 1.824701468211108093e-03 2.724151041606566025e-03 4.249931055698519776e-03 6.880148678000012896e-03 1.147042577095668155e-02 1.953557717698013729e-02 3.370474525733477972e-02 5.840344236983542603e-02 1.007635008371440405e-01 1.716129101511597310e-01 2.861091001595842398e-01 4.631776660440885540e-01 7.226005890135320797e-01 1.078791890903978201e+00 1.531514071308386793e+00 2.056118987956703226e+00 2.598375670654710756e+00 3.079491034790503345e+00 3.413624486430923977e+00 3.543514014946008484e+00
