2.491504919339399340e-02 1.217811009655623243e-02 5.972562526652652748e-03 4.758222916421230345e-04 -1.581568065476918151e-03 -7.471403367196115903e-04 5.226277738046042776e-04 5.358836604653188481e-04 -4.155937560063734061e-04 -1.032623661930363911e-03 -6.459525056726111904e-04 2.431029219932262367e-04 7.399948141382751369e-04 5.299643112604379529e-04 3.173044345718548570e-05 -2.092175244531488095e-04 -8.881000664383250948e-05 8.577435679846042858e-05 4.197027672193926048e-05 -1.622046223051370486e-04 -2.721580454488357133e-04 -1.629967167713233345e-04 4.057615259731907760e-05 1.473197655464379859e-04 1.236481013665682621e-04 8.951552819876445696e-05 1.236481013663448623e-04 1.473197655455932569e-04 4.057615259756099698e-05 -1.629967167710205439e-04 -2.721580454486869066e-04 -1.622046223052874003e-04 4.197027672198693827e-05 8.577435679831171670e-05 -8.881000664367488004e-05 -2.092175244529126702e-04 3.173044345719595503e-05 5.299643112607006551e-04 7.399948141377952690e-04 2.431029219924270984e-04 -6.459525056724077941e-04 -1.032623661930147721e-03 -4.155937560051705922e-04 5.358836604644449811e-04 5.226277738030434602e-04 -7.471403367185358449e-04 -1.581568065475117725e-03 4.758222916423449165e-04 5.972562526654114252e-03 1.217811009655168572e-02 3.903743905695405709e-03 2.383221106491559098e-03 -8.394727468814326384e-04 -3.050096811950904919e-03 -2.693061993881847114e-03 -5.671949779530275097e-04 1.293495161189589428e-03 1.620164864941824436e-03 7.623787659615423188e-04 -1.149003071927669255e-04 -3.169727954289695989e-04 -6.578766637595402254e-05 5.889651474871705983e-05 -1.558055906746542247e-04 -4.271155271583541250e-04 -4.072946204421727841e-04 -8.616242282357132768e-05 2.469945274981136577e-04 3.452499707888988679e-04 2.296236521447106362e-04 9.078704487058875431e-05 4.376659893944465166e-05 3.232875196008311487e-05 -4.391235016521837723e-05 -1.722226761882102478e-04 -2.375568505295319361e-04 -1.722226761878112885e-04 -4.391235016484360920e-05 3.232875195988457712e-05 4.376659893961118512e-05 9.078704487082627590e-05 2.296236521445242347e-04 3.452499707882873236e-04 2.469945274978577860e-04 -8.616242282314220046e-05 -4.072946204417437111e-04 -4.271155271584339223e-04 -1.558055906750400923e-04 5.889651474771898397e-05 -6.578766637471510472e-05 -3.169727954281565557e-04 -1.149003071921192773e-04 7.623787659606110975e-04 1.620164864940909803e-03 1.293495161188760231e-03 -5.671949779507968721e-04 -2.693061993884092280e-03 -3.050096811951250562e-03 -8.394727468783911260e-04 2.383221106486793812e-03
1.217811009655622896e-02 2.491504919338330404e-02 1.217811009655907911e-02 5.972562526653156685e-03 4.758222916419342749e-04 -1.581568065470928585e-03 -7.471403367211596142e-04 5.226277738031280280e-04 5.358836604597659982e-04 -4.155937560056571821e-04 -1.032623661926052906e-03 -6.459525056695402962e-04 2.431029219899454952e-04 7.399948141356246963e-04 5.299643112617050600e-04 3.173044345831695231e-05 -2.092175244514758855e-04 -8.881000664552723945e-05 8.577435679892678460e-05 4.197027672050386490e-05 -1.622046223073481705e-04 -2.721580454493386205e-04 -1.629967167691667208e-04 4.057615260029525322e-05 1.473197655427101464e-04 1.236481013644476711e-04 8.951552820095737782e-05 1.236481013679643622e-04 1.473197655446824457e-04 4.057615259998027893e-05 -1.629967167724737814e-04 -2.721580454516510611e-04 -1.622046223064854979e-04 4.197027672087120614e-05 8.577435680054412964e-05 -8.881000664457647546e-05 -2.092175244536003797e-04 3.173044345773441726e-05 5.299643112618705092e-04 7.399948141403229779e-04 2.431029219951495572e-04 -6.459525056734829974e-04 -1.032623661934884383e-03 -4.155937560053861316e-04 5.358836604669156610e-04 5.226277738038928242e-04 -7.471403367222797035e-04 -1.581568065476530440e-03 4.758222916413955891e-04 5.972562526661558818e-03 2.383221106491619813e-03 3.903743905697421024e-03 2.383221106485861832e-03 -8.394727468812753206e-04 -3.050096811956040134e-03 -2.693061993877613521e-03 -5.671949779532433743e-04 1.293495161192592018e-03 1.620164864940039405e-03 7.623787659618313671e-04 -1.149003071956167102e-04 -3.169727954267085495e-04 -6.578766637477724305e-05 5.889651474911472486e-05 -1.558055906779731031e-04 -4.271155271600826143e-04 -4.072946204399206251e-04 -8.616242282125757249e-05 2.469945274982875637e-04 3.452499707881015456e-04 2.296236521448157767e-04 9.078704487151805110e-05 4.376659894007106302e-05 3.232875196049296362e-05 -4.391235016475809953e-05 -1.722226761890479295e-04 -2.375568505304222016e-04 -1.722226761890674181e-04 -4.391235016479154039e-05 3.232875196235360363e-05 4.376659893873101624e-05 9.078704487084290485e-05 2.296236521453550860e-04 3.452499707918316348e-04 2.469945274998049589e-04 -8.616242282310140736e-05 -4.072946204437386973e-04 -4.271155271618955088e-04 -1.558055906768928854e-04 5.889651474807998263e-05 -6.578766637256956349e-05 -3.169727954294691450e-04 -1.149003071965420090e-04 7.623787659624793947e-04 1.620164864947281659e-03 1.293495161190532467e-03 -5.671949779531842853e-04 -2.693061993880575128e-03 -3.050096811963368907e-03 -8.394727468751782013e-04
5.972562526652652748e-03 1.217811009655907738e-02 2.491504919338165258e-02 1.217811009655970708e-02 5.972562526656172502e-03 4.758222916429042564e-04 -1.581568065476031924e-03 -7.471403367214243764e-04 5.226277738063948375e-04 5.358836604622727821e-04 -4.155937560087631503e-04 -1.032623661931804816e-03 -6.459525056696763636e-04 2.431029219956196130e-04 7.399948141376753562e-04 5.299643112606707311e-04 3.173044345585159854e-05 -2.092175244494768336e-04 -8.881000664446815011e-05 8.577435679785334313e-05 4.197027672027974675e-05 -1.622046223046997898e-04 -2.721580454503469827e-04 -1.629967167730454541e-04 4.057615260014810665e-05 1.473197655477161789e-04 1.236481013649068307e-04 8.951552819908393068e-05 1.236481013679963190e-04 1.473197655428675726e-04 4.057615259808722806e-05 -1.629967167683083851e-04 -2.721580454511531412e-04 -1.622046223042657295e-04 4.197027672042120803e-05 8.577435679854387149e-05 -8.881000664394149890e-05 -2.092175244521980997e-04 3.173044345808228353e-05 5.299643112617177451e-04 7.399948141382641864e-04 2.431029219902063813e-04 -6.459525056722344302e-04 -1.032623661931207420e-03 -4.155937560069473827e-04 5.358836604633849567e-04 5.226277738046351774e-04 -7.471403367180906715e-04 -1.581568065475754585e-03 4.758222916439210212e-04 -8.394727468803884433e-04 2.383221106491856603e-03 3.903743905697143034e-03 2.383221106489203777e-03 -8.394727468821189384e-04 -3.050096811952737220e-03 -2.693061993883674645e-03 -5.671949779524776023e-04 1.293495161191109914e-03 1.620164864942679438e-03 7.623787659660236516e-04 -1.149003071926550223e-04 -3.169727954312548802e-04 -6.578766637786338388e-05 5.889651474918656681e-05 -1.558055906763296966e-04 -4.271155271597399522e-04 -4.072946204415183054e-04 -8.616242282481120774e-05 2.469945274992384090e-04 3.452499707910519850e-04 2.296236521439758995e-04 9.078704487223724306e-05 4.376659894028719872e-05 3.232875195850441486e-05 -4.391235016563155990e-05 -1.722226761879992079e-04 -2.375568505310320382e-04 -1.722226761870644901e-04 -4.391235016505244687e-05 3.232875196130244251e-05 4.376659893761836731e-05 9.078704487199846108e-05 2.296236521445751651e-04 3.452499707888718170e-04 2.469945274984800638e-04 -8.616242282428123616e-05 -4.072946204422851074e-04 -4.271155271566841826e-04 -1.558055906771175050e-04 5.889651474405774843e-05 -6.578766637315892223e-05 -3.169727954232775375e-04 -1.149003071906775595e-04 7.623787659584658951e-04 1.620164864943431440e-03 1.293495161190761885e-03 -5.671949779552569546e-04 -2.693061993881538767e-03 -3.050096811955041367e-03
4.758222916421231429e-04 5.972562526653154950e-03 1.217811009655970708e-02 2.491504919338580551e-02 1.217811009655722296e-02 5.972562526651915490e-03 4.758222916414093584e-04 -1.581568065473302120e-03 -7.471403367146697968e-04 5.226277738020737498e-04 5.358836604632123517e-04 -4.155937560086773899e-04 -1.032623661929987476e-03 -6.459525056728845178e-04 2.431029219929174018e-04 7.399948141395694574e-04 5.299643112626527611e-04 3.173044345246904362e-05 -2.092175244519234171e-04 -8.881000664128142243e-05 8.577435680140052738e-05 4.197027672032749908e-05 -1.622046223071521196e-04 -2.721580454486591510e-04 -1.629967167739465074e-04 4.057615259890504853e-05 1.473197655470726507e-04 1.236481013635450186e-04 8.951552819946113817e-05 1.236481013682272541e-04 1.473197655449066587e-04 4.057615259457145179e-05 -1.629967167649716173e-04 -2.721580454500408040e-04 -1.622046223079091909e-04 4.197027672229399788e-05 8.577435679888164113e-05 -8.881000664474268365e-05 -2.092175244537144378e-04 3.173044345612439058e-05 5.299643112591957824e-04 7.399948141426277749e-04 2.431029219950944797e-04 -6.459525056754617748e-04 -1.032623661930754657e-03 -4.155937560048385553e-04 5.358836604636858228e-04 5.226277738030457370e-04 -7.471403367150357151e-04 -1.581568065479285181e-03 -3.050096811953321389e-03 -8.394727468865275212e-04 2.383221106496906383e-03 3.903743905697102268e-03 2.383221106491885226e-03 -8.394727468851903747e-04 -3.050096811950342435e-03 -2.693061993886958477e-03 -5.671949779512246983e-04 1.293495161190146492e-03 1.620164864941098888e-03 7.623787659627736472e-04 -1.149003071896010552e-04 -3.169727954306550996e-04 -6.578766637478935901e-05 5.889651475128159099e-05 -1.558055906774961084e-04 -4.271155271617204643e-04 -4.072946204401815384e-04 -8.616242282382757887e-05 2.469945274955218724e-04 3.452499707916563735e-04 2.296236521426665627e-04 9.078704486975771335e-05 4.376659894448709979e-05 3.232875196018045590e-05 -4.391235016572497747e-05 -1.722226761855353584e-04 -2.375568505312247822e-04 -1.722226761905675473e-04 -4.391235016453768800e-05 3.232875196384975519e-05 4.376659893745430042e-05 9.078704486912498651e-05 2.296236521438206417e-04 3.452499707879628761e-04 2.469945275007932092e-04 -8.616242281768775552e-05 -4.072946204447138829e-04 -4.271155271602135859e-04 -1.558055906748300823e-04 5.889651474741140259e-05 -6.578766637590512502e-05 -3.169727954284130237e-04 -1.149003071926211410e-04 7.623787659589664712e-04 1.620164864944958214e-03 1.293495161187197462e-03 -5.671949779487182397e-04 -2.693061993883289970e-03
-1.581568065476917284e-03 4.758222916419348170e-04 5.972562526656172502e-03 1.217811009655722296e-02 2.491504919338168728e-02 1.217811009655596008e-02 5.972562526658222078e-03 4.758222916434452191e-04 -1.581568065477001418e-03 -7.471403367161239288e-04 5.226277738009816329e-04 5.358836604636050497e-04 -4.155937560049626422e-04 -1.032623661930594629e-03 -6.459525056717144468e-04 2.431029219907200221e-04 7.399948141376202788e-04 5.299643112647786647e-04 3.173044345597929723e-05 -2.092175244529662027e-04 -8.881000664450513496e-05 8.577435679958348585e-05 4.197027672119540292e-05 -1.622046223096214985e-04 -2.721580454425529785e-04 -1.629967167724902341e-04 4.057615259653137761e-05 1.473197655478265778e-04 1.236481013640884478e-04 8.951552819878519232e-05 1.236481013677545419e-04 1.473197655485677926e-04 4.057615259381884608e-05 -1.629967167721262133e-04 -2.721580454471501584e-04 -1.622046223064888589e-04 4.197027672331011893e-05 8.577435679877240776e-05 -8.881000664429622275e-05 -2.092175244531066340e-04 3.173044345933439473e-05 5.299643112575191722e-04 7.399948141396160781e-04 2.431029219955342592e-04 -6.459525056750770999e-04 -1.032623661931969614e-03 -4.155937560037211765e-04 5.358836604641604865e-04 5.226277738019651127e-04 -7.471403367168636799e-04 -2.693061993887075570e-03 -3.050096811945824347e-03 -8.394727468875993635e-04 2.383221106496251959e-03 3.903743905697297425e-03 2.383221106491220393e-03 -8.394727468861544473e-04 -3.050096811948420361e-03 -2.693061993885723353e-03 -5.671949779550171291e-04 1.293495161192906870e-03 1.620164864942115002e-03 7.623787659592060799e-04 -1.149003071887269578e-04 -3.169727954282622654e-04 -6.578766637762647215e-05 5.889651474853755661e-05 -1.558055906751491088e-04 -4.271155271610069509e-04 -4.072946204408012683e-04 -8.616242282203857752e-05 2.469945274969850032e-04 3.452499707899297273e-04 2.296236521455610302e-04 9.078704486773983692e-05 4.376659894033909135e-05 3.232875196148963002e-05 -4.391235016776782443e-05 -1.722226761875962099e-04 -2.375568505272296869e-04 -1.722226761902361338e-04 -4.391235016494641189e-05 3.232875196056322670e-05 4.376659894025755935e-05 9.078704487031357025e-05 2.296236521471046901e-04 3.452499707873079638e-04 2.469945274943381947e-04 -8.616242282092451913e-05 -4.072946204419593589e-04 -4.271155271591590909e-04 -1.558055906756996396e-04 5.889651474994202533e-05 -6.578766637826925496e-05 -3.169727954279133691e-04 -1.149003071882918539e-04 7.623787659549785588e-04 1.620164864948050792e-03 1.293495161188032731e-03 -5.671949779524604720e-04
-7.471403367196124577e-04 -1.581568065470928151e-03 4.758222916429034974e-04 5.972562526651915490e-03 1.217811009655596008e-02 2.491504919339110682e-02 1.217811009655692979e-02 5.972562526654776917e-03 4.758222916384577264e-04 -1.581568065475515627e-03 -7.471403367141740996e-04 5.226277738038387225e-04 5.358836604590546532e-04 -4.155937560046129328e-04 -1.032623661930515699e-03 -6.459525056726353682e-04 2.431029219909184853e-04 7.399948141406354450e-04 5.299643112619155036e-04 3.173044345588493098e-05 -2.092175244508270718e-04 -8.881000664603274871e-05 8.577435679922193153e-05 4.197027672541782828e-05 -1.622046223113088694e-04 -2.721580454501655415e-04 -1.629967167697520545e-04 4.057615259706984662e-05 1.473197655475871589e-04 1.236481013656277167e-04 8.951552820049133352e-05 1.236481013658980626e-04 1.473197655450616725e-04 4.057615259740235788e-05 -1.629967167723055403e-04 -2.721580454464468907e-04 -1.622046223085890399e-04 4.197027672093432026e-05 8.577435679946460308e-05 -8.881000664244721081e-05 -2.092175244535660105e-04 3.173044345751785465e-05 5.299643112601982358e-04 7.399948141399180284e-04 2.431029219937965000e-04 -6.459525056736146196e-04 -1.032623661932373154e-03 -4.155937560030133009e-04 5.358836604632771870e-04 5.226277738001277153e-04 -5.671949779476561553e-04 -2.693061993888222223e-03 -3.050096811946977071e-03 -8.394727468889845402e-04 2.383221106492570008e-03 3.903743905694926058e-03 2.383221106493799060e-03 -8.394727468858045752e-04 -3.050096811951198521e-03 -2.693061993880241627e-03 -5.671949779552969617e-04 1.293495161188136164e-03 1.620164864944732266e-03 7.623787659628807663e-04 -1.149003071912754970e-04 -3.169727954290721102e-04 -6.578766637610549914e-05 5.889651474850858808e-05 -1.558055906745233886e-04 -4.271155271616366555e-04 -4.072946204431008069e-04 -8.616242282216251538e-05 2.469945274993318131e-04 3.452499707882803305e-04 2.296236521449753442e-04 9.078704487358746778e-05 4.376659893986229312e-05 3.232875196205994747e-05 -4.391235016843624862e-05 -1.722226761899896947e-04 -2.375568505270908278e-04 -1.722226761895724394e-04 -4.391235016564563420e-05 3.232875196164664960e-05 4.376659894266854715e-05 9.078704486858983787e-05 2.296236521452288577e-04 3.452499707900857440e-04 2.469945274972097041e-04 -8.616242282206043775e-05 -4.072946204427515312e-04 -4.271155271590896477e-04 -1.558055906783379371e-04 5.889651475064213533e-05 -6.578766637553024857e-05 -3.169727954331251832e-04 -1.149003071854122943e-04 7.623787659586456558e-04 1.620164864943565448e-03 1.293495161187923010e-03
5.226277738046041692e-04 -7.471403367211591805e-04 -1.581568065476031491e-03 4.758222916414093584e-04 5.972562526658222078e-03 1.217811009655692979e-02 2.491504919338277321e-02 1.217811009655635386e-02 5.972562526659186584e-03 4.758222916410926630e-04 -1.581568065479411816e-03 -7.471403367159760436e-04 5.226277738060081026e-04 5.358836604599907533e-04 -4.155937560055090801e-04 -1.032623661929048123e-03 -6.459525056704570976e-04 2.431029219890105876e-04 7.399948141385445611e-04 5.299643112637283980e-04 3.173044345413160666e-05 -2.092175244520862913e-04 -8.881000664174329255e-05 8.577435679740417172e-05 4.197027672075987213e-05 -1.622046223046301569e-04 -2.721580454486297691e-04 -1.629967167720445457e-04 4.057615259696690163e-05 1.473197655477101345e-04 1.236481013655880621e-04 8.951552819700977061e-05 1.236481013664731234e-04 1.473197655478445214e-04 4.057615259948404638e-05 -1.629967167755523463e-04 -2.721580454476018912e-04 -1.622046223041722984e-04 4.197027672166588568e-05 8.577435679656705923e-05 -8.881000664246549317e-05 -2.092175244516916960e-04 3.173044345473344729e-05 5.299643112602097283e-04 7.399948141400061741e-04 2.431029219930620885e-04 -6.459525056716189286e-04 -1.032623661932948215e-03 -4.155937560058981461e-04 5.358836604660118701e-04 1.293495161187525758e-03 -5.671949779503725154e-04 -2.693061993887075137e-03 -3.050096811947825785e-03 -8.394727468853826037e-04 2.383221106494705453e-03 3.903743905693817136e-03 2.383221106491697008e-03 -8.394727468824413801e-04 -3.050096811951891109e-03 -2.693061993884115699e-03 -5.671949779503199316e-04 1.293495161189927049e-03 1.620164864939949633e-03 7.623787659606985926e-04 -1.149003071902893609e-04 -3.169727954272338996e-04 -6.578766637724322024e-05 5.889651474739565455e-05 -1.558055906737822280e-04 -4.271155271571202487e-04 -4.072946204461582571e-04 -8.616242282225632597e-05 2.469945275003480900e-04 3.452499707880203389e-04 2.296236521433403673e-04 9.078704487097445923e-05 4.376659893985787499e-05 3.232875196231192960e-05 -4.391235016539053499e-05 -1.722226761892079578e-04 -2.375568505305858077e-04 -1.722226761846073627e-04 -4.391235016635465499e-05 3.232875195811154065e-05 4.376659894099770351e-05 9.078704487089753509e-05 2.296236521444181998e-04 3.452499707895157247e-04 2.469945274965428114e-04 -8.616242282097000141e-05 -4.072946204433877410e-04 -4.271155271584282302e-04 -1.558055906751107009e-04 5.889651474925105651e-05 -6.578766637480533744e-05 -3.169727954322059966e-04 -1.149003071904693114e-04 7.623787659609127226e-04 1.620164864944542964e-03
5.358836604653191733e-04 5.226277738031284616e-04 -7.471403367214247016e-04 -1.581568065473302987e-03 4.758222916434456527e-04 5.972562526654778652e-03 1.217811009655635386e-02 2.491504919338669369e-02 1.217811009655731316e-02 5.972562526653826288e-03 4.758222916434927613e-04 -1.581568065478444057e-03 -7.471403367185642510e-04 5.226277738061648782e-04 5.358836604621540619e-04 -4.155937560056056825e-04 -1.032623661930378439e-03 -6.459525056719427798e-04 2.431029219922544934e-04 7.399948141367656022e-04 5.299643112640887868e-04 3.173044345658072450e-05 -2.092175244541265159e-04 -8.881000664340746157e-05 8.577435680018306321e-05 4.197027672062619678e-05 -1.622046223059909933e-04 -2.721580454493270195e-04 -1.629967167711026722e-04 4.057615259753575540e-05 1.473197655458180391e-04 1.236481013664134652e-04 8.951552820064790587e-05 1.236481013662923327e-04 1.473197655442026321e-04 4.057615259880193413e-05 -1.629967167720092279e-04 -2.721580454480559551e-04 -1.622046223064136153e-04 4.197027672064993403e-05 8.577435679770743662e-05 -8.881000664294311133e-05 -2.092175244511137891e-04 3.173044345663759091e-05 5.299643112605851875e-04 7.399948141399301715e-04 2.431029219920242089e-04 -6.459525056726217072e-04 -1.032623661930768318e-03 -4.155937560070215963e-04 1.620164864941832676e-03 1.293495161189841180e-03 -5.671949779501976336e-04 -2.693061993885577203e-03 -3.050096811951702024e-03 -8.394727468845306377e-04 2.383221106492350132e-03 3.903743905695182797e-03 2.383221106492507558e-03 -8.394727468833765045e-04 -3.050096811950276082e-03 -2.693061993883207137e-03 -5.671949779526297159e-04 1.293495161189684405e-03 1.620164864942635202e-03 7.623787659613095406e-04 -1.149003071929075601e-04 -3.169727954285127703e-04 -6.578766637512271052e-05 5.889651474923477314e-05 -1.558055906771701972e-04 -4.271155271576944964e-04 -4.072946204435321568e-04 -8.616242282459707781e-05 2.469945275007587315e-04 3.452499707882048701e-04 2.296236521450305843e-04 9.078704487061947789e-05 4.376659894012733989e-05 3.232875196137612083e-05 -4.391235016753985737e-05 -1.722226761857727174e-04 -2.375568505317579657e-04 -1.722226761881371455e-04 -4.391235016540460251e-05 3.232875196032556958e-05 4.376659894095684264e-05 9.078704487106185948e-05 2.296236521444285810e-04 3.452499707905590525e-04 2.469945274969692281e-04 -8.616242282236321476e-05 -4.072946204423714099e-04 -4.271155271605945746e-04 -1.558055906758250004e-04 5.889651474890139453e-05 -6.578766637632551086e-05 -3.169727954287374170e-04 -1.149003071901413673e-04 7.623787659614514626e-04
-4.155937560063737313e-04 5.358836604597665403e-04 5.226277738063950544e-04 -7.471403367146696884e-04 -1.581568065477001852e-03 4.758222916384575096e-04 5.972562526659186584e-03 1.217811009655731316e-02 2.491504919338030644e-02 1.217811009656031944e-02 5.972562526658656626e-03 4.758222916386334756e-04 -1.581568065476643848e-03 -7.471403367161588401e-04 5.226277738067660683e-04 5.358836604592308360e-04 -4.155937560064148768e-04 -1.032623661929785164e-03 -6.459525056707332439e-04 2.431029219910278542e-04 7.399948141376828372e-04 5.299643112647140462e-04 3.173044345420884252e-05 -2.092175244531666175e-04 -8.881000664110202762e-05 8.577435679957756340e-05 4.197027671762322104e-05 -1.622046223021672020e-04 -2.721580454504132817e-04 -1.629967167751402953e-04 4.057615259872307875e-05 1.473197655509138977e-04 1.236481013658011891e-04 8.951552819565489736e-05 1.236481013673845308e-04 1.473197655471221988e-04 4.057615259977972864e-05 -1.629967167741403899e-04 -2.721580454496186157e-04 -1.622046223027602877e-04 4.197027671744073626e-05 8.577435679754002226e-05 -8.881000664008863741e-05 -2.092175244517412440e-04 3.173044345626551983e-05 5.299643112589945545e-04 7.399948141394729634e-04 2.431029219949800151e-04 -6.459525056716338906e-04 -1.032623661932794258e-03 7.623787659625501931e-04 1.620164864943427971e-03 1.293495161188377074e-03 -5.671949779502793824e-04 -2.693061993884655631e-03 -3.050096811955275555e-03 -8.394727468820446705e-04 2.383221106493229203e-03 3.903743905696565805e-03 2.383221106492440337e-03 -8.394727468820568136e-04 -3.050096811956063986e-03 -2.693061993886536071e-03 -5.671949779476433617e-04 1.293495161190788556e-03 1.620164864940579555e-03 7.623787659609173846e-04 -1.149003071914498096e-04 -3.169727954268951407e-04 -6.578766637746381472e-05 5.889651474813643569e-05 -1.558055906730486568e-04 -4.271155271611324473e-04 -4.072946204430232323e-04 -8.616242282509620383e-05 2.469945275007804156e-04 3.452499707885515437e-04 2.296236521464064910e-04 9.078704486945997788e-05 4.376659893941761437e-05 3.232875196360718528e-05 -4.391235016675450198e-05 -1.722226761898603493e-04 -2.375568505314771845e-04 -1.722226761861781277e-04 -4.391235016527949913e-05 3.232875195833008193e-05 4.376659894066870914e-05 9.078704487366428351e-05 2.296236521438526799e-04 3.452499707875053970e-04 2.469945274984545851e-04 -8.616242281952465150e-05 -4.072946204432013125e-04 -4.271155271630970758e-04 -1.558055906759384080e-04 5.889651474956599013e-05 -6.578766637504012142e-05 -3.169727954290770433e-04 -1.149003071919574195e-04
-1.032623661930363911e-03 -4.155937560056580495e-04 5.358836604622718063e-04 5.226277738020742919e-04 -7.471403367161234951e-04 -1.581568065475514543e-03 4.758222916410927714e-04 5.972562526653828023e-03 1.217811009656032117e-02 2.491504919338236729e-02 1.217811009655523323e-02 5.972562526655855915e-03 4.758222916465324305e-04 -1.581568065478081500e-03 -7.471403367200045052e-04 5.226277738070569598e-04 5.358836604613176000e-04 -4.155937560046294669e-04 -1.032623661933458007e-03 -6.459525056695462593e-04 2.431029219914728108e-04 7.399948141376326387e-04 5.299643112618535956e-04 3.173044345637833784e-05 -2.092175244515891847e-04 -8.881000664362569792e-05 8.577435680015301725e-05 4.197027671868641002e-05 -1.622046223053938419e-04 -2.721580454476669976e-04 -1.629967167727990420e-04 4.057615259687902026e-05 1.473197655460164481e-04 1.236481013681165570e-04 8.951552819787108792e-05 1.236481013681276159e-04 1.473197655450149434e-04 4.057615259789302035e-05 -1.629967167704511480e-04 -2.721580454526432145e-04 -1.622046223033644864e-04 4.197027672196391930e-05 8.577435679705798597e-05 -8.881000664448892613e-05 -2.092175244530096521e-04 3.173044346026279028e-05 5.299643112609191218e-04 7.399948141374733694e-04 2.431029219915139020e-04 -6.459525056710268458e-04 -1.149003071908625244e-04 7.623787659590480032e-04 1.620164864945091571e-03 1.293495161188245451e-03 -5.671949779504063425e-04 -2.693061993886052951e-03 -3.050096811949504997e-03 -8.394727468840467582e-04 2.383221106492169721e-03 3.903743905696895403e-03 2.383221106493541019e-03 -8.394727468840329889e-04 -3.050096811950731446e-03 -2.693061993888005382e-03 -5.671949779514955320e-04 1.293495161192073552e-03 1.620164864941196900e-03 7.623787659621505562e-04 -1.149003071934862936e-04 -3.169727954267023153e-04 -6.578766637418488920e-05 5.889651474679223506e-05 -1.558055906756665172e-04 -4.271155271589919069e-04 -4.072946204421016062e-04 -8.616242282388093517e-05 2.469945274984257453e-04 3.452499707873637460e-04 2.296236521473313697e-04 9.078704487146477611e-05 4.376659893879982242e-05 3.232875196159170765e-05 -4.391235016486457496e-05 -1.722226761879469493e-04 -2.375568505327794197e-04 -1.722226761888718280e-04 -4.391235016237761169e-05 3.232875196026570807e-05 4.376659893781601059e-05 9.078704487211647649e-05 2.296236521456947123e-04 3.452499707908275551e-04 2.469945274963414208e-04 -8.616242282299889604e-05 -4.072946204411658313e-04 -4.271155271607978625e-04 -1.558055906749404812e-04 5.889651474641018932e-05 -6.578766637464375066e-05 -3.169727954280543696e-04
-6.459525056726112989e-04 -1.032623661926053340e-03 -4.155937560087635840e-04 5.358836604632123517e-04 5.226277738009816329e-04 -7.471403367141740996e-04 -1.581568065479411382e-03 4.758222916434934118e-04 5.972562526658654891e-03 1.217811009655523670e-02 2.491504919337899152e-02 1.217811009656783947e-02 5.972562526649199781e-03 4.758222916420546756e-04 -1.581568065477237123e-03 -7.471403367173844222e-04 5.226277738063347727e-04 5.358836604604692118e-04 -4.155937560050838018e-04 -1.032623661931904779e-03 -6.459525056712809828e-04 2.431029219904393493e-04 7.399948141416008186e-04 5.299643112625686270e-04 3.173044345340277886e-05 -2.092175244519506577e-04 -8.881000664187735415e-05 8.577435679582129076e-05 4.197027672221991977e-05 -1.622046223016819402e-04 -2.721580454502061991e-04 -1.629967167767330696e-04 4.057615259878055502e-05 1.473197655484278221e-04 1.236481013670489161e-04 8.951552819491951014e-05 1.236481013655474858e-04 1.473197655497014615e-04 4.057615259534421689e-05 -1.629967167709718632e-04 -2.721580454470545318e-04 -1.622046223023834732e-04 4.197027671775365734e-05 8.577435679641521671e-05 -8.881000664152477160e-05 -2.092175244520156014e-04 3.173044345680129866e-05 5.299643112587688236e-04 7.399948141387435122e-04 2.431029219934305546e-04 -3.169727954306269103e-04 -1.149003071911275712e-04 7.623787659598665759e-04 1.620164864942778751e-03 1.293495161189149676e-03 -5.671949779473499766e-04 -2.693061993887793746e-03 -3.050096811950403584e-03 -8.394727468829216816e-04 2.383221106489796619e-03 3.903743905692716454e-03 2.383221106497776780e-03 -8.394727468817837030e-04 -3.050096811952352112e-03 -2.693061993887550451e-03 -5.671949779515126624e-04 1.293495161193315398e-03 1.620164864941623642e-03 7.623787659612823271e-04 -1.149003071916428653e-04 -3.169727954279472504e-04 -6.578766637719413298e-05 5.889651474778507287e-05 -1.558055906738275206e-04 -4.271155271588983945e-04 -4.072946204437100201e-04 -8.616242282329836623e-05 2.469945274980299031e-04 3.452499707902975971e-04 2.296236521454153134e-04 9.078704486858360371e-05 4.376659893937080394e-05 3.232875196422252422e-05 -4.391235016516895794e-05 -1.722226761885523136e-04 -2.375568505286465766e-04 -1.722226761876479535e-04 -4.391235016528485916e-05 3.232875195788341774e-05 4.376659894034063634e-05 9.078704487231694547e-05 2.296236521433833830e-04 3.452499707859872972e-04 2.469945274976561244e-04 -8.616242281863931911e-05 -4.072946204398969895e-04 -4.271155271618763726e-04 -1.558055906761664970e-04 5.889651474881791774e-05 -6.578766637469764906e-05
2.431029219932261283e-04 -6.459525056695397541e-04 -1.032623661931805466e-03 -4.155937560086773899e-04 5.358836604636043992e-04 5.226277738038396983e-04 -7.471403367159751762e-04 -1.581568065478443624e-03 4.758222916386328251e-04 5.972562526655855915e-03 1.217811009656783773e-02 2.491504919338129870e-02 1.217811009655444740e-02 5.972562526653865320e-03 4.758222916435978205e-04 -1.581568065477071891e-03 -7.471403367188652256e-04 5.226277738029794923e-04 5.358836604661385049e-04 -4.155937560062842305e-04 -1.032623661932827869e-03 -6.459525056712754534e-04 2.431029219930367453e-04 7.399948141399921879e-04 5.299643112601461941e-04 3.173044345428652560e-05 -2.092175244511585938e-04 -8.881000664087296281e-05 8.577435679655002370e-05 4.197027672083855811e-05 -1.622046223051887379e-04 -2.721580454474619207e-04 -1.629967167736542878e-04 4.057615259579356448e-05 1.473197655477535297e-04 1.236481013672763817e-04 8.951552819860853513e-05 1.236481013633932845e-04 1.473197655471091883e-04 4.057615259971504920e-05 -1.629967167703263292e-04 -2.721580454525898175e-04 -1.622046223049350888e-04 4.197027672464389089e-05 8.577435679748396900e-05 -8.881000664602410220e-05 -2.092175244539950564e-04 3.173044345917008389e-05 5.299643112605462647e-04 7.399948141389829041e-04 -6.578766637502499680e-05 -3.169727954258567460e-04 -1.149003071950545379e-04 7.623787659618645437e-04 1.620164864942496858e-03 1.293495161193184426e-03 -5.671949779513168555e-04 -2.693061993884878109e-03 -3.050096811951696386e-03 -8.394727468834451345e-04 2.383221106487803422e-03 3.903743905695132924e-03 2.383221106493439538e-03 -8.394727468810008007e-04 -3.050096811948293293e-03 -2.693061993889047517e-03 -5.671949779496644230e-04 1.293495161193020061e-03 1.620164864941498091e-03 7.623787659577018578e-04 -1.149003071923323502e-04 -3.169727954261034020e-04 -6.578766637435070437e-05 5.889651474640959978e-05 -1.558055906748232247e-04 -4.271155271601391012e-04 -4.072946204416544270e-04 -8.616242282283587269e-05 2.469945274969089465e-04 3.452499707893698453e-04 2.296236521468256436e-04 9.078704487065611037e-05 4.376659893580985710e-05 3.232875196427953293e-05 -4.391235016269699054e-05 -1.722226761885292201e-04 -2.375568505318185184e-04 -1.722226761893414773e-04 -4.391235016287740178e-05 3.232875196038359473e-05 4.376659894035260322e-05 9.078704486897291360e-05 2.296236521442432637e-04 3.452499707895053706e-04 2.469945274979221876e-04 -8.616242282122163118e-05 -4.072946204419246102e-04 -4.271155271552644198e-04 -1.558055906808410076e-04 5.889651474642666919e-05
7.399948141382757874e-04 2.431029219899455494e-04 -6.459525056696760383e-04 -1.032623661929987693e-03 -4.155937560049622085e-04 5.358836604590550869e-04 5.226277738060082110e-04 -7.471403367185644679e-04 -1.581568065476643848e-03 4.758222916465323221e-04 5.972562526649199781e-03 1.217811009655444567e-02 2.491504919339094723e-02 1.217811009655795154e-02 5.972562526657270582e-03 4.758222916405488814e-04 -1.581568065478776691e-03 -7.471403367125279554e-04 5.226277738022659788e-04 5.358836604623150660e-04 -4.155937560053224889e-04 -1.032623661932139184e-03 -6.459525056738625766e-04 2.431029219923067791e-04 7.399948141414610650e-04 5.299643112618061076e-04 3.173044345462770370e-05 -2.092175244512505070e-04 -8.881000663989196313e-05 8.577435679190032781e-05 4.197027672372849900e-05 -1.622046223027999153e-04 -2.721580454500801606e-04 -1.629967167719720668e-04 4.057615259621691155e-05 1.473197655501103142e-04 1.236481013644953218e-04 8.951552819802724014e-05 1.236481013680448913e-04 1.473197655487291219e-04 4.057615259464568576e-05 -1.629967167720587488e-04 -2.721580454480339458e-04 -1.622046223057052247e-04 4.197027672147731582e-05 8.577435679510608325e-05 -8.881000664233758442e-05 -2.092175244524407441e-04 3.173044345813548397e-05 5.299643112614290221e-04 5.889651475104686800e-05 -6.578766637882389214e-05 -3.169727954252930151e-04 -1.149003071944395242e-04 7.623787659645524977e-04 1.620164864938034065e-03 1.293495161193236685e-03 -5.671949779517955308e-04 -2.693061993885759783e-03 -3.050096811951571920e-03 -8.394727468765245636e-04 2.383221106487747043e-03 3.903743905692845257e-03 2.383221106492827181e-03 -8.394727468835791418e-04 -3.050096811949821150e-03 -2.693061993889218388e-03 -5.671949779528150061e-04 1.293495161191863217e-03 1.620164864943677988e-03 7.623787659611475608e-04 -1.149003071912226828e-04 -3.169727954267290951e-04 -6.578766637532697421e-05 5.889651474517453088e-05 -1.558055906742796329e-04 -4.271155271605444844e-04 -4.072946204413043381e-04 -8.616242282515424930e-05 2.469945274989271888e-04 3.452499707913416296e-04 2.296236521416083001e-04 9.078704487250646401e-05 4.376659893703036382e-05 3.232875196272555951e-05 -4.391235016566867350e-05 -1.722226761897077208e-04 -2.375568505304507974e-04 -1.722226761877104035e-04 -4.391235016439192380e-05 3.232875195733480466e-05 4.376659894008412088e-05 9.078704487437225397e-05 2.296236521452220273e-04 3.452499707882085021e-04 2.469945274972115473e-04 -8.616242281825015829e-05 -4.072946204466470154e-04 -4.271155271565634567e-04 -1.558055906787344299e-04
5.299643112604380613e-04 7.399948141356245878e-04 2.431029219956197757e-04 -6.459525056728837589e-04 -1.032623661930594412e-03 -4.155937560046124991e-04 5.358836604599901028e-04 5.226277738061643361e-04 -7.471403367161588401e-04 -1.581568065478082801e-03 4.758222916420546756e-04 5.972562526653865320e-03 1.217811009655795328e-02 2.491504919338363711e-02 1.217811009655884839e-02 5.972562526655407489e-03 4.758222916474652781e-04 -1.581568065479234658e-03 -7.471403367209021162e-04 5.226277738057334742e-04 5.358836604638605962e-04 -4.155937560063135039e-04 -1.032623661930949380e-03 -6.459525056736171132e-04 2.431029219925229419e-04 7.399948141398787803e-04 5.299643112612901358e-04 3.173044345626997183e-05 -2.092175244547988297e-04 -8.881000663785352752e-05 8.577435679481227801e-05 4.197027672032151564e-05 -1.622046223034266925e-04 -2.721580454490658894e-04 -1.629967167716261250e-04 4.057615259518915565e-05 1.473197655488352653e-04 1.236481013675101086e-04 8.951552819929921257e-05 1.236481013627132729e-04 1.473197655454963834e-04 4.057615259962448444e-05 -1.629967167710840239e-04 -2.721580454516322502e-04 -1.622046223063588360e-04 4.197027672569156900e-05 8.577435679821741822e-05 -8.881000664422539724e-05 -2.092175244527590117e-04 3.173044345763248870e-05 -1.558055906789261168e-04 5.889651474887504842e-05 -6.578766637584138749e-05 -3.169727954253820281e-04 -1.149003071954359195e-04 7.623787659633014368e-04 1.620164864940111180e-03 1.293495161191003011e-03 -5.671949779521194904e-04 -2.693061993885855192e-03 -3.050096811950378864e-03 -8.394727468798330065e-04 2.383221106492514063e-03 3.903743905692971458e-03 2.383221106489966188e-03 -8.394727468796573657e-04 -3.050096811954521384e-03 -2.693061993887154934e-03 -5.671949779513434185e-04 1.293495161193150382e-03 1.620164864943401083e-03 7.623787659600419998e-04 -1.149003071929902711e-04 -3.169727954281277159e-04 -6.578766637278717641e-05 5.889651474726134901e-05 -1.558055906772350596e-04 -4.271155271585157253e-04 -4.072946204403950720e-04 -8.616242282458352528e-05 2.469945274939831727e-04 3.452499707934473670e-04 2.296236521456541360e-04 9.078704487174746828e-05 4.376659893572819635e-05 3.232875196039444352e-05 -4.391235016387162195e-05 -1.722226761869414602e-04 -2.375568505309334029e-04 -1.722226761892843398e-04 -4.391235016362979066e-05 3.232875196259159955e-05 4.376659893970320000e-05 9.078704487095623108e-05 2.296236521437391368e-04 3.452499707902749915e-04 2.469945274930640945e-04 -8.616242282160642809e-05 -4.072946204421201461e-04 -4.271155271550644930e-04
3.173044345718516721e-05 5.299643112617048431e-04 7.399948141376747057e-04 2.431029219929175102e-04 -6.459525056717145552e-04 -1.032623661930515916e-03 -4.155937560055086464e-04 5.358836604621534114e-04 5.226277738067660683e-04 -7.471403367200042884e-04 -1.581568065477237340e-03 4.758222916435978205e-04 5.972562526657270582e-03 1.217811009655884839e-02 2.491504919337742679e-02 1.217811009656037148e-02 5.972562526652497490e-03 4.758222916413713029e-04 -1.581568065473169414e-03 -7.471403367177725666e-04 5.226277738039456248e-04 5.358836604634634529e-04 -4.155937560042209395e-04 -1.032623661930091342e-03 -6.459525056749149032e-04 2.431029219930325440e-04 7.399948141405504436e-04 5.299643112587979887e-04 3.173044345665875995e-05 -2.092175244527817528e-04 -8.881000664263153873e-05 8.577435679563673245e-05 4.197027672378481652e-05 -1.622046223041723797e-04 -2.721580454487670833e-04 -1.629967167732722421e-04 4.057615259793165182e-05 1.473197655462515573e-04 1.236481013649515812e-04 8.951552819757333890e-05 1.236481013677883148e-04 1.473197655464935241e-04 4.057615259780434616e-05 -1.629967167720993793e-04 -2.721580454476034633e-04 -1.622046223051439604e-04 4.197027672170700405e-05 8.577435679721858342e-05 -8.881000664294800380e-05 -2.092175244542638843e-04 -4.271155271607097168e-04 -1.558055906735948779e-04 5.889651474684497472e-05 -6.578766637503413121e-05 -3.169727954288553782e-04 -1.149003071912881415e-04 7.623787659594608674e-04 1.620164864941372757e-03 1.293495161191954507e-03 -5.671949779509097376e-04 -2.693061993887830609e-03 -3.050096811950715400e-03 -8.394727468834847078e-04 2.383221106491743846e-03 3.903743905699329653e-03 2.383221106489600595e-03 -8.394727468758727412e-04 -3.050096811953325292e-03 -2.693061993885602357e-03 -5.671949779542488634e-04 1.293495161189140135e-03 1.620164864941783670e-03 7.623787659601928123e-04 -1.149003071901823095e-04 -3.169727954288513666e-04 -6.578766637615339377e-05 5.889651475030824172e-05 -1.558055906775485837e-04 -4.271155271579651675e-04 -4.072946204403123474e-04 -8.616242282352583185e-05 2.469945274990142502e-04 3.452499707877395847e-04 2.296236521426079887e-04 9.078704487041304580e-05 4.376659894127600466e-05 3.232875196083600519e-05 -4.391235016280779600e-05 -1.722226761886549876e-04 -2.375568505308903330e-04 -1.722226761857661309e-04 -4.391235016648827613e-05 3.232875195957055152e-05 4.376659894033503237e-05 9.078704487029874378e-05 2.296236521414551565e-04 3.452499707913196203e-04 2.469945274990753450e-04 -8.616242282376914037e-05 -4.072946204402644798e-04
-2.092175244531489992e-04 3.173044345831724369e-05 5.299643112606709479e-04 7.399948141395698911e-04 2.431029219907207268e-04 -6.459525056726354766e-04 -1.032623661929048774e-03 -4.155937560056058994e-04 5.358836604592315950e-04 5.226277738070572850e-04 -7.471403367173844222e-04 -1.581568065477072325e-03 4.758222916405488814e-04 5.972562526655408356e-03 1.217811009656037148e-02 2.491504919338621143e-02 1.217811009655428260e-02 5.972562526655469939e-03 4.758222916423785268e-04 -1.581568065478612542e-03 -7.471403367192342880e-04 5.226277738079452466e-04 5.358836604621628440e-04 -4.155937560060811052e-04 -1.032623661929635761e-03 -6.459525056751675223e-04 2.431029219924491619e-04 7.399948141408289751e-04 5.299643112623910347e-04 3.173044345456631075e-05 -2.092175244513703384e-04 -8.881000664052765797e-05 8.577435679543009707e-05 4.197027672114386266e-05 -1.622046223061245399e-04 -2.721580454493348258e-04 -1.629967167709816481e-04 4.057615259712844775e-05 1.473197655466693546e-04 1.236481013668966670e-04 8.951552819963618261e-05 1.236481013654388216e-04 1.473197655435163050e-04 4.057615260347622785e-05 -1.629967167725704922e-04 -2.721580454520767189e-04 -1.622046223059674661e-04 4.197027672325780618e-05 8.577435679783728339e-05 -8.881000664335723591e-05 -4.072946204368553145e-04 -4.271155271621155476e-04 -1.558055906737281534e-04 5.889651474488457456e-05 -6.578766637176542429e-05 -3.169727954303759175e-04 -1.149003071906101899e-04 7.623787659620811672e-04 1.620164864940907634e-03 1.293495161190600555e-03 -5.671949779505789475e-04 -2.693061993887003146e-03 -3.050096811950264806e-03 -8.394727468823157211e-04 2.383221106491906043e-03 3.903743905692236803e-03 2.383221106490558596e-03 -8.394727468772398117e-04 -3.050096811951649549e-03 -2.693061993884222384e-03 -5.671949779503539756e-04 1.293495161186434834e-03 1.620164864944132485e-03 7.623787659606061102e-04 -1.149003071934250769e-04 -3.169727954264754460e-04 -6.578766637310820868e-05 5.889651474728904360e-05 -1.558055906781543546e-04 -4.271155271613892948e-04 -4.072946204393578700e-04 -8.616242282644672671e-05 2.469945275002765326e-04 3.452499707901055849e-04 2.296236521459159438e-04 9.078704487090798409e-05 4.376659893941203073e-05 3.232875195815631820e-05 -4.391235016181947119e-05 -1.722226761879907782e-04 -2.375568505341554620e-04 -1.722226761858808937e-04 -4.391235016559561860e-05 3.232875196031819701e-05 4.376659893911599610e-05 9.078704487114289004e-05 2.296236521461354676e-04 3.452499707888073612e-04 2.469945275012426652e-04 -8.616242283004877159e-05
-8.881000664383255014e-05 -2.092175244514762108e-04 3.173044345585124618e-05 5.299643112626527611e-04 7.399948141376204956e-04 2.431029219909196237e-04 -6.459525056704570976e-04 -1.032623661930378006e-03 -4.155937560064147142e-04 5.358836604613189010e-04 5.226277738063361822e-04 -7.471403367188657677e-04 -1.581568065478778425e-03 4.758222916474650612e-04 5.972562526652500092e-03 1.217811009655428434e-02 2.491504919338621143e-02 1.217811009655885013e-02 5.972562526655352845e-03 4.758222916438153115e-04 -1.581568065474926472e-03 -7.471403367231650629e-04 5.226277738054818309e-04 5.358836604632249284e-04 -4.155937560064858378e-04 -1.032623661928023552e-03 -6.459525056767218346e-04 2.431029219931810526e-04 7.399948141397875989e-04 5.299643112618925185e-04 3.173044345864149468e-05 -2.092175244541335903e-04 -8.881000664435674834e-05 8.577435679690976198e-05 4.197027672048073751e-05 -1.622046223016216857e-04 -2.721580454513898226e-04 -1.629967167724834308e-04 4.057615259890330704e-05 1.473197655495128103e-04 1.236481013638206228e-04 8.951552819822005194e-05 1.236481013706649743e-04 1.473197655407144013e-04 4.057615259829431067e-05 -1.629967167703332952e-04 -2.721580454497883475e-04 -1.622046223061855263e-04 4.197027672281762687e-05 8.577435679843513957e-05 -8.616242282832026872e-05 -4.072946204413499830e-04 -4.271155271597178345e-04 -1.558055906729050814e-04 5.889651474533610410e-05 -6.578766637503467331e-05 -3.169727954260446925e-04 -1.149003071938417900e-04 7.623787659616879271e-04 1.620164864943479579e-03 1.293495161188394638e-03 -5.671949779506101725e-04 -2.693061993884896758e-03 -3.050096811950610450e-03 -8.394727468854426685e-04 2.383221106497383866e-03 3.903743905693711318e-03 2.383221106488464785e-03 -8.394727468791064826e-04 -3.050096811953891245e-03 -2.693061993888713583e-03 -5.671949779455496589e-04 1.293495161189347001e-03 1.620164864940537922e-03 7.623787659650374613e-04 -1.149003071930457687e-04 -3.169727954303056070e-04 -6.578766637239984519e-05 5.889651474764870734e-05 -1.558055906782276467e-04 -4.271155271594798521e-04 -4.072946204399125478e-04 -8.616242282535565341e-05 2.469945275004479992e-04 3.452499707919105647e-04 2.296236521428496845e-04 9.078704486920703351e-05 4.376659894242320575e-05 3.232875195726498882e-05 -4.391235016600091370e-05 -1.722226761858834145e-04 -2.375568505330657304e-04 -1.722226761870096837e-04 -4.391235016370034511e-05 3.232875196132337439e-05 4.376659893943254248e-05 9.078704487200340775e-05 2.296236521443853484e-04 3.452499707850362892e-04 2.469945275043374119e-04
8.577435679846014398e-05 -8.881000664552669735e-05 -2.092175244494766167e-04 3.173044345246930112e-05 5.299643112647785563e-04 7.399948141406359871e-04 2.431029219890103708e-04 -6.459525056719418040e-04 -1.032623661929784513e-03 -4.155937560046296295e-04 5.358836604604684528e-04 5.226277738029794923e-04 -7.471403367125287144e-04 -1.581568065479234658e-03 4.758222916413715198e-04 5.972562526655470806e-03 1.217811009655885013e-02 2.491504919338441079e-02 1.217811009655699744e-02 5.972562526655011104e-03 4.758222916425769900e-04 -1.581568065472036422e-03 -7.471403367216259295e-04 5.226277738015845577e-04 5.358836604672484027e-04 -4.155937560072178912e-04 -1.032623661930628023e-03 -6.459525056723814480e-04 2.431029219917496889e-04 7.399948141393811315e-04 5.299643112587623184e-04 3.173044345861298694e-05 -2.092175244519666496e-04 -8.881000664217312450e-05 8.577435680046734102e-05 4.197027671761784068e-05 -1.622046223050640004e-04 -2.721580454478985832e-04 -1.629967167721671148e-04 4.057615259627762687e-05 1.473197655476353245e-04 1.236481013655194321e-04 8.951552819740523335e-05 1.236481013688627321e-04 1.473197655443851846e-04 4.057615259878933028e-05 -1.629967167698586857e-04 -2.721580454512741382e-04 -1.622046223067738144e-04 4.197027672297827175e-05 2.469945274992594968e-04 -8.616242282218505323e-05 -4.072946204442953809e-04 -4.271155271584532211e-04 -1.558055906758364659e-04 5.889651474854688075e-05 -6.578766637898471998e-05 -3.169727954242177034e-04 -1.149003071921470600e-04 7.623787659586137803e-04 1.620164864944631869e-03 1.293495161190229975e-03 -5.671949779533826943e-04 -2.693061993885310056e-03 -3.050096811950244857e-03 -8.394727468837183534e-04 2.383221106492870549e-03 3.903743905697071911e-03 2.383221106487186294e-03 -8.394727468797991794e-04 -3.050096811950963466e-03 -2.693061993889513291e-03 -5.671949779495013590e-04 1.293495161193143443e-03 1.620164864939177898e-03 7.623787659616089972e-04 -1.149003071916377696e-04 -3.169727954293933593e-04 -6.578766637371953607e-05 5.889651475118879684e-05 -1.558055906788109745e-04 -4.271155271602417752e-04 -4.072946204404893976e-04 -8.616242282496215578e-05 2.469945274945021261e-04 3.452499707927124406e-04 2.296236521460862719e-04 9.078704486775466338e-05 4.376659894279780438e-05 3.232875196054080404e-05 -4.391235016630423959e-05 -1.722226761864875590e-04 -2.375568505297867507e-04 -1.722226761902590105e-04 -4.391235016483407500e-05 3.232875196415416528e-05 4.376659893406131683e-05 9.078704487215931603e-05 2.296236521483271552e-04 3.452499707870863529e-04
4.197027672193953831e-05 8.577435679892613408e-05 -8.881000664446775709e-05 -2.092175244519236881e-04 3.173044345597899230e-05 5.299643112619153952e-04 7.399948141385444527e-04 2.431029219922554150e-04 -6.459525056707334607e-04 -1.032623661933458007e-03 -4.155937560050838018e-04 5.358836604661377460e-04 5.226277738022660872e-04 -7.471403367209017909e-04 -1.581568065473169847e-03 4.758222916423782557e-04 5.972562526655355447e-03 1.217811009655699744e-02 2.491504919338319649e-02 1.217811009655678234e-02 5.972562526657119661e-03 4.758222916406806662e-04 -1.581568065474898933e-03 -7.471403367158680571e-04 5.226277738002919719e-04 5.358836604649629045e-04 -4.155937560032272682e-04 -1.032623661933716915e-03 -6.459525056726366692e-04 2.431029219932516884e-04 7.399948141396637830e-04 5.299643112583292881e-04 3.173044345901748921e-05 -2.092175244525245801e-04 -8.881000664499261936e-05 8.577435679884063118e-05 4.197027672155713342e-05 -1.622046223052873461e-04 -2.721580454486830034e-04 -1.629967167731463933e-04 4.057615259845135736e-05 1.473197655483088038e-04 1.236481013641041959e-04 8.951552819717009701e-05 1.236481013686227439e-04 1.473197655465993694e-04 4.057615259586027680e-05 -1.629967167689208238e-04 -2.721580454495003834e-04 -1.622046223072341666e-04 3.452499707906535407e-04 2.469945274963291693e-04 -8.616242281946333986e-05 -4.072946204454836665e-04 -4.271155271578557172e-04 -1.558055906767699640e-04 5.889651475066509331e-05 -6.578766637886410249e-05 -3.169727954267576096e-04 -1.149003071905272620e-04 7.623787659590736988e-04 1.620164864942839249e-03 1.293495161191596503e-03 -5.671949779542216500e-04 -2.693061993884895457e-03 -3.050096811949757833e-03 -8.394727468820346959e-04 2.383221106489259288e-03 3.903743905697319543e-03 2.383221106491801092e-03 -8.394727468810534929e-04 -3.050096811949761302e-03 -2.693061993888690598e-03 -5.671949779538028227e-04 1.293495161191476374e-03 1.620164864943795515e-03 7.623787659601808861e-04 -1.149003071921090858e-04 -3.169727954286495966e-04 -6.578766637489680345e-05 5.889651474943833210e-05 -1.558055906760306736e-04 -4.271155271596958794e-04 -4.072946204429164926e-04 -8.616242282074519209e-05 2.469945274961451802e-04 3.452499707905811160e-04 2.296236521457589784e-04 9.078704486722341787e-05 4.376659894113526844e-05 3.232875196223586605e-05 -4.391235016558979102e-05 -1.722226761896802634e-04 -2.375568505280276597e-04 -1.722226761875898945e-04 -4.391235016919088722e-05 3.232875196485769052e-05 4.376659893778585622e-05 9.078704486949635286e-05 2.296236521455946133e-04
-1.622046223051362083e-04 4.197027672050368871e-05 8.577435679785324826e-05 -8.881000664128196453e-05 -2.092175244529661214e-04 3.173044345588468704e-05 5.299643112637289401e-04 7.399948141367665780e-04 2.431029219910278000e-04 -6.459525056695469098e-04 -1.032623661931904779e-03 -4.155937560062842305e-04 5.358836604623153912e-04 5.226277738057340163e-04 -7.471403367177721329e-04 -1.581568065478612109e-03 4.758222916438158536e-04 5.972562526655010237e-03 1.217811009655678234e-02 2.491504919338676655e-02 1.217811009655538762e-02 5.972562526656054541e-03 4.758222916431405583e-04 -1.581568065476940703e-03 -7.471403367187079078e-04 5.226277738022874460e-04 5.358836604658929331e-04 -4.155937560055628023e-04 -1.032623661932318727e-03 -6.459525056736990789e-04 2.431029219943589299e-04 7.399948141406519249e-04 5.299643112587528859e-04 3.173044345718357479e-05 -2.092175244527316627e-04 -8.881000664184267323e-05 8.577435679803346977e-05 4.197027672164285316e-05 -1.622046223070857393e-04 -2.721580454485894910e-04 -1.629967167717452517e-04 4.057615259677361548e-05 1.473197655459154275e-04 1.236481013685749848e-04 8.951552819965558983e-05 1.236481013630439274e-04 1.473197655480402470e-04 4.057615259875511693e-05 -1.629967167717056784e-04 -2.721580454507655932e-04 2.296236521467201236e-04 3.452499707912056164e-04 2.469945274964780845e-04 -8.616242282350715647e-05 -4.072946204425726920e-04 -4.271155271589662655e-04 -1.558055906763552295e-04 5.889651474783542051e-05 -6.578766637508685054e-05 -3.169727954271828879e-04 -1.149003071901357837e-04 7.623787659581945193e-04 1.620164864941408319e-03 1.293495161193326240e-03 -5.671949779517496690e-04 -2.693061993886676584e-03 -3.050096811952837834e-03 -8.394727468784926074e-04 2.383221106490382522e-03 3.903743905693934663e-03 2.383221106492097296e-03 -8.394727468828280066e-04 -3.050096811949551401e-03 -2.693061993885731160e-03 -5.671949779528060072e-04 1.293495161190742586e-03 1.620164864945002666e-03 7.623787659591260658e-04 -1.149003071926540058e-04 -3.169727954286936152e-04 -6.578766637334913195e-05 5.889651474791493318e-05 -1.558055906769098531e-04 -4.271155271596772853e-04 -4.072946204422419020e-04 -8.616242282221579037e-05 2.469945274958332553e-04 3.452499707903798880e-04 2.296236521467745235e-04 9.078704486996909211e-05 4.376659893808924309e-05 3.232875196343630824e-05 -4.391235016479007672e-05 -1.722226761890408822e-04 -2.375568505320184724e-04 -1.722226761884521604e-04 -4.391235016492648968e-05 3.232875196243462741e-05 4.376659893926817066e-05 9.078704486906868931e-05
-2.721580454488352796e-04 -1.622046223073481705e-04 4.197027672027955024e-05 8.577435680139998528e-05 -8.881000664450504009e-05 -2.092175244508271532e-04 3.173044345413211488e-05 5.299643112640890037e-04 7.399948141376825120e-04 2.431029219914722687e-04 -6.459525056712813081e-04 -1.032623661932828519e-03 -4.155937560053227058e-04 5.358836604638604877e-04 5.226277738039454080e-04 -7.471403367192340711e-04 -1.581568065474926472e-03 4.758222916425769900e-04 5.972562526657119661e-03 1.217811009655538936e-02 2.491504919338363711e-02 1.217811009655876686e-02 5.972562526653226941e-03 4.758222916439849891e-04 -1.581568065476389277e-03 -7.471403367180256194e-04 5.226277738021029148e-04 5.358836604653844423e-04 -4.155937560054080867e-04 -1.032623661929286648e-03 -6.459525056756646290e-04 2.431029219921176942e-04 7.399948141410701017e-04 5.299643112583206144e-04 3.173044345879446205e-05 -2.092175244542027353e-04 -8.881000664239592805e-05 8.577435679745763644e-05 4.197027672289562844e-05 -1.622046223048972230e-04 -2.721580454506482283e-04 -1.629967167727785506e-04 4.057615260067878296e-05 1.473197655461192033e-04 1.236481013631428609e-04 8.951552820060998590e-05 1.236481013660761699e-04 1.473197655462236120e-04 4.057615259792317472e-05 -1.629967167710423093e-04 9.078704486791791713e-05 2.296236521466907688e-04 3.452499707870426596e-04 2.469945275024853235e-04 -8.616242282707103743e-05 -4.072946204411277216e-04 -4.271155271618309445e-04 -1.558055906737408657e-04 5.889651474760689102e-05 -6.578766637460774160e-05 -3.169727954281451173e-04 -1.149003071904028904e-04 7.623787659605831251e-04 1.620164864941542760e-03 1.293495161191493721e-03 -5.671949779521647016e-04 -2.693061993885948000e-03 -3.050096811953117559e-03 -8.394727468804502428e-04 2.383221106489816134e-03 3.903743905696249218e-03 2.383221106494992549e-03 -8.394727468840827538e-04 -3.050096811951996060e-03 -2.693061993883134279e-03 -5.671949779538994251e-04 1.293495161189301247e-03 1.620164864944593922e-03 7.623787659599070166e-04 -1.149003071927532781e-04 -3.169727954290084675e-04 -6.578766637266268290e-05 5.889651474803594370e-05 -1.558055906747311218e-04 -4.271155271590301250e-04 -4.072946204443917665e-04 -8.616242282179341230e-05 2.469945274977486610e-04 3.452499707898498758e-04 2.296236521441448453e-04 9.078704486995413012e-05 4.376659893940396698e-05 3.232875196229648650e-05 -4.391235016530702431e-05 -1.722226761890231826e-04 -2.375568505268646361e-04 -1.722226761922029308e-04 -4.391235016358850288e-05 3.232875195990729793e-05 4.376659894240265335e-05
-1.629967167713233345e-04 -2.721580454493389457e-04 -1.622046223046999525e-04 4.197027672032745165e-05 8.577435679958390598e-05 -8.881000664603308753e-05 -2.092175244520862913e-04 3.173044345658045345e-05 5.299643112647137210e-04 7.399948141376327471e-04 2.431029219904397287e-04 -6.459525056712757786e-04 -1.032623661932138967e-03 -4.155937560063133955e-04 5.358836604634632361e-04 5.226277738079458971e-04 -7.471403367231657135e-04 -1.581568065472036639e-03 4.758222916406812083e-04 5.972562526656054541e-03 1.217811009655876513e-02 2.491504919338109053e-02 1.217811009655745541e-02 5.972562526651968400e-03 4.758222916474952563e-04 -1.581568065474640459e-03 -7.471403367219128094e-04 5.226277738026984671e-04 5.358836604681293169e-04 -4.155937560078963307e-04 -1.032623661931110926e-03 -6.459525056724079025e-04 2.431029219907214858e-04 7.399948141424186323e-04 5.299643112583910876e-04 3.173044345940852706e-05 -2.092175244547152919e-04 -8.881000664205302201e-05 8.577435679834325344e-05 4.197027672024678701e-05 -1.622046223057556672e-04 -2.721580454469377090e-04 -1.629967167712790177e-04 4.057615259393920607e-05 1.473197655467486911e-04 1.236481013687998755e-04 8.951552820015325218e-05 1.236481013624446347e-04 1.473197655468785243e-04 4.057615259885033021e-05 4.376659893967720625e-05 9.078704486531446311e-05 2.296236521499778259e-04 3.452499707862622508e-04 2.469945275030742621e-04 -8.616242282805020752e-05 -4.072946204383812749e-04 -4.271155271602141822e-04 -1.558055906769302632e-04 5.889651474594155648e-05 -6.578766637373563647e-05 -3.169727954262196827e-04 -1.149003071904713036e-04 7.623787659598978009e-04 1.620164864940637234e-03 1.293495161191655050e-03 -5.671949779520832780e-04 -2.693061993887197868e-03 -3.050096811952493492e-03 -8.394727468805071634e-04 2.383221106492430363e-03 3.903743905695678494e-03 2.383221106493102134e-03 -8.394727468817322034e-04 -3.050096811951086197e-03 -2.693061993886139253e-03 -5.671949779547361039e-04 1.293495161190589930e-03 1.620164864945408375e-03 7.623787659599861634e-04 -1.149003071922465356e-04 -3.169727954302059688e-04 -6.578766637139924856e-05 5.889651474744731679e-05 -1.558055906796068603e-04 -4.271155271574149891e-04 -4.072946204408026236e-04 -8.616242282368591430e-05 2.469945274957825688e-04 3.452499707913700899e-04 2.296236521447360878e-04 9.078704487074410693e-05 4.376659893959419025e-05 3.232875195971597013e-05 -4.391235016275099736e-05 -1.722226761898556331e-04 -2.375568505276870305e-04 -1.722226761937391910e-04 -4.391235015998693912e-05 3.232875196043204501e-05
4.057615259731894207e-05 -1.629967167691670190e-04 -2.721580454503471995e-04 -1.622046223071529328e-04 4.197027672119541647e-05 8.577435679922203995e-05 -8.881000664174310282e-05 -2.092175244541267056e-04 3.173044345420859857e-05 5.299643112618541377e-04 7.399948141416007102e-04 2.431029219930363116e-04 -6.459525056738630103e-04 -1.032623661930949597e-03 -4.155937560042209395e-04 5.358836604621629524e-04 5.226277738054818309e-04 -7.471403367216260380e-04 -1.581568065474897849e-03 4.758222916431407751e-04 5.972562526653226941e-03 1.217811009655745541e-02 2.491504919338655838e-02 1.217811009655981984e-02 5.972562526652910354e-03 4.758222916400116050e-04 -1.581568065473437429e-03 -7.471403367166130124e-04 5.226277737991935667e-04 5.358836604651619640e-04 -4.155937560051835484e-04 -1.032623661930578583e-03 -6.459525056725436446e-04 2.431029219904040856e-04 7.399948141409243849e-04 5.299643112603193412e-04 3.173044345863631761e-05 -2.092175244536456993e-04 -8.881000664425650029e-05 8.577435679851875866e-05 4.197027672317211355e-05 -1.622046223068040094e-04 -2.721580454515717517e-04 -1.629967167682348219e-04 4.057615259859963556e-05 1.473197655438957215e-04 1.236481013652368890e-04 8.951552820106433437e-05 1.236481013657323965e-04 1.473197655461674774e-04 3.232875196251685059e-05 4.376659894160098071e-05 9.078704486859367324e-05 2.296236521456428874e-04 3.452499707876633653e-04 2.469945275017921388e-04 -8.616242282513107448e-05 -4.072946204419185929e-04 -4.271155271579833821e-04 -1.558055906750779851e-04 5.889651474637798173e-05 -6.578766637718390083e-05 -3.169727954279246448e-04 -1.149003071908265831e-04 7.623787659615104432e-04 1.620164864940296144e-03 1.293495161190421662e-03 -5.671949779498325827e-04 -2.693061993884767521e-03 -3.050096811949958627e-03 -8.394727468832891178e-04 2.383221106490470559e-03 3.903743905694583450e-03 2.383221106492937769e-03 -8.394727468849525007e-04 -3.050096811949321550e-03 -2.693061993883562755e-03 -5.671949779534325676e-04 1.293495161189114114e-03 1.620164864944506535e-03 7.623787659616690620e-04 -1.149003071918605731e-04 -3.169727954307801081e-04 -6.578766637436100429e-05 5.889651475046980139e-05 -1.558055906772364961e-04 -4.271155271607045669e-04 -4.072946204426970500e-04 -8.616242282101534817e-05 2.469945274971763107e-04 3.452499707904957893e-04 2.296236521444696723e-04 9.078704486936670938e-05 4.376659894054993479e-05 3.232875196032270322e-05 -4.391235016443570524e-05 -1.722226761890393643e-04 -2.375568505268686205e-04 -1.722226761912159544e-04 -4.391235016710237502e-05
1.473197655464382840e-04 4.057615260029587663e-05 -1.629967167730453999e-04 -2.721580454486596389e-04 -1.622046223096214172e-04 4.197027672541792993e-05 8.577435679740406330e-05 -8.881000664340701434e-05 -2.092175244531658586e-04 3.173044345637922553e-05 5.299643112625693859e-04 7.399948141399919710e-04 2.431029219923068875e-04 -6.459525056736176553e-04 -1.032623661930091126e-03 -4.155937560060811052e-04 5.358836604632250368e-04 5.226277738015843409e-04 -7.471403367158678402e-04 -1.581568065476940703e-03 4.758222916439849891e-04 5.972562526651968400e-03 1.217811009655981810e-02 2.491504919338688451e-02 1.217811009655274217e-02 5.972562526657473544e-03 4.758222916433798959e-04 -1.581568065475943237e-03 -7.471403367218464563e-04 5.226277738053567139e-04 5.358836604648943829e-04 -4.155937560072024955e-04 -1.032623661930593762e-03 -6.459525056726539080e-04 2.431029219938657534e-04 7.399948141378578275e-04 5.299643112615697515e-04 3.173044345815632098e-05 -2.092175244542903388e-04 -8.881000664283814701e-05 8.577435679916582407e-05 4.197027671952630078e-05 -1.622046223063250631e-04 -2.721580454480519435e-04 -1.629967167692185186e-04 4.057615259523118882e-05 1.473197655447862039e-04 1.236481013694232375e-04 8.951552819838173359e-05 1.236481013647775396e-04 -4.391235016755021150e-05 3.232875196576812896e-05 4.376659893553873202e-05 9.078704487183869034e-05 2.296236521445289781e-04 3.452499707925341978e-04 2.469945274967347694e-04 -8.616242282485767935e-05 -4.072946204414707090e-04 -4.271155271574276742e-04 -1.558055906779800149e-04 5.889651474702949237e-05 -6.578766637597008228e-05 -3.169727954266782460e-04 -1.149003071918121635e-04 7.623787659604060749e-04 1.620164864944361035e-03 1.293495161190172946e-03 -5.671949779515566810e-04 -2.693061993886813194e-03 -3.050096811951329492e-03 -8.394727468806547233e-04 2.383221106490677858e-03 3.903743905694888328e-03 2.383221106491701779e-03 -8.394727468835905260e-04 -3.050096811947607643e-03 -2.693061993887739536e-03 -5.671949779518684976e-04 1.293495161191956675e-03 1.620164864942516591e-03 7.623787659607960624e-04 -1.149003071929524325e-04 -3.169727954288669792e-04 -6.578766637302627010e-05 5.889651474690557484e-05 -1.558055906778637071e-04 -4.271155271578228117e-04 -4.072946204426362263e-04 -8.616242282358004196e-05 2.469945275001298943e-04 3.452499707894502389e-04 2.296236521441488297e-04 9.078704487095764055e-05 4.376659893937277584e-05 3.232875196006492060e-05 -4.391235016463298260e-05 -1.722226761848358312e-04 -2.375568505350950045e-04 -1.722226761863195619e-04
1.236481013665685332e-04 1.473197655427106614e-04 4.057615260014873685e-05 -1.629967167739461550e-04 -2.721580454425525991e-04 -1.622046223113084629e-04 4.197027672075951977e-05 8.577435680018306321e-05 -8.881000664110183789e-05 -2.092175244515892660e-04 3.173044345340250781e-05 5.299643112601454351e-04 7.399948141414606313e-04 2.431029219925228877e-04 -6.459525056749144695e-04 -1.032623661929635544e-03 -4.155937560064856210e-04 5.358836604672488364e-04 5.226277738002924056e-04 -7.471403367187084499e-04 -1.581568065476388844e-03 4.758222916474949310e-04 5.972562526652907752e-03 1.217811009655274217e-02 2.491504919339259175e-02 1.217811009655391311e-02 5.972562526655244425e-03 4.758222916387536594e-04 -1.581568065469499606e-03 -7.471403367211722994e-04 5.226277738015130004e-04 5.358836604647563640e-04 -4.155937560061381884e-04 -1.032623661927984738e-03 -6.459525056752660763e-04 2.431029219931934667e-04 7.399948141377392158e-04 5.299643112611065804e-04 3.173044345865096112e-05 -2.092175244541163786e-04 -8.881000664514821592e-05 8.577435680202266969e-05 4.197027672251715379e-05 -1.622046223084060807e-04 -2.721580454513605491e-04 -1.629967167674653908e-04 4.057615259861120264e-05 1.473197655413850617e-04 1.236481013674415328e-04 8.951552820099703252e-05 -1.722226761850481180e-04 -4.391235017234262905e-05 3.232875196709690681e-05 4.376659893727911368e-05 9.078704487262541454e-05 2.296236521410207980e-04 3.452499707915656800e-04 2.469945274995010028e-04 -8.616242282522540007e-05 -4.072946204457799789e-04 -4.271155271566481871e-04 -1.558055906736504433e-04 5.889651474912115553e-05 -6.578766637800445214e-05 -3.169727954288805859e-04 -1.149003071889236185e-04 7.623787659597949101e-04 1.620164864942079007e-03 1.293495161188982492e-03 -5.671949779498191386e-04 -2.693061993884818695e-03 -3.050096811955317188e-03 -8.394727468796094440e-04 2.383221106490472727e-03 3.903743905695324177e-03 2.383221106492104235e-03 -8.394727468846353716e-04 -3.050096811948228674e-03 -2.693061993883427013e-03 -5.671949779551806268e-04 1.293495161190159068e-03 1.620164864942948537e-03 7.623787659636314679e-04 -1.149003071917727799e-04 -3.169727954328915376e-04 -6.578766637356898105e-05 5.889651475134641273e-05 -1.558055906769807329e-04 -4.271155271600878185e-04 -4.072946204401197388e-04 -8.616242282550024532e-05 2.469945274979387217e-04 3.452499707891863983e-04 2.296236521448782267e-04 9.078704487139129431e-05 4.376659894040172436e-05 3.232875196190372749e-05 -4.391235017103872008e-05 -1.722226761810751404e-04 -2.375568505327916983e-04
8.951552819876410459e-05 1.236481013644471832e-04 1.473197655477159892e-04 4.057615259890523827e-05 -1.629967167724903968e-04 -2.721580454501657041e-04 -1.622046223046304551e-04 4.197027672062630520e-05 8.577435679957780734e-05 -8.881000664362539976e-05 -2.092175244519506306e-04 3.173044345428660014e-05 5.299643112618058908e-04 7.399948141398782382e-04 2.431029219930324627e-04 -6.459525056751676307e-04 -1.032623661928023335e-03 -4.155937560072174033e-04 5.358836604649632298e-04 5.226277738022871207e-04 -7.471403367180260531e-04 -1.581568065474639375e-03 4.758222916400112797e-04 5.972562526657474412e-03 1.217811009655391311e-02 2.491504919338703022e-02 1.217811009655350545e-02 5.972562526659935117e-03 4.758222916423750573e-04 -1.581568065477187467e-03 -7.471403367189905593e-04 5.226277738048203591e-04 5.358836604655232202e-04 -4.155937560089508257e-04 -1.032623661929940855e-03 -6.459525056731389801e-04 2.431029219937849803e-04 7.399948141369366893e-04 5.299643112626705420e-04 3.173044345769715458e-05 -2.092175244544239668e-04 -8.881000664435468835e-05 8.577435680200648797e-05 4.197027672081137851e-05 -1.622046223077314631e-04 -2.721580454481132552e-04 -1.629967167713976294e-04 4.057615259748012905e-05 1.473197655455257924e-04 1.236481013674066486e-04 -2.375568505346675307e-04 -1.722226761850274368e-04 -4.391235016794711759e-05 3.232875196377541958e-05 4.376659893813355308e-05 9.078704487028656006e-05 2.296236521455515434e-04 3.452499707897112606e-04 2.469945274973504336e-04 -8.616242282352385318e-05 -4.072946204414553675e-04 -4.271155271585555697e-04 -1.558055906764704531e-04 5.889651474866863665e-05 -6.578766637439622731e-05 -3.169727954297219268e-04 -1.149003071917362151e-04 7.623787659598250509e-04 1.620164864944866924e-03 1.293495161189603957e-03 -5.671949779539180734e-04 -2.693061993883412268e-03 -3.050096811951744959e-03 -8.394727468820574641e-04 2.383221106493461222e-03 3.903743905697244516e-03 2.383221106487439997e-03 -8.394727468790256011e-04 -3.050096811953709099e-03 -2.693061993884875507e-03 -5.671949779537082802e-04 1.293495161191895526e-03 1.620164864942336179e-03 7.623787659601521547e-04 -1.149003071896945676e-04 -3.169727954295753969e-04 -6.578766637502448181e-05 5.889651474805022128e-05 -1.558055906744566560e-04 -4.271155271604576398e-04 -4.072946204428223838e-04 -8.616242282377847806e-05 2.469945275000289008e-04 3.452499707884360762e-04 2.296236521440627170e-04 9.078704487134981003e-05 4.376659893886137122e-05 3.232875196296139381e-05 -4.391235016724238618e-05 -1.722226761845535592e-04
1.236481013663448623e-04 8.951552820095714743e-05 1.236481013649066952e-04 1.473197655470722713e-04 4.057615259653139117e-05 -1.629967167697517834e-04 -2.721580454486295523e-04 -1.622046223059908849e-04 4.197027671762336334e-05 8.577435680015331541e-05 -8.881000664187731349e-05 -2.092175244511581601e-04 3.173044345462801540e-05 5.299643112612904610e-04 7.399948141405506604e-04 2.431029219924494601e-04 -6.459525056767210756e-04 -1.032623661930628673e-03 -4.155937560032272682e-04 5.358836604658924994e-04 5.226277738021031316e-04 -7.471403367219129179e-04 -1.581568065473437862e-03 4.758222916433795706e-04 5.972562526655244425e-03 1.217811009655350545e-02 2.491504919338904250e-02 1.217811009655736694e-02 5.972562526650934504e-03 4.758222916455694422e-04 -1.581568065475522132e-03 -7.471403367166847866e-04 5.226277738009632015e-04 5.358836604637940261e-04 -4.155937560049958730e-04 -1.032623661930221230e-03 -6.459525056735913092e-04 2.431029219925901082e-04 7.399948141371524455e-04 5.299643112631995242e-04 3.173044345949017426e-05 -2.092175244554238722e-04 -8.881000664664899567e-05 8.577435680265184576e-05 4.197027672393381978e-05 -1.622046223113251596e-04 -2.721580454488424896e-04 -1.629967167676144415e-04 4.057615259780589115e-05 1.473197655426964584e-04 -1.722226761838769628e-04 -2.375568505286468205e-04 -1.722226761892595658e-04 -4.391235016663891925e-05 3.232875195946304609e-05 4.376659894260592092e-05 9.078704486856728647e-05 2.296236521446648015e-04 3.452499707908160626e-04 2.469945275010894674e-04 -8.616242282482186002e-05 -4.072946204461245384e-04 -4.271155271603063936e-04 -1.558055906720235166e-04 5.889651474872668890e-05 -6.578766637627912056e-05 -3.169727954287479880e-04 -1.149003071882318162e-04 7.623787659584338027e-04 1.620164864941261084e-03 1.293495161191274712e-03 -5.671949779532610468e-04 -2.693061993883228821e-03 -3.050096811950700221e-03 -8.394727468837544573e-04 2.383221106490019964e-03 3.903743905700650645e-03 2.383221106488000313e-03 -8.394727468830961298e-04 -3.050096811950650348e-03 -2.693061993882824631e-03 -5.671949779538405529e-04 1.293495161186673792e-03 1.620164864944437797e-03 7.623787659623903817e-04 -1.149003071896621635e-04 -3.169727954316220995e-04 -6.578766637462365226e-05 5.889651474873000249e-05 -1.558055906762722067e-04 -4.271155271591260227e-04 -4.072946204427362439e-04 -8.616242282338765028e-05 2.469945274999603793e-04 3.452499707885776188e-04 2.296236521428714769e-04 9.078704487115741835e-05 4.376659894330182964e-05 3.232875195863258111e-05 -4.391235016889094946e-05
1.473197655455934737e-04 1.236481013679647958e-04 8.951552819908420173e-05 1.236481013635452354e-04 1.473197655478262254e-04 4.057615259706977208e-05 -1.629967167720443560e-04 -2.721580454493271821e-04 -1.622046223021676086e-04 4.197027671868621351e-05 8.577435679582065379e-05 -8.881000664087320676e-05 -2.092175244512505341e-04 3.173044345627009380e-05 5.299643112587979887e-04 7.399948141408294088e-04 2.431029219931810255e-04 -6.459525056723804722e-04 -1.032623661933717348e-03 -4.155937560055623686e-04 5.358836604653844423e-04 5.226277738026980334e-04 -7.471403367166124703e-04 -1.581568065475942803e-03 4.758222916387539847e-04 5.972562526659935117e-03 1.217811009655736347e-02 2.491504919338078522e-02 1.217811009655806083e-02 5.972562526656126532e-03 4.758222916456363374e-04 -1.581568065482356292e-03 -7.471403367155013799e-04 5.226277738056688557e-04 5.358836604625284369e-04 -4.155937560064717432e-04 -1.032623661931790721e-03 -6.459525056704985141e-04 2.431029219925618919e-04 7.399948141368056093e-04 5.299643112616413089e-04 3.173044346023449260e-05 -2.092175244549594542e-04 -8.881000664640545676e-05 8.577435680011601885e-05 4.197027672399793679e-05 -1.622046223075363067e-04 -2.721580454491649855e-04 -1.629967167715006557e-04 4.057615259833382307e-05 -4.391235016669073734e-05 -1.722226761893676608e-04 -2.375568505283490986e-04 -1.722226761897847533e-04 -4.391235016294508310e-05 3.232875196036205976e-05 4.376659894082970639e-05 9.078704486825528018e-05 2.296236521463247422e-04 3.452499707893133584e-04 2.469945274968391238e-04 -8.616242282096758906e-05 -4.072946204411250111e-04 -4.271155271619466831e-04 -1.558055906773543489e-04 5.889651475006615970e-05 -6.578766637365236975e-05 -3.169727954307125623e-04 -1.149003071904292094e-04 7.623787659622049831e-04 1.620164864941776514e-03 1.293495161190283535e-03 -5.671949779540511050e-04 -2.693061993884919309e-03 -3.050096811950037991e-03 -8.394727468828122856e-04 2.383221106491765530e-03 3.903743905694402171e-03 2.383221106492915652e-03 -8.394727468805301485e-04 -3.050096811952428440e-03 -2.693061993886727758e-03 -5.671949779496339569e-04 1.293495161187894604e-03 1.620164864943147379e-03 7.623787659606868833e-04 -1.149003071903834154e-04 -3.169727954272794903e-04 -6.578766637863475307e-05 5.889651474793839938e-05 -1.558055906731537431e-04 -4.271155271592208362e-04 -4.072946204439066402e-04 -8.616242282264814309e-05 2.469945275000613727e-04 3.452499707873350689e-04 2.296236521470271968e-04 9.078704486751695206e-05 4.376659894039712327e-05 3.232875196252422994e-05
4.057615259756100376e-05 1.473197655446825812e-04 1.236481013679966985e-04 8.951552819946172093e-05 1.236481013640884749e-04 1.473197655475874299e-04 4.057615259696671867e-05 -1.629967167711027264e-04 -2.721580454504134985e-04 -1.622046223053932184e-04 4.197027672222010950e-05 8.577435679655025409e-05 -8.881000663989184116e-05 -2.092175244547989110e-04 3.173044345665848213e-05 5.299643112623909262e-04 7.399948141397874905e-04 2.431029219917495805e-04 -6.459525056726363439e-04 -1.032623661932318294e-03 -4.155937560054079783e-04 5.358836604681296422e-04 5.226277737991932414e-04 -7.471403367218458057e-04 -1.581568065469499173e-03 4.758222916423750573e-04 5.972562526650934504e-03 1.217811009655805736e-02 2.491504919338740492e-02 1.217811009655591671e-02 5.972562526653575621e-03 4.758222916460393354e-04 -1.581568065478906795e-03 -7.471403367186183527e-04 5.226277738046909054e-04 5.358836604626602759e-04 -4.155937560045128067e-04 -1.032623661932100803e-03 -6.459525056720994470e-04 2.431029219920204955e-04 7.399948141394967075e-04 5.299643112609405890e-04 3.173044345859168236e-05 -2.092175244532979415e-04 -8.881000664703872570e-05 8.577435680263556918e-05 4.197027672301279681e-05 -1.622046223108693610e-04 -2.721580454497137002e-04 -1.629967167679495954e-04 3.232875196036745367e-05 -4.391235016702846631e-05 -1.722226761891721249e-04 -2.375568505287684680e-04 -1.722226761873102787e-04 -4.391235016704898484e-05 3.232875196131125843e-05 4.376659894414882193e-05 9.078704486830551940e-05 2.296236521415117519e-04 3.452499707922822834e-04 2.469945274997174638e-04 -8.616242282408008955e-05 -4.072946204448233873e-04 -4.271155271587199890e-04 -1.558055906761513182e-04 5.889651474932833302e-05 -6.578766637541265329e-05 -3.169727954306820420e-04 -1.149003071894676034e-04 7.623787659616660262e-04 1.620164864940507130e-03 1.293495161190429035e-03 -5.671949779491247071e-04 -2.693061993887742572e-03 -3.050096811949944749e-03 -8.394727468840865485e-04 2.383221106492842793e-03 3.903743905697185969e-03 2.383221106490677858e-03 -8.394727468850535484e-04 -3.050096811949570049e-03 -2.693061993882963408e-03 -5.671949779515147224e-04 1.293495161186745783e-03 1.620164864943708779e-03 7.623787659641409345e-04 -1.149003071951388075e-04 -3.169727954266864317e-04 -6.578766637489512294e-05 5.889651474565132233e-05 -1.558055906735648455e-04 -4.271155271592728237e-04 -4.072946204450210374e-04 -8.616242282302323638e-05 2.469945275033142503e-04 3.452499707850487033e-04 2.296236521448013839e-04 9.078704487316929101e-05 4.376659893990536982e-05
-1.629967167710204897e-04 4.057615259998033992e-05 1.473197655428672473e-04 1.236481013682272270e-04 8.951552819878532785e-05 1.236481013656279607e-04 1.473197655477104598e-04 4.057615259753607389e-05 -1.629967167751404579e-04 -2.721580454476665097e-04 -1.622046223016817776e-04 4.197027672083853778e-05 8.577435679190061242e-05 -8.881000663785409673e-05 -2.092175244527818070e-04 3.173044345456624976e-05 5.299643112618920848e-04 7.399948141393813484e-04 2.431029219932511734e-04 -6.459525056736990789e-04 -1.032623661929287081e-03 -4.155937560078960054e-04 5.358836604651616388e-04 5.226277738053571476e-04 -7.471403367211716488e-04 -1.581568065477187033e-03 4.758222916455689001e-04 5.972562526656127399e-03 1.217811009655591671e-02 2.491504919338365445e-02 1.217811009655612488e-02 5.972562526656760573e-03 4.758222916436692152e-04 -1.581568065479356522e-03 -7.471403367187807662e-04 5.226277738077589807e-04 5.358836604629508421e-04 -4.155937560078266165e-04 -1.032623661931146922e-03 -6.459525056685021726e-04 2.431029219894159979e-04 7.399948141373897774e-04 5.299643112641753062e-04 3.173044345617626966e-05 -2.092175244517118892e-04 -8.881000664670374788e-05 8.577435679875270239e-05 4.197027672383059696e-05 -1.622046223048402211e-04 -2.721580454516775156e-04 4.376659894015880208e-05 3.232875196204205813e-05 -4.391235016618688148e-05 -1.722226761872865889e-04 -2.375568505327561365e-04 -1.722226761863168785e-04 -4.391235016431894344e-05 3.232875195931159660e-05 4.376659893959935376e-05 9.078704487379498408e-05 2.296236521426888973e-04 3.452499707873775154e-04 2.469945274987022711e-04 -8.616242282037851492e-05 -4.072946204432795377e-04 -4.271155271586781388e-04 -1.558055906777353376e-04 5.889651474800046996e-05 -6.578766637139731054e-05 -3.169727954325036643e-04 -1.149003071937328141e-04 7.623787659653633725e-04 1.620164864942747092e-03 1.293495161186294321e-03 -5.671949779485257939e-04 -2.693061993886701304e-03 -3.050096811952594106e-03 -8.394727468803961411e-04 2.383221106491063401e-03 3.903743905693498814e-03 2.383221106496090196e-03 -8.394727468817796915e-04 -3.050096811956291235e-03 -2.693061993881645452e-03 -5.671949779485925807e-04 1.293495161186800860e-03 1.620164864938553832e-03 7.623787659641251052e-04 -1.149003071914049778e-04 -3.169727954278509191e-04 -6.578766637435516315e-05 5.889651474390032227e-05 -1.558055906733956828e-04 -4.271155271579619691e-04 -4.072946204434555579e-04 -8.616242282467322946e-05 2.469945275027027602e-04 3.452499707881275665e-04 2.296236521406965132e-04 9.078704487240101179e-05
-2.721580454486866355e-04 -1.629967167724736730e-04 4.057615259808718740e-05 1.473197655449072550e-04 1.236481013677547046e-04 8.951552820049210601e-05 1.236481013655880892e-04 1.473197655458184457e-04 4.057615259872320073e-05 -1.629967167727987168e-04 -2.721580454502064159e-04 -1.622046223051884398e-04 4.197027672372798400e-05 8.577435679481215604e-05 -8.881000664263133545e-05 -2.092175244513702300e-04 3.173044345864182671e-05 5.299643112587629689e-04 7.399948141396641083e-04 2.431029219943593635e-04 -6.459525056756647374e-04 -1.032623661931110059e-03 -4.155937560051841989e-04 5.358836604648940577e-04 5.226277738015138678e-04 -7.471403367189906677e-04 -1.581568065475522566e-03 4.758222916456356869e-04 5.972562526653577356e-03 1.217811009655612314e-02 2.491504919338678736e-02 1.217811009655550385e-02 5.972562526655975611e-03 4.758222916441089134e-04 -1.581568065475854332e-03 -7.471403367221331193e-04 5.226277738049587033e-04 5.358836604650154883e-04 -4.155937560050740440e-04 -1.032623661933308821e-03 -6.459525056706587592e-04 2.431029219917824589e-04 7.399948141359142867e-04 5.299643112650029861e-04 3.173044345782957633e-05 -2.092175244545171810e-04 -8.881000664451111162e-05 8.577435680082899020e-05 4.197027672040681525e-05 -1.622046223063048698e-04 9.078704487150596224e-05 4.376659894171808809e-05 3.232875196044058310e-05 -4.391235016667255662e-05 -1.722226761871859478e-04 -2.375568505304547276e-04 -1.722226761900665375e-04 -4.391235016576633301e-05 3.232875196217847109e-05 4.376659894043728619e-05 9.078704487194400703e-05 2.296236521439065377e-04 3.452499707888770754e-04 2.469945274987566980e-04 -8.616242282160241654e-05 -4.072946204457113489e-04 -4.271155271583065285e-04 -1.558055906746940149e-04 5.889651474504555147e-05 -6.578766637396746600e-05 -3.169727954261765315e-04 -1.149003071924296302e-04 7.623787659617827948e-04 1.620164864943958363e-03 1.293495161187531830e-03 -5.671949779512747885e-04 -2.693061993883024124e-03 -3.050096811952061546e-03 -8.394727468858934798e-04 2.383221106493124252e-03 3.903743905696999920e-03 2.383221106490086318e-03 -8.394727468805242938e-04 -3.050096811954180944e-03 -2.693061993884640452e-03 -5.671949779502888150e-04 1.293495161190920829e-03 1.620164864940624875e-03 7.623787659620649042e-04 -1.149003071921109832e-04 -3.169727954294911543e-04 -6.578766637265731610e-05 5.889651474701904337e-05 -1.558055906756467034e-04 -4.271155271591791486e-04 -4.072946204432228339e-04 -8.616242282566527444e-05 2.469945275013308650e-04 3.452499707907294890e-04 2.296236521422633751e-04
-1.622046223052873190e-04 -2.721580454516507900e-04 -1.629967167683079785e-04 4.057615259457190580e-05 1.473197655485681450e-04 1.236481013658985505e-04 8.951552819700975706e-05 1.236481013664135465e-04 1.473197655509144669e-04 4.057615259687899994e-05 -1.629967167767329070e-04 -2.721580454474617039e-04 -1.622046223027996171e-04 4.197027672032134624e-05 8.577435679563643429e-05 -8.881000664052811876e-05 -2.092175244541330482e-04 3.173044345861314957e-05 5.299643112583296133e-04 7.399948141406514912e-04 2.431029219921175045e-04 -6.459525056724075773e-04 -1.032623661930579017e-03 -4.155937560072024955e-04 5.358836604647570145e-04 5.226277738048202507e-04 -7.471403367166843529e-04 -1.581568065482356726e-03 4.758222916460409075e-04 5.972562526656760573e-03 1.217811009655550385e-02 2.491504919338275933e-02 1.217811009655831757e-02 5.972562526658699127e-03 4.758222916420762512e-04 -1.581568065478061984e-03 -7.471403367192521773e-04 5.226277738065995349e-04 5.358836604634038218e-04 -4.155937560090179920e-04 -1.032623661930845947e-03 -6.459525056696070831e-04 2.431029219913926882e-04 7.399948141373798027e-04 5.299643112623079848e-04 3.173044345785959518e-05 -2.092175244521037741e-04 -8.881000664484861020e-05 8.577435679896134354e-05 4.197027672120912486e-05 2.296236521451300598e-04 9.078704486827021507e-05 4.376659894312410858e-05 3.232875195998071197e-05 -4.391235016420927639e-05 -1.722226761895170096e-04 -2.375568505302776774e-04 -1.722226761887347848e-04 -4.391235016455004113e-05 3.232875195953509133e-05 4.376659894041272223e-05 9.078704487204727728e-05 2.296236521455353075e-04 3.452499707872229082e-04 2.469945274977773924e-04 -8.616242282066094958e-05 -4.072946204426031581e-04 -4.271155271602283311e-04 -1.558055906765502504e-04 5.889651474932918005e-05 -6.578766637301647162e-05 -3.169727954311791487e-04 -1.149003071919150407e-04 7.623787659619101886e-04 1.620164864942165309e-03 1.293495161190566511e-03 -5.671949779533718523e-04 -2.693061993885735930e-03 -3.050096811948276813e-03 -8.394727468809923439e-04 2.383221106487603928e-03 3.903743905696384093e-03 2.383221106494630859e-03 -8.394727468834566270e-04 -3.050096811956215775e-03 -2.693061993883296475e-03 -5.671949779506021494e-04 1.293495161191449269e-03 1.620164864941308139e-03 7.623787659605131941e-04 -1.149003071898206603e-04 -3.169727954287152451e-04 -6.578766637567786269e-05 5.889651474782588630e-05 -1.558055906751575927e-04 -4.271155271605012248e-04 -4.072946204424642176e-04 -8.616242282477143107e-05 2.469945275014420500e-04 3.452499707888103428e-04
4.197027672198691794e-05 -1.622046223064857148e-04 -2.721580454511528702e-04 -1.629967167649715089e-04 4.057615259381906292e-05 1.473197655450619707e-04 1.236481013664732589e-04 8.951552820064828534e-05 1.236481013658016770e-04 1.473197655460167462e-04 4.057615259878098870e-05 -1.629967167736539354e-04 -2.721580454500803232e-04 -1.622046223034268010e-04 4.197027672378421344e-05 8.577435679542948720e-05 -8.881000664435673478e-05 -2.092175244519664599e-04 3.173044345901760441e-05 5.299643112587533195e-04 7.399948141410698848e-04 2.431029219907215129e-04 -6.459525056725439699e-04 -1.032623661930593979e-03 -4.155937560061381884e-04 5.358836604655232202e-04 5.226277738009633099e-04 -7.471403367155020304e-04 -1.581568065478907228e-03 4.758222916436692152e-04 5.972562526655975611e-03 1.217811009655831757e-02 2.491504919338453916e-02 1.217811009655460526e-02 5.972562526654604312e-03 4.758222916459684828e-04 -1.581568065476959351e-03 -7.471403367195894726e-04 5.226277738032331956e-04 5.358836604658054380e-04 -4.155937560073439297e-04 -1.032623661932299862e-03 -6.459525056687697537e-04 2.431029219902323751e-04 7.399948141380952677e-04 5.299643112629286905e-04 3.173044345644091663e-05 -2.092175244536165343e-04 -8.881000664262344788e-05 8.577435679817807523e-05 3.452499707851886738e-04 2.296236521460397325e-04 9.078704486852359312e-05 4.376659894290755952e-05 3.232875195880702924e-05 -4.391235016452415581e-05 -1.722226761881190664e-04 -2.375568505303195547e-04 -1.722226761886229765e-04 -4.391235016456039526e-05 3.232875195997598214e-05 4.376659894156475480e-05 9.078704486969289161e-05 2.296236521445649736e-04 3.452499707889559511e-04 2.469945274990413011e-04 -8.616242282410619172e-05 -4.072946204431331161e-04 -4.271155271559902390e-04 -1.558055906771168273e-04 5.889651474532877219e-05 -6.578766637170030439e-05 -3.169727954298961039e-04 -1.149003071922666340e-04 7.623787659638841955e-04 1.620164864940186423e-03 1.293495161189744903e-03 -5.671949779516548013e-04 -2.693061993884179883e-03 -3.050096811951630901e-03 -8.394727468838327367e-04 2.383221106492869681e-03 3.903743905694201377e-03 2.383221106492204415e-03 -8.394727468797126601e-04 -3.050096811952709031e-03 -2.693061993885872106e-03 -5.671949779509528888e-04 1.293495161188880360e-03 1.620164864943381350e-03 7.623787659612184676e-04 -1.149003071914942348e-04 -3.169727954283575668e-04 -6.578766637598839175e-05 5.889651474759879338e-05 -1.558055906745822066e-04 -4.271155271596689370e-04 -4.072946204418364646e-04 -8.616242282500889845e-05 2.469945275027526335e-04
8.577435679831164894e-05 4.197027672087088766e-05 -1.622046223042657295e-04 -2.721580454500405330e-04 -1.629967167721272162e-04 4.057615259740168703e-05 1.473197655478450906e-04 1.236481013662921701e-04 8.951552819565374540e-05 1.236481013681186170e-04 1.473197655484270903e-04 4.057615259579392362e-05 -1.629967167719717416e-04 -2.721580454490661605e-04 -1.622046223041717292e-04 4.197027672114372714e-05 8.577435679691042605e-05 -8.881000664217361239e-05 -2.092175244525248511e-04 3.173044345718459801e-05 5.299643112583207229e-04 7.399948141424196081e-04 2.431029219904044109e-04 -6.459525056726532575e-04 -1.032623661927985388e-03 -4.155937560089526146e-04 5.358836604637943514e-04 5.226277738056689642e-04 -7.471403367186190032e-04 -1.581568065479356088e-03 4.758222916441083713e-04 5.972562526658694790e-03 1.217811009655460699e-02 2.491504919338315485e-02 1.217811009655743633e-02 5.972562526655485551e-03 4.758222916453561796e-04 -1.581568065478289450e-03 -7.471403367181007546e-04 5.226277738045612348e-04 5.358836604637928335e-04 -4.155937560070921237e-04 -1.032623661931822596e-03 -6.459525056688193018e-04 2.431029219901973282e-04 7.399948141368278354e-04 5.299643112621410176e-04 3.173044345834057436e-05 -2.092175244527930827e-04 -8.881000664319460558e-05 2.469945275019035406e-04 3.452499707882333846e-04 2.296236521449313527e-04 9.078704487076221311e-05 4.376659894033373133e-05 3.232875196047726302e-05 -4.391235016565939002e-05 -1.722226761860423585e-04 -2.375568505322499767e-04 -1.722226761878310752e-04 -4.391235016314794411e-05 3.232875195793665207e-05 4.376659893990785671e-05 9.078704487213914986e-05 2.296236521457468895e-04 3.452499707864485710e-04 2.469945274983757094e-04 -8.616242282113192701e-05 -4.072946204433133648e-04 -4.271155271593309911e-04 -1.558055906749242995e-04 5.889651474709782421e-05 -6.578766637404869985e-05 -3.169727954286717143e-04 -1.149003071940573294e-04 7.623787659630665986e-04 1.620164864942848140e-03 1.293495161189992101e-03 -5.671949779518813996e-04 -2.693061993886629313e-03 -3.050096811948905216e-03 -8.394727468831750597e-04 2.383221106489335182e-03 3.903743905698931101e-03 2.383221106492086454e-03 -8.394727468831311495e-04 -3.050096811951766209e-03 -2.693061993887893059e-03 -5.671949779486840874e-04 1.293495161189525460e-03 1.620164864940691878e-03 7.623787659619043339e-04 -1.149003071900852463e-04 -3.169727954288516919e-04 -6.578766637670152573e-05 5.889651475022444644e-05 -1.558055906762619881e-04 -4.271155271590243788e-04 -4.072946204416738342e-04 -8.616242282782733621e-05
-8.881000664367538148e-05 8.577435680054347911e-05 4.197027672042139099e-05 -1.622046223079090012e-04 -2.721580454471501042e-04 -1.629967167723056758e-04 4.057615259948398539e-05 1.473197655442026049e-04 1.236481013673845579e-04 8.951552819787066779e-05 1.236481013670488619e-04 1.473197655477533400e-04 4.057615259621699964e-05 -1.629967167716266671e-04 -2.721580454487669749e-04 -1.622046223061249194e-04 4.197027672048083238e-05 8.577435680046701576e-05 -8.881000664499317501e-05 -2.092175244527313916e-04 3.173044345879423843e-05 5.299643112583915213e-04 7.399948141409246017e-04 2.431029219938659973e-04 -6.459525056752655342e-04 -1.032623661929941289e-03 -4.155937560049957646e-04 5.358836604625285454e-04 5.226277738046901464e-04 -7.471403367187810915e-04 -1.581568065475853031e-03 4.758222916420761970e-04 5.972562526654602577e-03 1.217811009655744500e-02 2.491504919338498672e-02 1.217811009655796195e-02 5.972562526653900881e-03 4.758222916443374632e-04 -1.581568065477173806e-03 -7.471403367184995242e-04 5.226277738043505743e-04 5.358836604639651132e-04 -4.155937560058360755e-04 -1.032623661932871887e-03 -6.459525056702491476e-04 2.431029219917159431e-04 7.399948141382730769e-04 5.299643112621577144e-04 3.173044345685316418e-05 -2.092175244535485819e-04 -8.616242282348877924e-05 2.469945274987164741e-04 3.452499707908552565e-04 2.296236521420937245e-04 9.078704487268344646e-05 4.376659893785729159e-05 3.232875196370491256e-05 -4.391235016820855261e-05 -1.722226761862764919e-04 -2.375568505301424232e-04 -1.722226761896664669e-04 -4.391235016555103756e-05 3.232875196159594282e-05 4.376659894044836538e-05 9.078704486945405542e-05 2.296236521464965882e-04 3.452499707891068721e-04 2.469945274975098655e-04 -8.616242282224056438e-05 -4.072946204429733590e-04 -4.271155271600883606e-04 -1.558055906740777544e-04 5.889651474731082928e-05 -6.578766637645736340e-05 -3.169727954279740302e-04 -1.149003071913696328e-04 7.623787659611324903e-04 1.620164864943318683e-03 1.293495161188134212e-03 -5.671949779512090858e-04 -2.693061993884554584e-03 -3.050096811951468704e-03 -8.394727468814417457e-04 2.383221106490758957e-03 3.903743905697004690e-03 2.383221106490290581e-03 -8.394727468830901667e-04 -3.050096811949150246e-03 -2.693061993887705709e-03 -5.671949779507242306e-04 1.293495161190792242e-03 1.620164864941633616e-03 7.623787659601376264e-04 -1.149003071902130060e-04 -3.169727954276108225e-04 -6.578766637869771811e-05 5.889651475259551528e-05 -1.558055906777179632e-04 -4.271155271607904899e-04 -4.072946204409245421e-04
-2.092175244529131039e-04 -8.881000664457682782e-05 8.577435679854384439e-05 4.197027672229395722e-05 -1.622046223064885608e-04 -2.721580454464471075e-04 -1.629967167755522650e-04 4.057615259880189347e-05 1.473197655471221988e-04 1.236481013681276701e-04 8.951552819491942882e-05 1.236481013672761648e-04 1.473197655501100160e-04 4.057615259518912177e-05 -1.629967167732718626e-04 -2.721580454493346631e-04 -1.622046223016208996e-04 4.197027671761784068e-05 8.577435679884045500e-05 -8.881000664184301205e-05 -2.092175244542028979e-04 3.173044345940863548e-05 5.299643112603198833e-04 7.399948141378573938e-04 2.431029219931931957e-04 -6.459525056731389801e-04 -1.032623661930221013e-03 -4.155937560064718516e-04 5.358836604626607096e-04 5.226277738077587639e-04 -7.471403367221330109e-04 -1.581568065478062852e-03 4.758222916459682659e-04 5.972562526655486419e-03 1.217811009655796195e-02 2.491504919338268648e-02 1.217811009655734092e-02 5.972562526656168165e-03 4.758222916439814655e-04 -1.581568065479088073e-03 -7.471403367178448829e-04 5.226277738057683855e-04 5.358836604616592321e-04 -4.155937560053429803e-04 -1.032623661932544241e-03 -6.459525056703616878e-04 2.431029219933238149e-04 7.399948141373846816e-04 5.299643112603019939e-04 3.173044345870939961e-05 -4.072946204423023462e-04 -8.616242282253899103e-05 2.469945274967854558e-04 3.452499707911357938e-04 2.296236521423257980e-04 9.078704487413672460e-05 4.376659893582160037e-05 3.232875196384012612e-05 -4.391235016538011309e-05 -1.722226761892547140e-04 -2.375568505311326521e-04 -1.722226761859254273e-04 -4.391235016607995204e-05 3.232875195878397639e-05 4.376659894179273541e-05 9.078704487110625756e-05 2.296236521452385884e-04 3.452499707896244160e-04 2.469945274957686368e-04 -8.616242282190713156e-05 -4.072946204413073197e-04 -4.271155271620753779e-04 -1.558055906748173972e-04 5.889651474881803293e-05 -6.578766637576346046e-05 -3.169727954278567738e-04 -1.149003071914968233e-04 7.623787659601436980e-04 1.620164864943733716e-03 1.293495161190097052e-03 -5.671949779530217634e-04 -2.693061993884439658e-03 -3.050096811949357112e-03 -8.394727468837360259e-04 2.383221106488319935e-03 3.903743905697941441e-03 2.383221106492607738e-03 -8.394727468839067877e-04 -3.050096811949497624e-03 -2.693061993886933757e-03 -5.671949779513365880e-04 1.293495161191049198e-03 1.620164864942262020e-03 7.623787659608503809e-04 -1.149003071917418937e-04 -3.169727954255871049e-04 -6.578766638059473310e-05 5.889651475017390907e-05 -1.558055906744985604e-04 -4.271155271599379817e-04
3.173044345719541292e-05 -2.092175244535997292e-04 -8.881000664394179706e-05 8.577435679888153271e-05 4.197027672331013248e-05 -1.622046223085882538e-04 -2.721580454476015660e-04 -1.629967167720093905e-04 4.057615259977969476e-05 1.473197655450146724e-04 1.236481013655473503e-04 8.951552819860825053e-05 1.236481013644950236e-04 1.473197655488350485e-04 4.057615259793131979e-05 -1.629967167709819734e-04 -2.721580454513905273e-04 -1.622046223050636210e-04 4.197027672155719441e-05 8.577435679803368661e-05 -8.881000664239571121e-05 -2.092175244547152919e-04 3.173044345863637860e-05 5.299643112615700768e-04 7.399948141377387821e-04 2.431029219937850888e-04 -6.459525056735916345e-04 -1.032623661931790504e-03 -4.155937560045133488e-04 5.358836604629512758e-04 5.226277738049590286e-04 -7.471403367192526110e-04 -1.581568065476959351e-03 4.758222916453561796e-04 5.972562526653902616e-03 1.217811009655734092e-02 2.491504919338522264e-02 1.217811009655633304e-02 5.972562526653785522e-03 4.758222916441747245e-04 -1.581568065476966723e-03 -7.471403367193256862e-04 5.226277738056669042e-04 5.358836604624952604e-04 -4.155937560042827390e-04 -1.032623661931041754e-03 -6.459525056723374294e-04 2.431029219921961905e-04 7.399948141389805188e-04 5.299643112610635375e-04 -4.271155271612098051e-04 -4.072946204418516976e-04 -8.616242282287918657e-05 2.469945274986947359e-04 3.452499707899395393e-04 2.296236521432687015e-04 9.078704487164413026e-05 4.376659893803373872e-05 3.232875196147370580e-05 -4.391235016539199188e-05 -1.722226761865880103e-04 -2.375568505301161042e-04 -1.722226761881886180e-04 -4.391235016500162489e-05 3.232875195930135089e-05 4.376659894098268054e-05 9.078704486961344669e-05 2.296236521448349942e-04 3.452499707910102974e-04 2.469945274991369819e-04 -8.616242282442195205e-05 -4.072946204426283116e-04 -4.271155271600839153e-04 -1.558055906753297911e-04 5.889651474936970888e-05 -6.578766637663666333e-05 -3.169727954277251516e-04 -1.149003071914789746e-04 7.623787659612693167e-04 1.620164864942255948e-03 1.293495161189429617e-03 -5.671949779513789803e-04 -2.693061993885011683e-03 -3.050096811952253233e-03 -8.394727468828883966e-04 2.383221106491027839e-03 3.903743905696804330e-03 2.383221106493264765e-03 -8.394727468829900948e-04 -3.050096811950365853e-03 -2.693061993885617535e-03 -5.671949779522197791e-04 1.293495161190640020e-03 1.620164864942004847e-03 7.623787659609066510e-04 -1.149003071936430828e-04 -3.169727954274040110e-04 -6.578766637583753857e-05 5.889651474808109394e-05 -1.558055906733816153e-04
5.299643112607007635e-04 3.173044345773525752e-05 -2.092175244521978558e-04 -8.881000664474261589e-05 8.577435679877229934e-05 4.197027672093429316e-05 -1.622046223041724068e-04 -2.721580454480560635e-04 -1.629967167741407693e-04 4.057615259789302712e-05 1.473197655497017597e-04 1.236481013633931761e-04 8.951552819802740277e-05 1.236481013675101086e-04 1.473197655462518826e-04 4.057615259712830545e-05 -1.629967167724843524e-04 -2.721580454478985289e-04 -1.622046223052875900e-04 4.197027672164277184e-05 8.577435679745775842e-05 -8.881000664205275096e-05 -2.092175244536459433e-04 3.173044345815597539e-05 5.299643112611070140e-04 7.399948141369367977e-04 2.431029219925899456e-04 -6.459525056704981888e-04 -1.032623661932100586e-03 -4.155937560078268875e-04 5.358836604650160304e-04 5.226277738065994265e-04 -7.471403367195891473e-04 -1.581568065478288149e-03 4.758222916443369211e-04 5.972562526656169900e-03 1.217811009655633304e-02 2.491504919338330751e-02 1.217811009655885533e-02 5.972562526655306007e-03 4.758222916429894747e-04 -1.581568065477567371e-03 -7.471403367193601638e-04 5.226277738063473495e-04 5.358836604639595838e-04 -4.155937560073496759e-04 -1.032623661931911284e-03 -6.459525056705827566e-04 2.431029219931803208e-04 7.399948141372152208e-04 -1.558055906723013705e-04 -4.271155271608514221e-04 -4.072946204408262050e-04 -8.616242282454557820e-05 2.469945274996891661e-04 3.452499707877100944e-04 2.296236521459223134e-04 9.078704486900867872e-05 4.376659893932781533e-05 3.232875196261293801e-05 -4.391235016455933817e-05 -1.722226761910473339e-04 -2.375568505293925890e-04 -1.722226761860880034e-04 -4.391235016419987094e-05 3.232875195947271582e-05 4.376659893861958736e-05 9.078704487179556620e-05 2.296236521449777565e-04 3.452499707885341423e-04 2.469945274976887589e-04 -8.616242282308841048e-05 -4.072946204420378009e-04 -4.271155271597313328e-04 -1.558055906764365718e-04 5.889651474996841210e-05 -6.578766637521721230e-05 -3.169727954281771013e-04 -1.149003071922470099e-04 7.623787659603761509e-04 1.620164864944589368e-03 1.293495161188908549e-03 -5.671949779545588368e-04 -2.693061993884474353e-03 -3.050096811948860114e-03 -8.394727468835405442e-04 2.383221106491040416e-03 3.903743905695703648e-03 2.383221106491929895e-03 -8.394727468818777034e-04 -3.050096811951847307e-03 -2.693061993885195998e-03 -5.671949779511538999e-04 1.293495161190375041e-03 1.620164864941098671e-03 7.623787659598915125e-04 -1.149003071888703842e-04 -3.169727954289666173e-04 -6.578766637574422942e-05 5.889651474598885480e-05
7.399948141377953774e-04 5.299643112618707260e-04 3.173044345808206668e-05 -2.092175244537139770e-04 -8.881000664429699524e-05 8.577435679946471150e-05 4.197027672166599410e-05 -1.622046223064135882e-04 -2.721580454496187241e-04 -1.629967167704513378e-04 4.057615259534393907e-05 1.473197655471091612e-04 1.236481013680452436e-04 8.951552819929941586e-05 1.236481013649520148e-04 1.473197655466688938e-04 4.057615259890246000e-05 -1.629967167721666269e-04 -2.721580454486830034e-04 -1.622046223070853870e-04 4.197027672289526252e-05 8.577435679834268423e-05 -8.881000664425687976e-05 -2.092175244542909623e-04 3.173044345865103566e-05 5.299643112626708672e-04 7.399948141371524455e-04 2.431029219925620274e-04 -6.459525056720989049e-04 -1.032623661931146705e-03 -4.155937560050742608e-04 5.358836604634037134e-04 5.226277738032329787e-04 -7.471403367181010799e-04 -1.581568065477172939e-03 4.758222916439812486e-04 5.972562526653785522e-03 1.217811009655885533e-02 2.491504919338201687e-02 1.217811009655928554e-02 5.972562526655455194e-03 4.758222916435629634e-04 -1.581568065477499717e-03 -7.471403367187275319e-04 5.226277738029764565e-04 5.358836604647806501e-04 -4.155937560047207025e-04 -1.032623661932252808e-03 -6.459525056732657233e-04 2.431029219936269308e-04 5.889651474762250353e-05 -1.558055906746433285e-04 -4.271155271604116697e-04 -4.072946204419518237e-04 -8.616242282353633506e-05 2.469945274984473751e-04 3.452499707882829868e-04 2.296236521480098092e-04 9.078704486950624620e-05 4.376659893896246630e-05 3.232875196121803060e-05 -4.391235016333427103e-05 -1.722226761900751569e-04 -2.375568505309474704e-04 -1.722226761888640489e-04 -4.391235016521101143e-05 3.232875196233530094e-05 4.376659893841869825e-05 9.078704487010102596e-05 2.296236521451441815e-04 3.452499707903747923e-04 2.469945274977891018e-04 -8.616242282301022595e-05 -4.072946204416647811e-04 -4.271155271594008680e-04 -1.558055906763678334e-04 5.889651474790184144e-05 -6.578766637533827702e-05 -3.169727954286613602e-04 -1.149003071902051862e-04 7.623787659595732992e-04 1.620164864942349190e-03 1.293495161191065461e-03 -5.671949779520318868e-04 -2.693061993886256347e-03 -3.050096811948070814e-03 -8.394727468842300968e-04 2.383221106491374350e-03 3.903743905696971297e-03 2.383221106490576377e-03 -8.394727468834901288e-04 -3.050096811949633800e-03 -2.693061993885818763e-03 -5.671949779525513281e-04 1.293495161191032935e-03 1.620164864944112536e-03 7.623787659588379933e-04 -1.149003071915751840e-04 -3.169727954271621254e-04 -6.578766637563461658e-05
2.431029219924276947e-04 7.399948141403234116e-04 5.299643112617177451e-04 3.173044345612447190e-05 -2.092175244531071219e-04 -8.881000664244744121e-05 8.577435679656700502e-05 4.197027672064954101e-05 -1.622046223027604774e-04 -2.721580454526426182e-04 -1.629967167709719987e-04 4.057615259971532025e-05 1.473197655487293116e-04 1.236481013627129747e-04 8.951552819757325758e-05 1.236481013668960436e-04 1.473197655495136506e-04 4.057615259627790470e-05 -1.629967167731458241e-04 -2.721580454485895994e-04 -1.622046223048974128e-04 4.197027672024598741e-05 8.577435679851897550e-05 -8.881000664283847227e-05 -2.092175244541161347e-04 3.173044345769739853e-05 5.299643112631998495e-04 7.399948141368058261e-04 2.431029219920210918e-04 -6.459525056685011968e-04 -1.032623661933308387e-03 -4.155937560090177752e-04 5.358836604658058717e-04 5.226277738045614516e-04 -7.471403367184990905e-04 -1.581568065479087640e-03 4.758222916441745077e-04 5.972562526655305140e-03 1.217811009655928554e-02 2.491504919338299526e-02 1.217811009655734959e-02 5.972562526657529923e-03 4.758222916442395598e-04 -1.581568065481493267e-03 -7.471403367186366757e-04 5.226277738064821158e-04 5.358836604630909210e-04 -4.155937560074771781e-04 -1.032623661930925528e-03 -6.459525056714219291e-04 -6.578766637951809324e-05 5.889651474956121964e-05 -1.558055906778188211e-04 -4.271155271580641009e-04 -4.072946204449545216e-04 -8.616242281971060572e-05 2.469945274989520170e-04 3.452499707890202443e-04 2.296236521464093371e-04 9.078704486834533673e-05 4.376659893773430918e-05 3.232875196372326945e-05 -4.391235016385813041e-05 -1.722226761913262449e-04 -2.375568505310593872e-04 -1.722226761854118949e-04 -4.391235016474229728e-05 3.232875195949181133e-05 4.376659893951027978e-05 9.078704487130325709e-05 2.296236521442012780e-04 3.452499707906805915e-04 2.469945274984970316e-04 -8.616242282374425793e-05 -4.072946204404762245e-04 -4.271155271612254176e-04 -1.558055906772645499e-04 5.889651474907626279e-05 -6.578766637439205313e-05 -3.169727954288527219e-04 -1.149003071930134731e-04 7.623787659629741162e-04 1.620164864943151499e-03 1.293495161190233011e-03 -5.671949779522941553e-04 -2.693061993885573300e-03 -3.050096811948581257e-03 -8.394727468836295572e-04 2.383221106489078443e-03 3.903743905695291651e-03 2.383221106494049727e-03 -8.394727468850489947e-04 -3.050096811951458296e-03 -2.693061993884176848e-03 -5.671949779501227152e-04 1.293495161191752412e-03 1.620164864940515370e-03 7.623787659623769376e-04 -1.149003071939000523e-04 -3.169727954247615392e-04
-6.459525056724076857e-04 2.431029219951493946e-04 7.399948141382648370e-04 5.299643112591955656e-04 3.173044345933410335e-05 -2.092175244535662815e-04 -8.881000664246533054e-05 8.577435679770735531e-05 4.197027671744057363e-05 -1.622046223033640799e-04 -2.721580454470545318e-04 -1.629967167703255703e-04 4.057615259464615332e-05 1.473197655454965460e-04 1.236481013677886401e-04 8.951552819963626392e-05 1.236481013638198638e-04 1.473197655476360022e-04 4.057615259845181815e-05 -1.629967167717445741e-04 -2.721580454506482825e-04 -1.622046223057559383e-04 4.197027672317249979e-05 8.577435679916539039e-05 -8.881000664514812105e-05 -2.092175244544240210e-04 3.173044345949007939e-05 5.299643112616418510e-04 7.399948141394968159e-04 2.431029219894161064e-04 -6.459525056706597350e-04 -1.032623661930846598e-03 -4.155937560073437128e-04 5.358836604637937009e-04 5.226277738043510080e-04 -7.471403367178449913e-04 -1.581568065476966290e-03 4.758222916429879568e-04 5.972562526655454326e-03 1.217811009655734786e-02 2.491504919338492774e-02 1.217811009655629488e-02 5.972562526653205257e-03 4.758222916478090244e-04 -1.581568065476234453e-03 -7.471403367232467034e-04 5.226277738032053316e-04 5.358836604664846907e-04 -4.155937560057413162e-04 -1.032623661932263867e-03 -3.169727954231527458e-04 -6.578766637874604642e-05 5.889651475092531538e-05 -1.558055906810429673e-04 -4.271155271557968715e-04 -4.072946204435137253e-04 -8.616242282119944570e-05 2.469945274974240509e-04 3.452499707894929023e-04 2.296236521468129855e-04 9.078704486967633042e-05 4.376659893630156312e-05 3.232875196191534200e-05 -4.391235016215730181e-05 -1.722226761875928218e-04 -2.375568505334972429e-04 -1.722226761872287738e-04 -4.391235016384282283e-05 3.232875196148044818e-05 4.376659893702292348e-05 9.078704487201729909e-05 2.296236521445926750e-04 3.452499707903735997e-04 2.469945274986839480e-04 -8.616242282614668731e-05 -4.072946204404179486e-04 -4.271155271586972208e-04 -1.558055906761157293e-04 5.889651474635341100e-05 -6.578766637542917382e-05 -3.169727954242943023e-04 -1.149003071946443571e-04 7.623787659612630283e-04 1.620164864943661942e-03 1.293495161191944749e-03 -5.671949779539375890e-04 -2.693061993887477593e-03 -3.050096811949369689e-03 -8.394727468824212139e-04 2.383221106492895269e-03 3.903743905694743044e-03 2.383221106491273736e-03 -8.394727468835723114e-04 -3.050096811949089097e-03 -2.693061993886081574e-03 -5.671949779540764753e-04 1.293495161196171403e-03 1.620164864940389820e-03 7.623787659620235961e-04 -1.149003071971220165e-04
-1.032623661930147287e-03 -6.459525056734825637e-04 2.431029219902067608e-04 7.399948141426275581e-04 5.299643112575188469e-04 3.173044345751763103e-05 -2.092175244516909370e-04 -8.881000664294243371e-05 8.577435679754018489e-05 4.197027672196414970e-05 -1.622046223023833377e-04 -2.721580454525894923e-04 -1.629967167720582609e-04 4.057615259962449122e-05 1.473197655464936326e-04 1.236481013654389843e-04 8.951552819821979444e-05 1.236481013655195947e-04 1.473197655483089394e-04 4.057615259677345285e-05 -1.629967167727788488e-04 -2.721580454469379800e-04 -1.622046223068041178e-04 4.197027671952605006e-05 8.577435680202264259e-05 -8.881000664435476967e-05 -2.092175244554238993e-04 3.173044346023466878e-05 5.299643112609412395e-04 7.399948141373902111e-04 2.431029219917821337e-04 -6.459525056696066494e-04 -1.032623661932299645e-03 -4.155937560070927200e-04 5.358836604639646796e-04 5.226277738057686023e-04 -7.471403367193251441e-04 -1.581568065477567155e-03 4.758222916435627466e-04 5.972562526657531658e-03 1.217811009655629315e-02 2.491504919338199259e-02 1.217811009655905136e-02 5.972562526656189849e-03 4.758222916425856094e-04 -1.581568065476904707e-03 -7.471403367183530484e-04 5.226277738034321467e-04 5.358836604636402863e-04 -4.155937560047424408e-04 -1.149003071931691916e-04 -3.169727954261862351e-04 -6.578766637844195482e-05 5.889651475166753986e-05 -1.558055906756226883e-04 -4.271155271592833947e-04 -4.072946204434068230e-04 -8.616242282261504782e-05 2.469945274965761506e-04 3.452499707885120245e-04 2.296236521465622909e-04 9.078704487001855884e-05 4.376659893809534851e-05 3.232875196212977009e-05 -4.391235016346346049e-05 -1.722226761900610081e-04 -2.375568505309123152e-04 -1.722226761853305527e-04 -4.391235016650706671e-05 3.232875196138396774e-05 4.376659893893110575e-05 9.078704487098971938e-05 2.296236521454543447e-04 3.452499707885019957e-04 2.469945274995071828e-04 -8.616242282510422693e-05 -4.072946204409097970e-04 -4.271155271606739924e-04 -1.558055906747197376e-04 5.889651474853510360e-05 -6.578766637654140262e-05 -3.169727954268734024e-04 -1.149003071937893688e-04 7.623787659627217139e-04 1.620164864943052620e-03 1.293495161189574683e-03 -5.671949779523117194e-04 -2.693061993887641958e-03 -3.050096811947727339e-03 -8.394727468828893724e-04 2.383221106489301355e-03 3.903743905696472130e-03 2.383221106493785615e-03 -8.394727468852348270e-04 -3.050096811950517208e-03 -2.693061993883757478e-03 -5.671949779541693914e-04 1.293495161191929570e-03 1.620164864941448001e-03 7.623787659615932763e-04
-4.155937560051706464e-04 -1.032623661934884600e-03 -6.459525056722345386e-04 2.431029219950948592e-04 7.399948141396161866e-04 5.299643112601981274e-04 3.173044345473333887e-05 -2.092175244511135994e-04 -8.881000664008912530e-05 8.577435679705771492e-05 4.197027671775318977e-05 -1.622046223049349804e-04 -2.721580454480337832e-04 -1.629967167710841052e-04 4.057615259780456300e-05 1.473197655435160339e-04 1.236481013706655435e-04 8.951552819740494875e-05 1.236481013641040874e-04 1.473197655459154275e-04 4.057615260067863388e-05 -1.629967167712792345e-04 -2.721580454515712096e-04 -1.622046223063246836e-04 4.197027672251713346e-05 8.577435680200647442e-05 -8.881000664664904988e-05 -2.092175244549597253e-04 3.173044345859147908e-05 5.299643112641756314e-04 7.399948141359149372e-04 2.431029219913923630e-04 -6.459525056687698621e-04 -1.032623661931823247e-03 -4.155937560058359671e-04 5.358836604616591236e-04 5.226277738056660368e-04 -7.471403367193602723e-04 -1.581568065477498850e-03 4.758222916442389093e-04 5.972562526653204390e-03 1.217811009655905136e-02 2.491504919338802596e-02 1.217811009655158337e-02 5.972562526654507167e-03 4.758222916490240898e-04 -1.581568065476980168e-03 -7.471403367220316380e-04 5.226277738039305544e-04 5.358836604654493860e-04 7.623787659573440711e-04 -1.149003071919870589e-04 -3.169727954283928575e-04 -6.578766637177045227e-05 5.889651474394889453e-05 -1.558055906744428324e-04 -4.271155271607955856e-04 -4.072946204410264571e-04 -8.616242282331644531e-05 2.469945274963391982e-04 3.452499707902977597e-04 2.296236521483247970e-04 9.078704487115614441e-05 4.376659893577710065e-05 3.232875195968788930e-05 -4.391235016119323601e-05 -1.722226761882946801e-04 -2.375568505335948753e-04 -1.722226761858560655e-04 -4.391235016471464335e-05 3.232875196055267605e-05 4.376659894044478073e-05 9.078704486808633438e-05 2.296236521456554371e-04 3.452499707913339860e-04 2.469945274982992731e-04 -8.616242282709421225e-05 -4.072946204398690171e-04 -4.271155271567661483e-04 -1.558055906773711541e-04 5.889651474606287193e-05 -6.578766637433675882e-05 -3.169727954273426451e-04 -1.149003071930514608e-04 7.623787659592286313e-04 1.620164864944148965e-03 1.293495161191995490e-03 -5.671949779508742842e-04 -2.693061993887438995e-03 -3.050096811951575389e-03 -8.394727468798642315e-04 2.383221106489602763e-03 3.903743905696550626e-03 2.383221106490033842e-03 -8.394727468823715575e-04 -3.050096811948032650e-03 -2.693061993889214918e-03 -5.671949779524382458e-04 1.293495161190300665e-03 1.620164864948499218e-03
5.358836604644450895e-04 -4.155937560053858605e-04 -1.032623661931207854e-03 -6.459525056754615580e-04 2.431029219955346929e-04 7.399948141399179200e-04 5.299643112602103788e-04 3.173044345663767900e-05 -2.092175244517413253e-04 -8.881000664448869574e-05 8.577435679641518961e-05 4.197027672464451431e-05 -1.622046223057049266e-04 -2.721580454516324670e-04 -1.629967167720991624e-04 4.057615260347656667e-05 1.473197655407142929e-04 1.236481013688630845e-04 8.951552819717025964e-05 1.236481013685752288e-04 1.473197655461192304e-04 4.057615259393920607e-05 -1.629967167682352014e-04 -2.721580454480522688e-04 -1.622046223084065415e-04 4.197027672081181897e-05 8.577435680265149340e-05 -8.881000664640568715e-05 -2.092175244532982667e-04 3.173044345617598506e-05 5.299643112650030945e-04 7.399948141373800196e-04 2.431029219902323751e-04 -6.459525056688189765e-04 -1.032623661932871237e-03 -4.155937560053430888e-04 5.358836604624948267e-04 5.226277738063466989e-04 -7.471403367187276403e-04 -1.581568065481492834e-03 4.758222916478085907e-04 5.972562526656185512e-03 1.217811009655158164e-02 2.491504919338734594e-02 1.217811009655960820e-02 5.972562526652416826e-03 4.758222916436955071e-04 -1.581568065474493008e-03 -7.471403367186177022e-04 5.226277738016387679e-04 1.620164864947166300e-03 7.623787659581369482e-04 -1.149003071864151542e-04 -3.169727954341973507e-04 -6.578766637061496381e-05 5.889651474413211114e-05 -1.558055906744779064e-04 -4.271155271617169407e-04 -4.072946204401867425e-04 -8.616242282059179104e-05 2.469945274966658141e-04 3.452499707880733021e-04 2.296236521454229028e-04 9.078704487107691634e-05 4.376659893969585453e-05 3.232875195991315263e-05 -4.391235016392821731e-05 -1.722226761884909207e-04 -2.375568505328591628e-04 -1.722226761862660565e-04 -4.391235016319412434e-05 3.232875195872406745e-05 4.376659894008411411e-05 9.078704487156467179e-05 2.296236521423357998e-04 3.452499707904027105e-04 2.469945275011533269e-04 -8.616242282554606642e-05 -4.072946204433843800e-04 -4.271155271576765528e-04 -1.558055906749046754e-04 5.889651474572056897e-05 -6.578766637382990785e-05 -3.169727954296379553e-04 -1.149003071918062140e-04 7.623787659608062539e-04 1.620164864944163710e-03 1.293495161190182270e-03 -5.671949779536497333e-04 -2.693061993884473919e-03 -3.050096811951386738e-03 -8.394727468786564303e-04 2.383221106487050552e-03 3.903743905699046893e-03 2.383221106491869180e-03 -8.394727468879143242e-04 -3.050096811945912385e-03 -2.693061993889383620e-03 -5.671949779480017989e-04 1.293495161185405059e-03
5.226277738030428097e-04 5.358836604669155526e-04 -4.155937560069473285e-04 -1.032623661930754224e-03 -6.459525056750769914e-04 2.431029219937963916e-04 7.399948141400061741e-04 5.299643112605852959e-04 3.173044345626524878e-05 -2.092175244530095437e-04 -8.881000664152489358e-05 8.577435679748386058e-05 4.197027672147743779e-05 -1.622046223063591884e-04 -2.721580454476037344e-04 -1.629967167725699772e-04 4.057615259829439877e-05 1.473197655443853472e-04 1.236481013686226626e-04 8.951552819965500707e-05 1.236481013631425627e-04 1.473197655467488266e-04 4.057615259860013023e-05 -1.629967167692187625e-04 -2.721580454513606033e-04 -1.622046223077313004e-04 4.197027672393374524e-05 8.577435680011614083e-05 -8.881000664703833267e-05 -2.092175244517122687e-04 3.173044345782981350e-05 5.299643112623083100e-04 7.399948141380942920e-04 2.431029219901955935e-04 -6.459525056702488223e-04 -1.032623661932544241e-03 -4.155937560042833896e-04 5.358836604639595838e-04 5.226277738029762397e-04 -7.471403367186358084e-04 -1.581568065476235754e-03 4.758222916425873441e-04 5.972562526654508035e-03 1.217811009655960820e-02 2.491504919338480284e-02 1.217811009655362861e-02 5.972562526655602645e-03 4.758222916458185376e-04 -1.581568065476291265e-03 -7.471403367202780494e-04 1.293495161187917155e-03 1.620164864947678043e-03 7.623787659564428823e-04 -1.149003071881818210e-04 -3.169727954313036693e-04 -6.578766637113471678e-05 5.889651474515333472e-05 -1.558055906759755961e-04 -4.271155271577653490e-04 -4.072946204424622661e-04 -8.616242282321737633e-05 2.469945274964882218e-04 3.452499707892456499e-04 2.296236521469196710e-04 9.078704487097417463e-05 4.376659893786110663e-05 3.232875195994390331e-05 -4.391235016310744916e-05 -1.722226761878704047e-04 -2.375568505317270118e-04 -1.722226761878430828e-04 -4.391235016396648287e-05 3.232875196056044843e-05 4.376659893875527527e-05 9.078704486981261463e-05 2.296236521457836440e-04 3.452499707910080206e-04 2.469945274979519489e-04 -8.616242282571407710e-05 -4.072946204416118179e-04 -4.271155271580618241e-04 -1.558055906755293114e-04 5.889651474585818811e-05 -6.578766637423454566e-05 -3.169727954266084776e-04 -1.149003071917866983e-04 7.623787659583403445e-04 1.620164864943382434e-03 1.293495161192059241e-03 -5.671949779541715598e-04 -2.693061993883308618e-03 -3.050096811952773216e-03 -8.394727468803992853e-04 2.383221106490157008e-03 3.903743905695862808e-03 2.383221106492411714e-03 -8.394727468854436443e-04 -3.050096811944493815e-03 -2.693061993890106132e-03 -5.671949779520491257e-04
-7.471403367185356281e-04 5.226277738038924989e-04 5.358836604633852819e-04 -4.155937560048386095e-04 -1.032623661931968747e-03 -6.459525056736151617e-04 2.431029219930618717e-04 7.399948141399299547e-04 5.299643112589939040e-04 3.173044346026300034e-05 -2.092175244520155201e-04 -8.881000664602334326e-05 8.577435679510600193e-05 4.197027672569150802e-05 -1.622046223051443127e-04 -2.721580454520767189e-04 -1.629967167703328616e-04 4.057615259878930318e-05 1.473197655465995862e-04 1.236481013630439274e-04 8.951552820060985037e-05 1.236481013688004176e-04 1.473197655438959926e-04 4.057615259523076869e-05 -1.629967167674659329e-04 -2.721580454481133094e-04 -1.622046223113253222e-04 4.197027672399788936e-05 8.577435680263569115e-05 -8.881000664670408670e-05 -2.092175244545171268e-04 3.173044345785975781e-05 5.299643112629285821e-04 7.399948141368281607e-04 2.431029219917164852e-04 -6.459525056703610373e-04 -1.032623661931042405e-03 -4.155937560073496759e-04 5.358836604647806501e-04 5.226277738064822242e-04 -7.471403367232467034e-04 -1.581568065476905141e-03 4.758222916490269087e-04 5.972562526652418560e-03 1.217811009655363035e-02 2.491504919338836249e-02 1.217811009655670948e-02 5.972562526653477609e-03 4.758222916439632509e-04 -1.581568065475826793e-03 -5.671949779526493400e-04 1.293495161187558718e-03 1.620164864943886155e-03 7.623787659620842030e-04 -1.149003071905970710e-04 -3.169727954303102149e-04 -6.578766637383179166e-05 5.889651474966234182e-05 -1.558055906795770176e-04 -4.271155271592997661e-04 -4.072946204414759131e-04 -8.616242282136073432e-05 2.469945274977791813e-04 3.452499707892207133e-04 2.296236521452611398e-04 9.078704487047507571e-05 4.376659893963625052e-05 3.232875195868703517e-05 -4.391235016251901198e-05 -1.722226761876640539e-04 -2.375568505322638545e-04 -1.722226761873959036e-04 -4.391235016493420784e-05 3.232875196011803973e-05 4.376659894162105878e-05 9.078704486964472593e-05 2.296236521430168414e-04 3.452499707907401142e-04 2.469945274992342349e-04 -8.616242282495615201e-05 -4.072946204428338763e-04 -4.271155271571076177e-04 -1.558055906750683357e-04 5.889651474759535782e-05 -6.578766637510305936e-05 -3.169727954295242225e-04 -1.149003071911097631e-04 7.623787659598533486e-04 1.620164864943243223e-03 1.293495161192263722e-03 -5.671949779547421754e-04 -2.693061993885039005e-03 -3.050096811949519742e-03 -8.394727468833064650e-04 2.383221106490415481e-03 3.903743905698525609e-03 2.383221106491641931e-03 -8.394727468855928305e-04 -3.050096811948522276e-03 -2.693061993884950534e-03
-1.581568065475117291e-03 -7.471403367222794866e-04 5.226277738046355027e-04 5.358836604636865817e-04 -4.155937560037206344e-04 -1.032623661932373588e-03 -6.459525056716187118e-04 2.431029219920247510e-04 7.399948141394733971e-04 5.299643112609198807e-04 3.173044345680160359e-05 -2.092175244539945414e-04 -8.881000664233711008e-05 8.577435679821724204e-05 4.197027672170637385e-05 -1.622046223059674119e-04 -2.721580454497880765e-04 -1.629967167698583605e-04 4.057615259586039877e-05 1.473197655480401114e-04 1.236481013660761157e-04 8.951552820015289981e-05 1.236481013652369432e-04 1.473197655447860141e-04 4.057615259861129751e-05 -1.629967167713973855e-04 -2.721580454488426522e-04 -1.622046223075364151e-04 4.197027672301277648e-05 8.577435679875226870e-05 -8.881000664451071860e-05 -2.092175244521037470e-04 3.173044345644067269e-05 5.299643112621397166e-04 7.399948141382727516e-04 2.431029219933238149e-04 -6.459525056723376462e-04 -1.032623661931911284e-03 -4.155937560047209735e-04 5.358836604630904873e-04 5.226277738032054400e-04 -7.471403367183529400e-04 -1.581568065476979734e-03 4.758222916436961577e-04 5.972562526655604380e-03 1.217811009655670774e-02 2.491504919338629470e-02 1.217811009655576926e-02 5.972562526655047534e-03 4.758222916435060970e-04 -2.693061993884399759e-03 -5.671949779530782504e-04 1.293495161192341350e-03 1.620164864941512619e-03 7.623787659614417048e-04 -1.149003071937221618e-04 -3.169727954271601197e-04 -6.578766637650924247e-05 5.889651474885912420e-05 -1.558055906763817925e-04 -4.271155271571201403e-04 -4.072946204434456916e-04 -8.616242282281876940e-05 2.469945274976822537e-04 3.452499707892029324e-04 2.296236521467543302e-04 9.078704486914164257e-05 4.376659893962479863e-05 3.232875196006300970e-05 -4.391235016452429133e-05 -1.722226761880745870e-04 -2.375568505321686615e-04 -1.722226761871660527e-04 -4.391235016464728052e-05 3.232875196092898908e-05 4.376659894107238471e-05 9.078704486933823552e-05 2.296236521451860046e-04 3.452499707901667339e-04 2.469945274967020265e-04 -8.616242282257191012e-05 -4.072946204425469965e-04 -4.271155271585953058e-04 -1.558055906751183717e-04 5.889651474605663776e-05 -6.578766637542815738e-05 -3.169727954279982622e-04 -1.149003071918933703e-04 7.623787659612055656e-04 1.620164864943694251e-03 1.293495161189923146e-03 -5.671949779527218731e-04 -2.693061993884513818e-03 -3.050096811950377129e-03 -8.394727468829192964e-04 2.383221106489982668e-03 3.903743905697081452e-03 2.383221106489347325e-03 -8.394727468810117511e-04 -3.050096811950461697e-03
4.758222916423444286e-04 -1.581568065476529139e-03 -7.471403367180898042e-04 5.226277738030455202e-04 5.358836604641608117e-04 -4.155937560030141141e-04 -1.032623661932947782e-03 -6.459525056726218156e-04 2.431029219949798253e-04 7.399948141374738031e-04 5.299643112587689320e-04 3.173044345917015843e-05 -2.092175244524405544e-04 -8.881000664422589869e-05 8.577435679721838013e-05 4.197027672325766387e-05 -1.622046223061862310e-04 -2.721580454512738129e-04 -1.629967167689204714e-04 4.057615259875525245e-05 1.473197655462238560e-04 1.236481013624440926e-04 8.951552820106413108e-05 1.236481013694233730e-04 1.473197655413847364e-04 4.057615259748022392e-05 -1.629967167676142246e-04 -2.721580454491644976e-04 -1.622046223108691441e-04 4.197027672383070538e-05 8.577435680082964072e-05 -8.881000664484889481e-05 -2.092175244536165885e-04 3.173044345834010680e-05 5.299643112621573891e-04 7.399948141373840311e-04 2.431029219921960821e-04 -6.459525056705826482e-04 -1.032623661932252591e-03 -4.155937560074775034e-04 5.358836604664847991e-04 5.226277738034314961e-04 -7.471403367220319633e-04 -1.581568065474493008e-03 4.758222916458182666e-04 5.972562526653476742e-03 1.217811009655576926e-02 2.491504919338865046e-02 1.217811009655589242e-02 5.972562526653524446e-03 -3.050096811949622958e-03 -2.693061993882880575e-03 -5.671949779517133482e-04 1.293495161188487662e-03 1.620164864941518040e-03 7.623787659619149591e-04 -1.149003071936887548e-04 -3.169727954295075800e-04 -6.578766637335806307e-05 5.889651474985682736e-05 -1.558055906774245781e-04 -4.271155271599313139e-04 -4.072946204423383417e-04 -8.616242282184590124e-05 2.469945274992446432e-04 3.452499707885457432e-04 2.296236521447413191e-04 9.078704487012306237e-05 4.376659893923844319e-05 3.232875196067959547e-05 -4.391235016480667179e-05 -1.722226761875511071e-04 -2.375568505308916069e-04 -1.722226761876781756e-04 -4.391235016558617249e-05 3.232875196076824255e-05 4.376659894201820203e-05 9.078704486936368717e-05 2.296236521433119883e-04 3.452499707911678320e-04 2.469945274985437607e-04 -8.616242282423410047e-05 -4.072946204424405278e-04 -4.271155271601555269e-04 -1.558055906751777046e-04 5.889651474754053107e-05 -6.578766637524115961e-05 -3.169727954271470550e-04 -1.149003071920745675e-04 7.623787659598455424e-04 1.620164864943473291e-03 1.293495161191467917e-03 -5.671949779528624941e-04 -2.693061993884605758e-03 -3.050096811950994257e-03 -8.394727468853909521e-04 2.383221106490386858e-03 3.903743905699461492e-03 2.383221106489656106e-03 -8.394727468828724589e-04
5.972562526654115120e-03 4.758222916413954264e-04 -1.581568065475754585e-03 -7.471403367150359319e-04 5.226277738019651127e-04 5.358836604632768617e-04 -4.155937560058984171e-04 -1.032623661930768752e-03 -6.459525056716332401e-04 2.431029219915143899e-04 7.399948141387440543e-04 5.299643112605455057e-04 3.173044345813475213e-05 -2.092175244527591743e-04 -8.881000664294811222e-05 8.577435679783750023e-05 4.197027672281816219e-05 -1.622046223067739770e-04 -2.721580454495004919e-04 -1.629967167717058952e-04 4.057615259792358807e-05 1.473197655468785243e-04 1.236481013657322338e-04 8.951552819838200464e-05 1.236481013674417496e-04 1.473197655455263616e-04 4.057615259780656878e-05 -1.629967167715004389e-04 -2.721580454497135376e-04 -1.622046223048405193e-04 4.197027672040691689e-05 8.577435679896169591e-05 -8.881000664262260762e-05 -2.092175244527930827e-04 3.173044345685281859e-05 5.299643112603014518e-04 7.399948141389798683e-04 2.431029219931804292e-04 -6.459525056732652896e-04 -1.032623661930926395e-03 -4.155937560057413162e-04 5.358836604636395273e-04 5.226277738039305544e-04 -7.471403367186172685e-04 -1.581568065476291699e-03 4.758222916439640098e-04 5.972562526655047534e-03 1.217811009655589242e-02 2.491504919338596163e-02 1.217811009655740857e-02 -8.394727468835079098e-04 -3.050096811948984146e-03 -2.693061993888708379e-03 -5.671949779494234048e-04 1.293495161188198180e-03 1.620164864943723958e-03 7.623787659591511109e-04 -1.149003071902149846e-04 -3.169727954277986063e-04 -6.578766637594505077e-05 5.889651474832094657e-05 -1.558055906751695460e-04 -4.271155271600580029e-04 -4.072946204421155924e-04 -8.616242282422121202e-05 2.469945274982385036e-04 3.452499707889272198e-04 2.296236521461086607e-04 9.078704487036080080e-05 4.376659893989478530e-05 3.232875196068901448e-05 -4.391235016475610731e-05 -1.722226761878551174e-04 -2.375568505316498166e-04 -1.722226761867895635e-04 -4.391235016642223467e-05 3.232875196219984343e-05 4.376659893918096692e-05 9.078704487103448338e-05 2.296236521450696697e-04 3.452499707884926173e-04 2.469945274990577810e-04 -8.616242282438373392e-05 -4.072946204419795792e-04 -4.271155271597050409e-04 -1.558055906742886589e-04 5.889651474736120403e-05 -6.578766637506096521e-05 -3.169727954279287648e-04 -1.149003071920063983e-04 7.623787659612453558e-04 1.620164864942488618e-03 1.293495161190729575e-03 -5.671949779528158734e-04 -2.693061993886052517e-03 -3.050096811949160221e-03 -8.394727468851320446e-04 2.383221106492357938e-03 3.903743905696388863e-03 2.383221106492636361e-03
1.217811009655168572e-02 5.972562526661561420e-03 4.758222916439211838e-04 -1.581568065479285615e-03 -7.471403367168637883e-04 5.226277738001281490e-04 5.358836604660125206e-04 -4.155937560070214879e-04 -1.032623661932794475e-03 -6.459525056710268458e-04 2.431029219934309341e-04 7.399948141389827956e-04 5.299643112614292389e-04 3.173044345763216344e-05 -2.092175244542634777e-04 -8.881000664335723591e-05 8.577435679843614246e-05 4.197027672297854280e-05 -1.622046223072343293e-04 -2.721580454507653221e-04 -1.629967167710420111e-04 4.057615259885031665e-05 1.473197655461674232e-04 1.236481013647777022e-04 8.951552820099737133e-05 1.236481013674069738e-04 1.473197655426967294e-04 4.057615259833406701e-05 -1.629967167679493786e-04 -2.721580454516778951e-04 -1.622046223063044090e-04 4.197027672120947722e-05 8.577435679817817010e-05 -8.881000664319429387e-05 -2.092175244535487988e-04 3.173044345870939961e-05 5.299643112610637544e-04 7.399948141372148956e-04 2.431029219936268766e-04 -6.459525056714220375e-04 -1.032623661932263433e-03 -4.155937560047425492e-04 5.358836604654501450e-04 5.226277738016388763e-04 -7.471403367202778326e-04 -1.581568065475827227e-03 4.758222916435055549e-04 5.972562526653524446e-03 1.217811009655741031e-02 2.491504919338809187e-02 2.383221106491268965e-03 -8.394727468868785859e-04 -3.050096811949207492e-03 -2.693061993887613768e-03 -5.671949779491700268e-04 1.293495161188733342e-03 1.620164864947207500e-03 7.623787659612107697e-04 -1.149003071933756915e-04 -3.169727954293123694e-04 -6.578766637605759095e-05 5.889651474901583884e-05 -1.558055906745501142e-04 -4.271155271612112145e-04 -4.072946204432405064e-04 -8.616242282297370189e-05 2.469945274999904659e-04 3.452499707897316436e-04 2.296236521456050217e-04 9.078704487024512998e-05 4.376659893937686192e-05 3.232875196060437217e-05 -4.391235016479486076e-05 -1.722226761868492217e-04 -2.375568505315459229e-04 -1.722226761880342005e-04 -4.391235016763560598e-05 3.232875196228718947e-05 4.376659894137894965e-05 9.078704486985739218e-05 2.296236521454515258e-04 3.452499707887757567e-04 2.469945274998166683e-04 -8.616242282370212312e-05 -4.072946204419272665e-04 -4.271155271597804472e-04 -1.558055906749734138e-04 5.889651474707007542e-05 -6.578766637615313627e-05 -3.169727954274723699e-04 -1.149003071922842387e-04 7.623787659607959540e-04 1.620164864941761986e-03 1.293495161190446816e-03 -5.671949779503585292e-04 -2.693061993884588844e-03 -3.050096811948140637e-03 -8.394727468860349682e-04 2.383221106492823278e-03 3.903743905695877554e-03
3.903743905695408745e-03 2.383221106491618512e-03 -8.394727468803888770e-04 -3.050096811953323557e-03 -2.693061993887075137e-03 -5.671949779476551795e-04 1.293495161187526409e-03 1.620164864941834627e-03 7.623787659625503015e-04 -1.149003071908637034e-04 -3.169727954306254467e-04 -6.578766637502448181e-05 5.889651475104643432e-05 -1.558055906789259813e-04 -4.271155271607096626e-04 -4.072946204368550977e-04 -8.616242282832029583e-05 2.469945274992599304e-04 3.452499707906535407e-04 2.296236521467189852e-04 9.078704486791770029e-05 4.376659893967713849e-05 3.232875196251659309e-05 -4.391235016755045545e-05 -1.722226761850481451e-04 -2.375568505346655791e-04 -1.722226761838767731e-04 -4.391235016669079155e-05 3.232875196036705387e-05 4.376659894015895794e-05 9.078704487150771052e-05 2.296236521451295448e-04 3.452499707851885654e-04 2.469945275019037574e-04 -8.616242282348816938e-05 -4.072946204423021836e-04 -4.271155271612096967e-04 -1.558055906723018313e-04 5.889651474762106018e-05 -6.578766637951828297e-05 -3.169727954231546432e-04 -1.149003071931691509e-04 7.623787659573437459e-04 1.620164864947166734e-03 1.293495161187918022e-03 -5.671949779526516168e-04 -2.693061993884398458e-03 -3.050096811949622091e-03 -8.394727468835071508e-04 2.383221106491272001e-03 2.254554540229544712e-02 1.073153686243584308e-02 6.482107697730547791e-03 2.327177332776780676e-03 5.307312982937028873e-05 -4.028629755482933308e-04 -2.625010057071414105e-04 -4.475278753366125194e-04 -8.783442385768371920e-04 -9.628811992934018351e-04 -4.535556019349610939e-04 2.830348767130035602e-04 7.042456670759238407e-04 6.245355604769949574e-04 2.909820453295162502e-04 3.800313615665202888e-05 -3.651093363395186857e-05 -6.414697088516886983e-05 -1.675903743987292634e-04 -3.015821346141372744e-04 -3.272641825812079813e-04 -1.895622714384195915e-04 2.095316959258410397e-05 1.739737886353020374e-04 2.281842323183353415e-04 2.337083521985225225e-04 2.281842323247173891e-04 1.739737886293129046e-04 2.095316958956872089e-05 -1.895622714306636428e-04 -3.272641825850648679e-04 -3.015821346176026556e-04 -1.675903743921221354e-04 -6.414697088522264626e-05 -3.651093363867007925e-05 3.800313616054897675e-05 2.909820453288404669e-04 6.245355604727414155e-04 7.042456670785317806e-04 2.830348767147205027e-04 -4.535556019382809209e-04 -9.628811992908200244e-04 -8.783442385769519006e-04 -4.475278753380818302e-04 -2.625010057045650208e-04 -4.028629755476577715e-04 5.307312982329192609e-05 2.327177332780214995e-03 6.482107697734450051e-03 1.073153686242897704e-02
2.383221106491559098e-03 3.903743905697420156e-03 2.383221106491857037e-03 -8.394727468865266539e-04 -3.050096811945825648e-03 -2.693061993888222223e-03 -5.671949779503732744e-04 1.293495161189840963e-03 1.620164864943427537e-03 7.623787659590486538e-04 -1.149003071911275712e-04 -3.169727954258568002e-04 -6.578766637882394635e-05 5.889651474887516361e-05 -1.558055906735946882e-04 -4.271155271621154392e-04 -4.072946204413499830e-04 -8.616242282218540560e-05 2.469945274963288983e-04 3.452499707912055622e-04 2.296236521466906604e-04 9.078704486531431403e-05 4.376659894160079097e-05 3.232875196576785113e-05 -4.391235017234246642e-05 -1.722226761850274097e-04 -2.375568505286470373e-04 -1.722226761893681487e-04 -4.391235016702891355e-05 3.232875196204198359e-05 4.376659894171778316e-05 9.078704486827005244e-05 2.296236521460398681e-04 3.452499707882327883e-04 2.469945274987163657e-04 -8.616242282253889617e-05 -4.072946204418516976e-04 -4.271155271608515305e-04 -1.558055906746436538e-04 5.889651474956095537e-05 -6.578766637874588379e-05 -3.169727954261859098e-04 -1.149003071919873164e-04 7.623787659581369482e-04 1.620164864947678477e-03 1.293495161187557850e-03 -5.671949779530785756e-04 -2.693061993882881009e-03 -3.050096811948984146e-03 -8.394727468868788027e-04 1.073153686243583614e-02 2.254554540229066276e-02 1.073153686244113052e-02 6.482107697725976794e-03 2.327177332778816807e-03 5.307312982541675906e-05 -4.028629755438758032e-04 -2.625010057120820113e-04 -4.475278753338574533e-04 -8.783442385748302253e-04 -9.628811992958501804e-04 -4.535556019369150972e-04 2.830348767159894530e-04 7.042456670770305942e-04 6.245355604742826089e-04 2.909820453305787683e-04 3.800313615802311773e-05 -3.651093363930696671e-05 -6.414697088085215954e-05 -1.675903743961357163e-04 -3.015821346192660928e-04 -3.272641825793793659e-04 -1.895622714351816488e-04 2.095316958843949722e-05 1.739737886346912792e-04 2.281842323224246539e-04 2.337083521956050158e-04 2.281842323240896090e-04 1.739737886322368352e-04 2.095316958700254648e-05 -1.895622714285136157e-04 -3.272641825856180279e-04 -3.015821346180650136e-04 -1.675903743941347399e-04 -6.414697088337793047e-05 -3.651093363771604910e-05 3.800313615774555519e-05 2.909820453312926070e-04 6.245355604728756397e-04 7.042456670757230464e-04 2.830348767182933826e-04 -4.535556019383804507e-04 -9.628811992944323692e-04 -8.783442385721370671e-04 -4.475278753392320603e-04 -2.625010057118118824e-04 -4.028629755410883194e-04 5.307312982347708072e-05 2.327177332778223966e-03 6.482107697731716127e-03
-8.394727468814317710e-04 2.383221106485861832e-03 3.903743905697143034e-03 2.383221106496906817e-03 -8.394727468875981709e-04 -3.050096811946976638e-03 -2.693061993887075137e-03 -5.671949779501974168e-04 1.293495161188377290e-03 1.620164864945091354e-03 7.623787659598659254e-04 -1.149003071950542939e-04 -3.169727954252927983e-04 -6.578766637584089960e-05 5.889651474684519156e-05 -1.558055906737278824e-04 -4.271155271597169671e-04 -4.072946204442953809e-04 -8.616242281946347539e-05 2.469945274964780303e-04 3.452499707870424969e-04 2.296236521499772296e-04 9.078704486859406626e-05 4.376659893553857617e-05 3.232875196709663576e-05 -4.391235016794721923e-05 -1.722226761892593761e-04 -2.375568505283490986e-04 -1.722226761891727483e-04 -4.391235016618690181e-05 3.232875196044036626e-05 4.376659894312412213e-05 9.078704486852386417e-05 2.296236521449292656e-04 3.452499707908553649e-04 2.469945274967855642e-04 -8.616242282287903749e-05 -4.072946204408264218e-04 -4.271155271604118865e-04 -1.558055906778189296e-04 5.889651475092526117e-05 -6.578766637844130430e-05 -3.169727954283921528e-04 -1.149003071864148831e-04 7.623787659564426654e-04 1.620164864943886588e-03 1.293495161192342218e-03 -5.671949779517134567e-04 -2.693061993888708813e-03 -3.050096811949206625e-03 6.482107697730550393e-03 1.073153686244113052e-02 2.254554540228655146e-02 1.073153686243912171e-02 6.482107697728217190e-03 2.327177332778896171e-03 5.307312982086630156e-05 -4.028629755414405225e-04 -2.625010057085526080e-04 -4.475278753386047409e-04 -8.783442385732091262e-04 -9.628811992939881716e-04 -4.535556019378458306e-04 2.830348767152807100e-04 7.042456670799258477e-04 6.245355604716485397e-04 2.909820453272787279e-04 3.800313616308140198e-05 -3.651093364103435150e-05 -6.414697088359418815e-05 -1.675903743910960194e-04 -3.015821346222595750e-04 -3.272641825810927306e-04 -1.895622714322532459e-04 2.095316958699436753e-05 1.739737886338239988e-04 2.281842323249647227e-04 2.337083521951034096e-04 2.281842323214442912e-04 1.739737886366526552e-04 2.095316958573594762e-05 -1.895622714312470520e-04 -3.272641825838223180e-04 -3.015821346178373312e-04 -1.675903743956007439e-04 -6.414697088486723123e-05 -3.651093363347496191e-05 3.800313615449993500e-05 2.909820453314657541e-04 6.245355604780468504e-04 7.042456670718357480e-04 2.830348767168726983e-04 -4.535556019329092413e-04 -9.628811992984923811e-04 -8.783442385765052093e-04 -4.475278753341975675e-04 -2.625010057136151274e-04 -4.028629755429999305e-04 5.307312982876078415e-05 2.327177332776206916e-03
-3.050096811950904919e-03 -8.394727468812752122e-04 2.383221106489204211e-03 3.903743905697102268e-03 2.383221106496251959e-03 -8.394727468889845402e-04 -3.050096811947825785e-03 -2.693061993885578504e-03 -5.671949779502795993e-04 1.293495161188245018e-03 1.620164864942778751e-03 7.623787659618651942e-04 -1.149003071944397275e-04 -3.169727954253821365e-04 -6.578766637503421252e-05 5.889651474488434416e-05 -1.558055906729048374e-04 -4.271155271584534379e-04 -4.072946204454832870e-04 -8.616242282350722423e-05 2.469945275024848898e-04 3.452499707862618714e-04 2.296236521456425080e-04 9.078704487183883942e-05 4.376659893727890361e-05 3.232875196377555510e-05 -4.391235016663876339e-05 -1.722226761897848618e-04 -2.375568505287682783e-04 -1.722226761872865618e-04 -4.391235016667273280e-05 3.232875195998027829e-05 4.376659894290749176e-05 9.078704487076259258e-05 2.296236521420936703e-04 3.452499707911353601e-04 2.469945274986947901e-04 -8.616242282454582215e-05 -4.072946204419516068e-04 -4.271155271580642093e-04 -1.558055906810436179e-04 5.889651475166738401e-05 -6.578766637177070977e-05 -3.169727954341978928e-04 -1.149003071881825799e-04 7.623787659620834441e-04 1.620164864941512186e-03 1.293495161188487228e-03 -5.671949779494238385e-04 -2.693061993887613768e-03 2.327177332776782844e-03 6.482107697725978529e-03 1.073153686243912171e-02 2.254554540229230380e-02 1.073153686243464092e-02 6.482107697727703711e-03 2.327177332782618020e-03 5.307312982165606830e-05 -4.028629755446873828e-04 -2.625010057054582950e-04 -4.475278753392414929e-04 -8.783442385759699387e-04 -9.628811992920770484e-04 -4.535556019356148678e-04 2.830348767097595731e-04 7.042456670821304644e-04 6.245355604743184959e-04 2.909820453228267770e-04 3.800313616610361553e-05 -3.651093363759266690e-05 -6.414697088917454962e-05 -1.675903743887311576e-04 -3.015821346214783531e-04 -3.272641825854125173e-04 -1.895622714280635092e-04 2.095316958795981230e-05 1.739737886304921100e-04 2.281842323252452872e-04 2.337083521988145794e-04 2.281842323178058984e-04 1.739737886350284390e-04 2.095316958954072137e-05 -1.895622714327540659e-04 -3.272641825849099896e-04 -3.015821346176462405e-04 -1.675903743935691658e-04 -6.414697088806557343e-05 -3.651093362973266871e-05 3.800313615584472517e-05 2.909820453262220645e-04 6.245355604811325982e-04 7.042456670733834466e-04 2.830348767128297084e-04 -4.535556019334848984e-04 -9.628811992953013573e-04 -8.783442385786679758e-04 -4.475278753343708772e-04 -2.625010057082514166e-04 -4.028629755477317683e-04 5.307312983183121760e-05
-2.693061993881847548e-03 -3.050096811956039267e-03 -8.394727468821187215e-04 2.383221106491886093e-03 3.903743905697299160e-03 2.383221106492569141e-03 -8.394727468853824953e-04 -3.050096811951700723e-03 -2.693061993884656932e-03 -5.671949779504065594e-04 1.293495161189149459e-03 1.620164864942496858e-03 7.623787659645524977e-04 -1.149003071954362177e-04 -3.169727954288554866e-04 -6.578766637176539718e-05 5.889651474533642259e-05 -1.558055906758367640e-04 -4.271155271578551751e-04 -4.072946204425728547e-04 -8.616242282707103743e-05 2.469945275030740453e-04 3.452499707876633653e-04 2.296236521445290594e-04 9.078704487262545520e-05 4.376659893813380380e-05 3.232875195946278182e-05 -4.391235016294549646e-05 -1.722226761873110648e-04 -2.375568505327563533e-04 -1.722226761871862460e-04 -4.391235016420950001e-05 3.232875195880671753e-05 4.376659894033387363e-05 9.078704487268378527e-05 2.296236521423256896e-04 3.452499707899395393e-04 2.469945274996891661e-04 -8.616242282353652479e-05 -4.072946204449547384e-04 -4.271155271557966547e-04 -1.558055906756221733e-04 5.889651474394889453e-05 -6.578766637061481473e-05 -3.169727954313036151e-04 -1.149003071905971659e-04 7.623787659614420301e-04 1.620164864941518040e-03 1.293495161188197747e-03 -5.671949779491707857e-04 5.307312982937044458e-05 2.327177332778816807e-03 6.482107697728217190e-03 1.073153686243464265e-02 2.254554540229595366e-02 1.073153686243413091e-02 6.482107697728302191e-03 2.327177332783487550e-03 5.307312982384128456e-05 -4.028629755475945625e-04 -2.625010057057475059e-04 -4.475278753388034752e-04 -8.783442385768410951e-04 -9.628811992932923306e-04 -4.535556019326048515e-04 2.830348767081003101e-04 7.042456670795348844e-04 6.245355604804982315e-04 2.909820453209962100e-04 3.800313616248614110e-05 -3.651093363288487133e-05 -6.414697089157299457e-05 -1.675903743913714067e-04 -3.015821346149462519e-04 -3.272641825885964396e-04 -1.895622714302479868e-04 2.095316959020748537e-05 1.739737886313002743e-04 2.281842323216748739e-04 2.337083522003897084e-04 2.281842323199032062e-04 1.739737886320130288e-04 2.095316959162749884e-05 -1.895622714325928722e-04 -3.272641825852207762e-04 -3.015821346177042454e-04 -1.675903743899397991e-04 -6.414697089252538486e-05 -3.651093363188554863e-05 3.800313616128339497e-05 2.909820453223722794e-04 6.245355604805406238e-04 7.042456670749765732e-04 2.830348767116358391e-04 -4.535556019333401032e-04 -9.628811992917551488e-04 -8.783442385781476671e-04 -4.475278753389110823e-04 -2.625010057028016202e-04 -4.028629755517848412e-04
-5.671949779530276181e-04 -2.693061993877613088e-03 -3.050096811952736353e-03 -8.394727468851889652e-04 2.383221106491220827e-03 3.903743905694926058e-03 2.383221106494705019e-03 -8.394727468845306377e-04 -3.050096811955275555e-03 -2.693061993886053818e-03 -5.671949779473508440e-04 1.293495161193184426e-03 1.620164864938034499e-03 7.623787659633018705e-04 -1.149003071912881008e-04 -3.169727954303752670e-04 -6.578766637503438870e-05 5.889651474854697561e-05 -1.558055906767698013e-04 -4.271155271589658861e-04 -4.072946204411278300e-04 -8.616242282805004489e-05 2.469945275017918678e-04 3.452499707925339809e-04 2.296236521410203102e-04 9.078704487028627546e-05 4.376659894260587349e-05 3.232875196036220206e-05 -4.391235016704939819e-05 -1.722226761863170682e-04 -2.375568505304552697e-04 -1.722226761895173349e-04 -4.391235016452372890e-05 3.232875196047818459e-05 4.376659893785735258e-05 9.078704487413657553e-05 2.296236521432685389e-04 3.452499707877102028e-04 2.469945274984473209e-04 -8.616242281971063283e-05 -4.072946204435139422e-04 -4.271155271592837199e-04 -1.558055906744429950e-04 5.889651474413209759e-05 -6.578766637113475744e-05 -3.169727954303102149e-04 -1.149003071937221889e-04 7.623787659619152843e-04 1.620164864943724392e-03 1.293495161188733776e-03 -4.028629755482931139e-04 5.307312982541708432e-05 2.327177332778896605e-03 6.482107697727702844e-03 1.073153686243413091e-02 2.254554540229654000e-02 1.073153686243982601e-02 6.482107697726195369e-03 2.327177332782246789e-03 5.307312982646540618e-05 -4.028629755503970082e-04 -2.625010057067036096e-04 -4.475278753368404729e-04 -8.783442385765954149e-04 -9.628811992963728743e-04 -4.535556019319053785e-04 2.830348767126800343e-04 7.042456670767943466e-04 6.245355604808889780e-04 2.909820453228529604e-04 3.800313615786983864e-05 -3.651093363054640987e-05 -6.414697088808400487e-05 -1.675903743955617126e-04 -3.015821346147613954e-04 -3.272641825861469559e-04 -1.895622714336057881e-04 2.095316958994218110e-05 1.739737886343902776e-04 2.281842323201454441e-04 2.337083522004495834e-04 2.281842323213631658e-04 1.739737886304211219e-04 2.095316959048594576e-05 -1.895622714287309169e-04 -3.272641825847846016e-04 -3.015821346214424118e-04 -1.675903743881911165e-04 -6.414697089103326517e-05 -3.651093363595272979e-05 3.800313616396600253e-05 2.909820453228231991e-04 6.245355604753017589e-04 7.042456670787524157e-04 2.830348767136472510e-04 -4.535556019362587212e-04 -9.628811992885556682e-04 -8.783442385760704442e-04 -4.475278753442727330e-04 -2.625010057031210804e-04
1.293495161189589645e-03 -5.671949779532439164e-04 -2.693061993883674645e-03 -3.050096811950343302e-03 -8.394727468861547725e-04 2.383221106493799927e-03 3.903743905693818871e-03 2.383221106492349264e-03 -8.394727468820448874e-04 -3.050096811949505864e-03 -2.693061993887793746e-03 -5.671949779513170723e-04 1.293495161193237118e-03 1.620164864940111830e-03 7.623787659594598917e-04 -1.149003071906101221e-04 -3.169727954260452888e-04 -6.578766637898448958e-05 5.889651475066525594e-05 -1.558055906763551211e-04 -4.271155271618306193e-04 -4.072946204383813833e-04 -8.616242282513145395e-05 2.469945274967344441e-04 3.452499707915656800e-04 2.296236521455515705e-04 9.078704486856747620e-05 4.376659894082975382e-05 3.232875196131119745e-05 -4.391235016431895022e-05 -1.722226761900667272e-04 -2.375568505302776232e-04 -1.722226761881189038e-04 -4.391235016565920706e-05 3.232875196370489223e-05 4.376659893582126156e-05 9.078704487164358816e-05 2.296236521459221779e-04 3.452499707882830953e-04 2.469945274989519628e-04 -8.616242282119960833e-05 -4.072946204434070398e-04 -4.271155271607953688e-04 -1.558055906744777437e-04 5.889651474515389715e-05 -6.578766637383171034e-05 -3.169727954271597944e-04 -1.149003071936882805e-04 7.623787659591513277e-04 1.620164864947207933e-03 -2.625010057071409768e-04 -4.028629755438753695e-04 5.307312982086666748e-05 2.327177332782617153e-03 6.482107697728303926e-03 1.073153686243982601e-02 2.254554540228797740e-02 1.073153686244184349e-02 6.482107697725573471e-03 2.327177332776927694e-03 5.307312982659235948e-05 -4.028629755436259488e-04 -2.625010057078847937e-04 -4.475278753386297860e-04 -8.783442385754523405e-04 -9.628811992957692989e-04 -4.535556019321325188e-04 2.830348767145879048e-04 7.042456670729497657e-04 6.245355604782027586e-04 2.909820453280216233e-04 3.800313615748882967e-05 -3.651093363431314506e-05 -6.414697088511300631e-05 -1.675903743941981115e-04 -3.015821346193585210e-04 -3.272641825821248911e-04 -1.895622714348942539e-04 2.095316958998904235e-05 1.739737886362039310e-04 2.281842323187691578e-04 2.337083521982955177e-04 2.281842323227139190e-04 1.739737886340912004e-04 2.095316958685980449e-05 -1.895622714298076652e-04 -3.272641825820917145e-04 -3.015821346229158968e-04 -1.675903743904760997e-04 -6.414697088700670093e-05 -3.651093363715149148e-05 3.800313616163480523e-05 2.909820453265811522e-04 6.245355604752615350e-04 7.042456670777340246e-04 2.830348767191779289e-04 -4.535556019407100759e-04 -9.628811992920986241e-04 -8.783442385758738783e-04 -4.475278753397079166e-04
1.620164864941824219e-03 1.293495161192591367e-03 -5.671949779524778192e-04 -2.693061993886958477e-03 -3.050096811948421228e-03 -8.394727468858035994e-04 2.383221106491699177e-03 3.903743905695182797e-03 2.383221106493228336e-03 -8.394727468840468667e-04 -3.050096811950403584e-03 -2.693061993884878109e-03 -5.671949779517952055e-04 1.293495161191003011e-03 1.620164864941371890e-03 7.623787659620806251e-04 -1.149003071938416816e-04 -3.169727954242179202e-04 -6.578766637886410249e-05 5.889651474783533919e-05 -1.558055906737405947e-04 -4.271155271602140738e-04 -4.072946204419185929e-04 -8.616242282485785553e-05 2.469945274995014907e-04 3.452499707897114774e-04 2.296236521446644221e-04 9.078704486825541571e-05 4.376659894414895746e-05 3.232875195931144075e-05 -4.391235016576623137e-05 -1.722226761887347035e-04 -2.375568505303196631e-04 -1.722226761860428193e-04 -4.391235016820836966e-05 3.232875196384023454e-05 4.376659893803356931e-05 9.078704486900873293e-05 2.296236521480098092e-04 3.452499707890207864e-04 2.469945274974237799e-04 -8.616242282261502071e-05 -4.072946204410260234e-04 -4.271155271617168322e-04 -1.558055906759750269e-04 5.889651474966231472e-05 -6.578766637650903918e-05 -3.169727954295069295e-04 -1.149003071902153506e-04 7.623787659612101192e-04 -4.475278753366125736e-04 -2.625010057120821198e-04 -4.028629755414399804e-04 5.307312982165621060e-05 2.327177332783487550e-03 6.482107697726195369e-03 1.073153686244184175e-02 2.254554540228993764e-02 1.073153686243587777e-02 6.482107697728636125e-03 2.327177332779866749e-03 5.307312982512781241e-05 -4.028629755445411781e-04 -2.625010057093754632e-04 -4.475278753385171916e-04 -8.783442385736943067e-04 -9.628811992945384042e-04 -4.535556019361808755e-04 2.830348767149352290e-04 7.042456670766107912e-04 6.245355604753778699e-04 2.909820453274411414e-04 3.800313616035856375e-05 -3.651093363578413636e-05 -6.414697088570975119e-05 -1.675903743931997510e-04 -3.015821346204178950e-04 -3.272641825817364757e-04 -1.895622714316292604e-04 2.095316958648426735e-05 1.739737886350682021e-04 2.281842323208091927e-04 2.337083521986459860e-04 2.281842323215558827e-04 1.739737886345862471e-04 2.095316958696898026e-05 -1.895622714317119579e-04 -3.272641825822944603e-04 -3.015821346207390899e-04 -1.675903743910426224e-04 -6.414697088771728704e-05 -3.651093363611487223e-05 3.800313615929400596e-05 2.909820453282303322e-04 6.245355604775915939e-04 7.042456670745377966e-04 2.830348767185103856e-04 -4.535556019398728008e-04 -9.628811992923879976e-04 -8.783442385762755752e-04
7.623787659615424272e-04 1.620164864940038538e-03 1.293495161191109914e-03 -5.671949779512250236e-04 -2.693061993885722920e-03 -3.050096811951198521e-03 -8.394727468824414885e-04 2.383221106492508425e-03 3.903743905696566673e-03 2.383221106492169287e-03 -8.394727468829202722e-04 -3.050096811951696820e-03 -2.693061993885758482e-03 -5.671949779521188399e-04 1.293495161191954073e-03 1.620164864940908068e-03 7.623787659616874934e-04 -1.149003071921469109e-04 -3.169727954267575554e-04 -6.578766637508660659e-05 5.889651474760677582e-05 -1.558055906769301277e-04 -4.271155271579837073e-04 -4.072946204414710342e-04 -8.616242282522553560e-05 2.469945274973504878e-04 3.452499707908161168e-04 2.296236521463247964e-04 9.078704486830539743e-05 4.376659893959923179e-05 3.232875196217797643e-05 -4.391235016455012922e-05 -1.722226761886228410e-04 -2.375568505322504646e-04 -1.722226761862766817e-04 -4.391235016538005211e-05 3.232875196147340087e-05 4.376659893932765270e-05 9.078704486950620555e-05 2.296236521464091202e-04 3.452499707894930649e-04 2.469945274965762048e-04 -8.616242282331637754e-05 -4.072946204401869052e-04 -4.271155271577651322e-04 -1.558055906795771260e-04 5.889651474885921229e-05 -6.578766637335712794e-05 -3.169727954277982269e-04 -1.149003071933753255e-04 -8.783442385768362162e-04 -4.475278753338578870e-04 -2.625010057085522827e-04 -4.028629755446865696e-04 5.307312982384072890e-05 2.327177332782247223e-03 6.482107697725576073e-03 1.073153686243587777e-02 2.254554540229183543e-02 1.073153686243604084e-02 6.482107697730689171e-03 2.327177332778316340e-03 5.307312982401819247e-05 -4.028629755429407331e-04 -2.625010057066692404e-04 -4.475278753387296952e-04 -8.783442385779482824e-04 -9.628811992932186049e-04 -4.535556019339507801e-04 2.830348767114534221e-04 7.042456670763949265e-04 6.245355604776508997e-04 2.909820453268989319e-04 3.800313615937069294e-05 -3.651093363557283213e-05 -6.414697088603047174e-05 -1.675903743919136162e-04 -3.015821346179414146e-04 -3.272641825855304243e-04 -1.895622714321837214e-04 2.095316959008390327e-05 1.739737886332150024e-04 2.281842323202258106e-04 2.337083521993667094e-04 2.281842323216317226e-04 1.739737886341026659e-04 2.095316958561016662e-05 -1.895622714306564600e-04 -3.272641825814298633e-04 -3.015821346208894687e-04 -1.675903743915885182e-04 -6.414697088819151707e-05 -3.651093363331747477e-05 3.800313615953574916e-05 2.909820453248949468e-04 6.245355604762429548e-04 7.042456670758458865e-04 2.830348767167957741e-04 -4.535556019373292625e-04 -9.628811992940161440e-04
-1.149003071927673998e-04 7.623787659618312586e-04 1.620164864942679004e-03 1.293495161190146058e-03 -5.671949779550169123e-04 -2.693061993880242495e-03 -3.050096811951890675e-03 -8.394727468833761792e-04 2.383221106492440771e-03 3.903743905696895403e-03 2.383221106489797052e-03 -8.394727468834453513e-04 -3.050096811951572354e-03 -2.693061993885854759e-03 -5.671949779509098460e-04 1.293495161190600122e-03 1.620164864943479362e-03 7.623787659586126961e-04 -1.149003071905275601e-04 -3.169727954271832132e-04 -6.578766637460771449e-05 5.889651474594197661e-05 -1.558055906750774430e-04 -4.271155271574273490e-04 -4.072946204457798705e-04 -8.616242282352381252e-05 2.469945275010896842e-04 3.452499707893136294e-04 2.296236521415113182e-04 9.078704487379509250e-05 4.376659894043770632e-05 3.232875195953535560e-05 -4.391235016455967698e-05 -1.722226761878311294e-04 -2.375568505301427485e-04 -1.722226761892546598e-04 -4.391235016539132103e-05 3.232875196261324972e-05 4.376659893896266281e-05 9.078704486834528252e-05 2.296236521468123350e-04 3.452499707885114824e-04 2.469945274963391440e-04 -8.616242282059135736e-05 -4.072946204424622661e-04 -4.271155271592991698e-04 -1.558055906763816027e-04 5.889651474985605487e-05 -6.578766637594510498e-05 -3.169727954293123694e-04 -9.628811992934019435e-04 -8.783442385748302253e-04 -4.475278753386046325e-04 -2.625010057054580782e-04 -4.028629755475942914e-04 5.307312982646499283e-05 2.327177332776927694e-03 6.482107697728636125e-03 1.073153686243604084e-02 2.254554540229455895e-02 1.073153686243434428e-02 6.482107697731578216e-03 2.327177332780063206e-03 5.307312982480414418e-05 -4.028629755445089773e-04 -2.625010057081190898e-04 -4.475278753379420766e-04 -8.783442385765830550e-04 -9.628811992951024062e-04 -4.535556019333463374e-04 2.830348767130072465e-04 7.042456670754037489e-04 6.245355604776363714e-04 2.909820453264450307e-04 3.800313616017449332e-05 -3.651093363469170780e-05 -6.414697088546538557e-05 -1.675903743939891857e-04 -3.015821346198487431e-04 -3.272641825824650053e-04 -1.895622714341762139e-04 2.095316959053721836e-05 1.739737886329121848e-04 2.281842323209775964e-04 2.337083521982837541e-04 2.281842323204362271e-04 1.739737886355611346e-04 2.095316958854800892e-05 -1.895622714322781283e-04 -3.272641825833698262e-04 -3.015821346185140902e-04 -1.675903743905713468e-04 -6.414697088819650440e-05 -3.651093363410286405e-05 3.800313615893994619e-05 2.909820453250754123e-04 6.245355604752762801e-04 7.042456670789152629e-04 2.830348767134932401e-04 -4.535556019354118509e-04
-3.169727954289696531e-04 -1.149003071956165476e-04 7.623787659660236516e-04 1.620164864941099321e-03 1.293495161192906437e-03 -5.671949779552968533e-04 -2.693061993884115265e-03 -3.050096811950277383e-03 -8.394727468820577894e-04 2.383221106493541019e-03 3.903743905692717321e-03 2.383221106487803422e-03 -8.394727468765245636e-04 -3.050096811950378864e-03 -2.693061993887830609e-03 -5.671949779505780801e-04 1.293495161188394854e-03 1.620164864944631869e-03 7.623787659590733736e-04 -1.149003071901356210e-04 -3.169727954281452258e-04 -6.578766637373563647e-05 5.889651474637829344e-05 -1.558055906779799065e-04 -4.271155271566484039e-04 -4.072946204414558012e-04 -8.616242282482164318e-05 2.469945274968393407e-04 3.452499707922822292e-04 2.296236521426886805e-04 9.078704487194411545e-05 4.376659894041262059e-05 3.232875195997646326e-05 -4.391235016314704964e-05 -1.722226761896665482e-04 -2.375568505311327606e-04 -1.722226761865885524e-04 -4.391235016455922975e-05 3.232875196121855915e-05 4.376659893773421432e-05 9.078704486967614068e-05 2.296236521465623451e-04 3.452499707902976513e-04 2.469945274966655973e-04 -8.616242282321748475e-05 -4.072946204414753710e-04 -4.271155271571200861e-04 -1.558055906774240631e-04 5.889651474832110920e-05 -6.578766637605741477e-05 -4.535556019349614733e-04 -9.628811992958503973e-04 -8.783442385732095599e-04 -4.475278753392413844e-04 -2.625010057057472349e-04 -4.028629755503973877e-04 5.307312982659249500e-05 2.327177332779867616e-03 6.482107697730690038e-03 1.073153686243434601e-02 2.254554540229343484e-02 1.073153686243503643e-02 6.482107697729936301e-03 2.327177332779062271e-03 5.307312982385565023e-05 -4.028629755441973234e-04 -2.625010057068195650e-04 -4.475278753387763701e-04 -8.783442385771315529e-04 -9.628811992925481343e-04 -4.535556019341728247e-04 2.830348767103971924e-04 7.042456670768828175e-04 6.245355604785362592e-04 2.909820453253933003e-04 3.800313616108887555e-05 -3.651093363542393051e-05 -6.414697088741633962e-05 -1.675903743921987614e-04 -3.015821346197700300e-04 -3.272641825825919112e-04 -1.895622714338165299e-04 2.095316959121671497e-05 1.739737886318327802e-04 2.281842323187344363e-04 2.337083522004813234e-04 2.281842323212630668e-04 1.739737886341165436e-04 2.095316958851370069e-05 -1.895622714332350180e-04 -3.272641825829405364e-04 -3.015821346182044962e-04 -1.675903743913837395e-04 -6.414697088745009896e-05 -3.651093363524324822e-05 3.800313615750919234e-05 2.909820453263088549e-04 6.245355604747920755e-04 7.042456670810492980e-04 2.830348767140980081e-04
-6.578766637595423938e-05 -3.169727954267080616e-04 -1.149003071926553204e-04 7.623787659627727798e-04 1.620164864942115002e-03 1.293495161188136164e-03 -5.671949779503207990e-04 -2.693061993883207137e-03 -3.050096811956063986e-03 -8.394727468840334226e-04 2.383221106497775913e-03 3.903743905695133791e-03 2.383221106487746176e-03 -8.394727468798334402e-04 -3.050096811950715834e-03 -2.693061993887002712e-03 -5.671949779506101725e-04 1.293495161190230409e-03 1.620164864942838382e-03 7.623787659581944109e-04 -1.149003071904028633e-04 -3.169727954262198995e-04 -6.578766637718432096e-05 5.889651474702915356e-05 -1.558055906736504433e-04 -4.271155271585560034e-04 -4.072946204461238878e-04 -8.616242282096734512e-05 2.469945274997170843e-04 3.452499707873776238e-04 2.296236521439063750e-04 9.078704487204743991e-05 4.376659894156470737e-05 3.232875195793695022e-05 -4.391235016555140348e-05 -1.722226761859254002e-04 -2.375568505301161855e-04 -1.722226761910472526e-04 -4.391235016333447431e-05 3.232875196372305261e-05 4.376659893630136661e-05 9.078704487001859949e-05 2.296236521483246344e-04 3.452499707880732479e-04 2.469945274964885471e-04 -8.616242282136118156e-05 -4.072946204434455832e-04 -4.271155271599318018e-04 -1.558055906751687329e-04 5.889651474901625897e-05 2.830348767130031265e-04 -4.535556019369148804e-04 -9.628811992939883884e-04 -8.783442385759692881e-04 -4.475278753388029873e-04 -2.625010057067037180e-04 -4.028629755436255694e-04 5.307312982512743294e-05 2.327177332778315472e-03 6.482107697731578216e-03 1.073153686243503817e-02 2.254554540229127338e-02 1.073153686243635829e-02 6.482107697728872048e-03 2.327177332779748354e-03 5.307312982534148155e-05 -4.028629755458085562e-04 -2.625010057077551231e-04 -4.475278753348652734e-04 -8.783442385776498015e-04 -9.628811992958999453e-04 -4.535556019316129691e-04 2.830348767126292936e-04 7.042456670748405059e-04 6.245355604784334769e-04 2.909820453258915997e-04 3.800313615855996721e-05 -3.651093363270822091e-05 -6.414697088694815402e-05 -1.675903743947459318e-04 -3.015821346174053850e-04 -3.272641825819497382e-04 -1.895622714345728964e-04 2.095316958864509244e-05 1.739737886370579841e-04 2.281842323189827186e-04 2.337083521981257858e-04 2.281842323206205686e-04 1.739737886344063780e-04 2.095316958933917496e-05 -1.895622714334044788e-04 -3.272641825836773060e-04 -3.015821346184907256e-04 -1.675903743916715681e-04 -6.414697088855765214e-05 -3.651093363389490052e-05 3.800313616201220245e-05 2.909820453248127101e-04 6.245355604753142272e-04 7.042456670781130617e-04
5.889651474871708016e-05 -6.578766637477758187e-05 -3.169727954312552055e-04 -1.149003071896005402e-04 7.623787659592058631e-04 1.620164864944732266e-03 1.293495161189926832e-03 -5.671949779526294991e-04 -2.693061993886536071e-03 -3.050096811950731013e-03 -8.394727468817834862e-04 2.383221106493440405e-03 3.903743905692846124e-03 2.383221106492514063e-03 -8.394727468834853584e-04 -3.050096811950264806e-03 -2.693061993884898492e-03 -5.671949779533826943e-04 1.293495161191596503e-03 1.620164864941408319e-03 7.623787659605830167e-04 -1.149003071904710325e-04 -3.169727954279246448e-04 -6.578766637597020426e-05 5.889651474912105389e-05 -1.558055906764705073e-04 -4.271155271603069357e-04 -4.072946204411246858e-04 -8.616242282407977785e-05 2.469945274987021626e-04 3.452499707888769670e-04 2.296236521455351991e-04 9.078704486969272898e-05 4.376659893990743659e-05 3.232875196159579374e-05 -4.391235016607999270e-05 -1.722226761881885638e-04 -2.375568505293926161e-04 -1.722226761900754550e-04 -4.391235016385833370e-05 3.232875196191527424e-05 4.376659893809526719e-05 9.078704487115622573e-05 2.296236521454226860e-04 3.452499707892453247e-04 2.469945274977789103e-04 -8.616242282281876940e-05 -4.072946204423382875e-04 -4.271155271600573524e-04 -1.558055906745503582e-04 7.042456670759235154e-04 2.830348767159893988e-04 -4.535556019378459390e-04 -9.628811992920768316e-04 -8.783442385768402277e-04 -4.475278753368404729e-04 -2.625010057078848479e-04 -4.028629755445413407e-04 5.307312982401887687e-05 2.327177332780063206e-03 6.482107697729936301e-03 1.073153686243635829e-02 2.254554540229040602e-02 1.073153686243807046e-02 6.482107697728950110e-03 2.327177332779192375e-03 5.307312982572806739e-05 -4.028629755449256362e-04 -2.625010057075721640e-04 -4.475278753375207556e-04 -8.783442385764363624e-04 -9.628811992940283955e-04 -4.535556019348583115e-04 2.830348767126704391e-04 7.042456670766191395e-04 6.245355604760387995e-04 2.909820453285652422e-04 3.800313615897998035e-05 -3.651093363522518270e-05 -6.414697088597872820e-05 -1.675903743935268277e-04 -3.015821346181965816e-04 -3.272641825835417265e-04 -1.895622714315126816e-04 2.095316958800075448e-05 1.739737886349186364e-04 2.281842323203699010e-04 2.337083521981608869e-04 2.281842323221084463e-04 1.739737886339058832e-04 2.095316958800004975e-05 -1.895622714327244943e-04 -3.272641825823389668e-04 -3.015821346202513073e-04 -1.675903743919623511e-04 -6.414697088513485299e-05 -3.651093363761173530e-05 3.800313616163323313e-05 2.909820453252895964e-04 6.245355604761866847e-04
-1.558055906746541976e-04 5.889651474911458933e-05 -6.578766637786370914e-05 -3.169727954306545033e-04 -1.149003071887273373e-04 7.623787659628807663e-04 1.620164864939948766e-03 1.293495161189684838e-03 -5.671949779476437954e-04 -2.693061993888004081e-03 -3.050096811952352979e-03 -8.394727468809990659e-04 2.383221106492827181e-03 3.903743905692971458e-03 2.383221106491744713e-03 -8.394727468823157211e-04 -3.050096811950608715e-03 -2.693061993885310489e-03 -5.671949779542221921e-04 1.293495161193326023e-03 1.620164864941543194e-03 7.623787659598976925e-04 -1.149003071908266102e-04 -3.169727954266781376e-04 -6.578766637800470963e-05 5.889651474866861632e-05 -1.558055906720238960e-04 -4.271155271619474420e-04 -4.072946204448237668e-04 -8.616242282037856913e-05 2.469945274987570775e-04 3.452499707872232334e-04 2.296236521445651363e-04 9.078704487213982749e-05 4.376659894044841959e-05 3.232875195878426777e-05 -4.391235016500201114e-05 -1.722226761860881389e-04 -2.375568505309475246e-04 -1.722226761913261094e-04 -4.391235016215722049e-05 3.232875196212996660e-05 4.376659893577739203e-05 9.078704487107730936e-05 2.296236521469197523e-04 3.452499707892207675e-04 2.469945274976820368e-04 -8.616242282184596900e-05 -4.072946204421157008e-04 -4.271155271612114856e-04 6.245355604769940901e-04 7.042456670770305942e-04 2.830348767152806016e-04 -4.535556019356150304e-04 -9.628811992932927643e-04 -8.783442385765956317e-04 -4.475278753386300028e-04 -2.625010057093754632e-04 -4.028629755429410041e-04 5.307312982480406286e-05 2.327177332779061837e-03 6.482107697728871180e-03 1.073153686243807046e-02 2.254554540229077378e-02 1.073153686243663585e-02 6.482107697731167087e-03 2.327177332779212758e-03 5.307312982529335653e-05 -4.028629755479286052e-04 -2.625010057053396833e-04 -4.475278753365264880e-04 -8.783442385771848956e-04 -9.628811992950846253e-04 -4.535556019337501485e-04 2.830348767115731180e-04 7.042456670781955695e-04 6.245355604761444008e-04 2.909820453254609003e-04 3.800313616065827111e-05 -3.651093363442139587e-05 -6.414697088678479185e-05 -1.675903743934107639e-04 -3.015821346172814607e-04 -3.272641825834652902e-04 -1.895622714336227558e-04 2.095316958827527108e-05 1.739737886359895842e-04 2.281842323209057951e-04 2.337083521973566528e-04 2.281842323201772112e-04 1.739737886364698045e-04 2.095316958857025539e-05 -1.895622714337619132e-04 -3.272641825822601995e-04 -3.015821346171529286e-04 -1.675903743948706692e-04 -6.414697088816651265e-05 -3.651093363451931288e-05 3.800313616005094171e-05 2.909820453261763112e-04
-4.271155271583544502e-04 -1.558055906779732115e-04 5.889651474918677009e-05 -6.578766637478930480e-05 -3.169727954282624280e-04 -1.149003071912757680e-04 7.623787659606985926e-04 1.620164864942635202e-03 1.293495161190788556e-03 -5.671949779514961825e-04 -2.693061993887550451e-03 -3.050096811948294594e-03 -8.394727468835800092e-04 2.383221106489966188e-03 3.903743905699327919e-03 2.383221106491906476e-03 -8.394727468854410422e-04 -3.050096811950245724e-03 -2.693061993884895457e-03 -5.671949779517502111e-04 1.293495161191493721e-03 1.620164864940637451e-03 7.623787659615103348e-04 -1.149003071918121229e-04 -3.169727954288806943e-04 -6.578766637439607823e-05 5.889651474872637719e-05 -1.558055906773544031e-04 -4.271155271587207479e-04 -4.072946204432795919e-04 -8.616242282160243009e-05 2.469945274977778803e-04 3.452499707889561138e-04 2.296236521457469166e-04 9.078704486945400121e-05 4.376659894179292515e-05 3.232875195930168293e-05 -4.391235016420001324e-05 -1.722226761888641573e-04 -2.375568505310592245e-04 -1.722226761875930929e-04 -4.391235016346350793e-05 3.232875195968813324e-05 4.376659893969598328e-05 9.078704487097368674e-05 2.296236521452612483e-04 3.452499707892033661e-04 2.469945274992450769e-04 -8.616242282422104939e-05 -4.072946204432397474e-04 2.909820453295166838e-04 6.245355604742828257e-04 7.042456670799253056e-04 2.830348767097594104e-04 -4.535556019326052852e-04 -9.628811992963724406e-04 -8.783442385754525574e-04 -4.475278753385171374e-04 -2.625010057066691862e-04 -4.028629755445089773e-04 5.307312982385611102e-05 2.327177332779750522e-03 6.482107697728950110e-03 1.073153686243663585e-02 2.254554540229070786e-02 1.073153686243563838e-02 6.482107697730461054e-03 2.327177332780120886e-03 5.307312982411693618e-05 -4.028629755463837797e-04 -2.625010057061151589e-04 -4.475278753374496319e-04 -8.783442385765228818e-04 -9.628811992940304555e-04 -4.535556019346540478e-04 2.830348767138207234e-04 7.042456670765943113e-04 6.245355604757123463e-04 2.909820453268202730e-04 3.800313616062721549e-05 -3.651093363451179800e-05 -6.414697088847593040e-05 -1.675903743922263001e-04 -3.015821346192377951e-04 -3.272641825831580273e-04 -1.895622714329224967e-04 2.095316959015804575e-05 1.739737886338917614e-04 2.281842323187985668e-04 2.337083522008203264e-04 2.281842323196793456e-04 1.739737886355841468e-04 2.095316958673902098e-05 -1.895622714324785160e-04 -3.272641825828124379e-04 -3.015821346204451627e-04 -1.675903743895233841e-04 -6.414697089050065085e-05 -3.651093363239896579e-05 3.800313615844176207e-05
-4.072946204421732178e-04 -4.271155271600827769e-04 -1.558055906763296152e-04 5.889651475128126573e-05 -6.578766637762659413e-05 -3.169727954290719476e-04 -1.149003071902890356e-04 7.623787659613091069e-04 1.620164864940579989e-03 1.293495161192073336e-03 -5.671949779515117951e-04 -2.693061993889047084e-03 -3.050096811949821150e-03 -8.394727468796574742e-04 2.383221106489600595e-03 3.903743905692236803e-03 2.383221106497382998e-03 -8.394727468837192208e-04 -3.050096811949757833e-03 -2.693061993886677018e-03 -5.671949779521642679e-04 1.293495161191653966e-03 1.620164864940296144e-03 7.623787659604060749e-04 -1.149003071889235237e-04 -3.169727954297222520e-04 -6.578766637627948648e-05 5.889651475006604450e-05 -1.558055906761517790e-04 -4.271155271586783556e-04 -4.072946204457117826e-04 -8.616242282066142392e-05 2.469945274990414095e-04 3.452499707864477578e-04 2.296236521464969135e-04 9.078704487110655572e-05 4.376659894098243659e-05 3.232875195947251253e-05 -4.391235016521099111e-05 -1.722226761854119762e-04 -2.375568505334974868e-04 -1.722226761900608996e-04 -4.391235016119317502e-05 3.232875195991312552e-05 4.376659893786098466e-05 9.078704487047491308e-05 2.296236521467542760e-04 3.452499707885461227e-04 2.469945274982380157e-04 -8.616242282297294295e-05 3.800313615665216441e-05 2.909820453305787683e-04 6.245355604716479976e-04 7.042456670821300307e-04 2.830348767081001474e-04 -4.535556019319057579e-04 -9.628811992957697326e-04 -8.783442385736945236e-04 -4.475278753387294242e-04 -2.625010057081193066e-04 -4.028629755441973234e-04 5.307312982534167128e-05 2.327177332779191508e-03 6.482107697731167954e-03 1.073153686243563665e-02 2.254554540229170359e-02 1.073153686243324099e-02 6.482107697730212989e-03 2.327177332780605741e-03 5.307312982295455626e-05 -4.028629755463996090e-04 -2.625010057040261724e-04 -4.475278753375066068e-04 -8.783442385780119250e-04 -9.628811992914804120e-04 -4.535556019362303151e-04 2.830348767117394347e-04 7.042456670779077138e-04 6.245355604767073186e-04 2.909820453259740532e-04 3.800313616029310504e-05 -3.651093363305417627e-05 -6.414697088983954503e-05 -1.675903743912312194e-04 -3.015821346184088141e-04 -3.272641825832016123e-04 -1.895622714347653965e-04 2.095316958841893465e-05 1.739737886355772079e-04 2.281842323205892351e-04 2.337083521992704051e-04 2.281842323193582862e-04 1.739737886376964979e-04 2.095316958648914626e-05 -1.895622714336076583e-04 -3.272641825786656356e-04 -3.015821346237508951e-04 -1.675903743884080382e-04 -6.414697089093789604e-05 -3.651093363172175956e-05
-8.616242282357182913e-05 -4.072946204399202999e-04 -4.271155271597398980e-04 -1.558055906774962168e-04 5.889651474853778700e-05 -6.578766637610511967e-05 -3.169727954272340080e-04 -1.149003071929074245e-04 7.623787659609176015e-04 1.620164864941197333e-03 1.293495161193315398e-03 -5.671949779496643146e-04 -2.693061993889220122e-03 -3.050096811954521384e-03 -8.394727468758731749e-04 2.383221106490559030e-03 3.903743905693710450e-03 2.383221106492870982e-03 -8.394727468820344790e-04 -3.050096811952839135e-03 -2.693061993885948000e-03 -5.671949779520828443e-04 1.293495161190421011e-03 1.620164864944361469e-03 7.623787659597953438e-04 -1.149003071917360254e-04 -3.169727954287477711e-04 -6.578766637365261369e-05 5.889651474932878025e-05 -1.558055906777353376e-04 -4.271155271583063117e-04 -4.072946204426027244e-04 -8.616242282410636790e-05 2.469945274983758720e-04 3.452499707891068721e-04 2.296236521452383716e-04 9.078704486961335183e-05 4.376659893861985841e-05 3.232875196233570751e-05 -4.391235016474237860e-05 -1.722226761872288822e-04 -2.375568505309120983e-04 -1.722226761882939482e-04 -4.391235016392825796e-05 3.232875195994392364e-05 4.376659893963652157e-05 9.078704486914153415e-05 2.296236521447413191e-04 3.452499707889266235e-04 2.469945274999905743e-04 -3.651093363395199732e-05 3.800313615802319904e-05 2.909820453272791074e-04 6.245355604743184959e-04 7.042456670795349928e-04 2.830348767126800885e-04 -4.535556019321319225e-04 -9.628811992945386210e-04 -8.783442385779476318e-04 -4.475278753379419139e-04 -2.625010057068198361e-04 -4.028629755458086104e-04 5.307312982572808094e-05 2.327177332779212758e-03 6.482107697730461054e-03 1.073153686243324273e-02 2.254554540229323015e-02 1.073153686243588298e-02 6.482107697729868646e-03 2.327177332781081923e-03 5.307312982502208914e-05 -4.028629755458030810e-04 -2.625010057064825950e-04 -4.475278753369861355e-04 -8.783442385781838795e-04 -9.628811992937782701e-04 -4.535556019353675613e-04 2.830348767138054361e-04 7.042456670753060623e-04 6.245355604773253138e-04 2.909820453263322194e-04 3.800313615896638717e-05 -3.651093363396227013e-05 -6.414697088668526209e-05 -1.675903743904670195e-04 -3.015821346196055565e-04 -3.272641825825678419e-04 -1.895622714340897488e-04 2.095316958954170392e-05 1.739737886353620209e-04 2.281842323188038794e-04 2.337083521984987242e-04 2.281842323192917704e-04 1.739737886342932686e-04 2.095316959009027973e-05 -1.895622714321828540e-04 -3.272641825803711941e-04 -3.015821346203095832e-04 -1.675903743919527288e-04 -6.414697088932898067e-05
2.469945274981135493e-04 -8.616242282125724722e-05 -4.072946204415181428e-04 -4.271155271617207896e-04 -1.558055906751490546e-04 5.889651474850862196e-05 -6.578766637724294919e-05 -3.169727954285124993e-04 -1.149003071914496063e-04 7.623787659621504478e-04 1.620164864941623642e-03 1.293495161193019627e-03 -5.671949779528159818e-04 -2.693061993887154500e-03 -3.050096811953326593e-03 -8.394727468772400286e-04 2.383221106488463917e-03 3.903743905697071043e-03 2.383221106489258421e-03 -8.394727468784927158e-04 -3.050096811953118426e-03 -2.693061993887198736e-03 -5.671949779498320406e-04 1.293495161190172946e-03 1.620164864942079874e-03 7.623787659598249425e-04 -1.149003071882319518e-04 -3.169727954307127791e-04 -6.578766637541251776e-05 5.889651474800006338e-05 -1.558055906746937439e-04 -4.271155271602278974e-04 -4.072946204431327909e-04 -8.616242282113314673e-05 2.469945274975103534e-04 3.452499707896243076e-04 2.296236521448350484e-04 9.078704487179556620e-05 4.376659893841869148e-05 3.232875195949195363e-05 -4.391235016384317520e-05 -1.722226761853308237e-04 -2.375568505335948211e-04 -1.722226761884910291e-04 -4.391235016310782185e-05 3.232875195868738076e-05 4.376659893962474442e-05 9.078704487012292685e-05 2.296236521461086878e-04 3.452499707897314809e-04 -6.414697088516996759e-05 -3.651093363930678375e-05 3.800313616308174079e-05 2.909820453228271022e-04 6.245355604804982315e-04 7.042456670767936961e-04 2.830348767145877964e-04 -4.535556019361816345e-04 -9.628811992932196891e-04 -8.783442385765831634e-04 -4.475278753387769122e-04 -2.625010057077556652e-04 -4.028629755449246062e-04 5.307312982529393928e-05 2.327177332780122187e-03 6.482107697730213856e-03 1.073153686243588298e-02 2.254554540229119705e-02 1.073153686243477102e-02 6.482107697729632724e-03 2.327177332782755931e-03 5.307312982231558848e-05 -4.028629755450659862e-04 -2.625010057054734738e-04 -4.475278753395163923e-04 -8.783442385761531688e-04 -9.628811992934339275e-04 -4.535556019358130599e-04 2.830348767140177229e-04 7.042456670766478709e-04 6.245355604780537893e-04 2.909820453246184211e-04 3.800313616141999090e-05 -3.651093363585911571e-05 -6.414697088915214730e-05 -1.675903743916951224e-04 -3.015821346179312231e-04 -3.272641825821829501e-04 -1.895622714346257242e-04 2.095316958889243962e-05 1.739737886351972493e-04 2.281842323210281473e-04 2.337083521966280689e-04 2.281842323222113913e-04 1.739737886353427492e-04 2.095316958725476918e-05 -1.895622714291859024e-04 -3.272641825857631483e-04 -3.015821346161063482e-04 -1.675903743965518331e-04
3.452499707888987595e-04 2.469945274982872385e-04 -8.616242282481134326e-05 -4.072946204401819720e-04 -4.271155271610068424e-04 -1.558055906745235242e-04 5.889651474739564778e-05 -6.578766637512260210e-05 -3.169727954268951407e-04 -1.149003071934861175e-04 7.623787659612821102e-04 1.620164864941497657e-03 1.293495161191863651e-03 -5.671949779513434185e-04 -2.693061993885601923e-03 -3.050096811951649549e-03 -8.394727468791071331e-04 2.383221106487185860e-03 3.903743905697319543e-03 2.383221106490381654e-03 -8.394727468804503512e-04 -3.050096811952493492e-03 -2.693061993884766220e-03 -5.671949779515565726e-04 1.293495161188982709e-03 1.620164864944866924e-03 7.623787659584341280e-04 -1.149003071904289248e-04 -3.169727954306822588e-04 -6.578766637139726989e-05 5.889651474504570733e-05 -1.558055906765501420e-04 -4.271155271559896969e-04 -4.072946204433131479e-04 -8.616242282224045596e-05 2.469945274957683116e-04 3.452499707910104600e-04 2.296236521449772144e-04 9.078704487010089044e-05 4.376659893951025267e-05 3.232875196148006193e-05 -4.391235016650686342e-05 -1.722226761858562010e-04 -2.375568505328597049e-04 -1.722226761878711907e-04 -4.391235016251870027e-05 3.232875196006330785e-05 4.376659893923825345e-05 9.078704487036051620e-05 2.296236521456048319e-04 -1.675903743987295887e-04 -6.414697088085220020e-05 -3.651093364103440571e-05 3.800313616610342580e-05 2.909820453209961016e-04 6.245355604808889780e-04 7.042456670729497657e-04 2.830348767149356627e-04 -4.535556019339505632e-04 -9.628811992951024062e-04 -8.783442385771313360e-04 -4.475278753348655445e-04 -2.625010057075721640e-04 -4.028629755479284967e-04 5.307312982411672612e-05 2.327177332780606175e-03 6.482107697729868646e-03 1.073153686243477102e-02 2.254554540229386159e-02 1.073153686243711810e-02 6.482107697726788645e-03 2.327177332782072016e-03 5.307312982311478101e-05 -4.028629755466936447e-04 -2.625010057033475702e-04 -4.475278753403115462e-04 -8.783442385760644811e-04 -9.628811992933364577e-04 -4.535556019336746338e-04 2.830348767140419548e-04 7.042456670732391392e-04 6.245355604796154741e-04 2.909820453247899960e-04 3.800313615976866967e-05 -3.651093363532082289e-05 -6.414697088708507520e-05 -1.675903743925342406e-04 -3.015821346179322531e-04 -3.272641825826868331e-04 -1.895622714348358425e-04 2.095316959202373069e-05 1.739737886316893945e-04 2.281842323223705793e-04 2.337083521974243612e-04 2.281842323209330085e-04 1.739737886364232651e-04 2.095316958320493525e-05 -1.895622714281628492e-04 -3.272641825877324389e-04 -3.015821346119990651e-04
2.296236521447109615e-04 3.452499707881017082e-04 2.469945274992386259e-04 -8.616242282382732137e-05 -4.072946204408013225e-04 -4.271155271616371434e-04 -1.558055906737824991e-04 5.889651474923496966e-05 -6.578766637746422130e-05 -3.169727954267023695e-04 -1.149003071916428789e-04 7.623787659577016410e-04 1.620164864943678422e-03 1.293495161193150382e-03 -5.671949779542491887e-04 -2.693061993884220216e-03 -3.050096811953889944e-03 -8.394727468797983120e-04 2.383221106491801959e-03 3.903743905693934663e-03 2.383221106489816568e-03 -8.394727468805065129e-04 -3.050096811949958627e-03 -2.693061993886812760e-03 -5.671949779498187049e-04 1.293495161189604607e-03 1.620164864941261084e-03 7.623787659622053084e-04 -1.149003071894675899e-04 -3.169727954325043690e-04 -6.578766637396775061e-05 5.889651474932952564e-05 -1.558055906771170984e-04 -4.271155271593323464e-04 -4.072946204429734132e-04 -8.616242282190702314e-05 2.469945274991370903e-04 3.452499707885345760e-04 2.296236521451445068e-04 9.078704487130369078e-05 4.376659893702274052e-05 3.232875196138408294e-05 -4.391235016471459592e-05 -1.722226761862662462e-04 -2.375568505317272828e-04 -1.722226761876642165e-04 -4.391235016452446751e-05 3.232875196067972422e-05 4.376659893989469721e-05 9.078704487024527906e-05 -3.015821346141373828e-04 -1.675903743961357163e-04 -6.414697088359424236e-05 -3.651093363759270078e-05 3.800313616248614110e-05 2.909820453228528520e-04 6.245355604782033008e-04 7.042456670766108996e-04 2.830348767114533137e-04 -4.535556019333463374e-04 -9.628811992925483511e-04 -8.783442385776498015e-04 -4.475278753375208640e-04 -2.625010057053400086e-04 -4.028629755463835629e-04 5.307312982295495606e-05 2.327177332781081489e-03 6.482107697729632724e-03 1.073153686243711637e-02 2.254554540229266810e-02 1.073153686243601655e-02 6.482107697727964787e-03 2.327177332780571480e-03 5.307312982541298468e-05 -4.028629755485324516e-04 -2.625010057055397728e-04 -4.475278753382010383e-04 -8.783442385762002232e-04 -9.628811992934817408e-04 -4.535556019360424229e-04 2.830348767150818131e-04 7.042456670755596572e-04 6.245355604779017841e-04 2.909820453267208517e-04 3.800313615961139259e-05 -3.651093363584094855e-05 -6.414697088821993672e-05 -1.675903743929562121e-04 -3.015821346173267262e-04 -3.272641825814229244e-04 -1.895622714346555397e-04 2.095316958999396870e-05 1.739737886341810808e-04 2.281842323212477253e-04 2.337083521966360649e-04 2.281842323190882385e-04 1.739737886376795572e-04 2.095316958517874902e-05 -1.895622714295259895e-04 -3.272641825861962329e-04
9.078704487058879497e-05 2.296236521448157225e-04 3.452499707910517681e-04 2.469945274955216556e-04 -8.616242282203857752e-05 -4.072946204431015659e-04 -4.271155271571203571e-04 -1.558055906771704140e-04 5.889651474813638148e-05 -6.578766637418532288e-05 -3.169727954279471962e-04 -1.149003071923326754e-04 7.623787659611479944e-04 1.620164864943400866e-03 1.293495161189140135e-03 -5.671949779503539756e-04 -2.693061993888712716e-03 -3.050096811950963466e-03 -8.394727468810526255e-04 2.383221106492097296e-03 3.903743905696250953e-03 2.383221106492430363e-03 -8.394727468832893346e-04 -3.050096811951329492e-03 -2.693061993884817828e-03 -5.671949779539176397e-04 1.293495161191274712e-03 1.620164864941777381e-03 7.623787659616660262e-04 -1.149003071937324753e-04 -3.169727954261762604e-04 -6.578766637301614636e-05 5.889651474532867732e-05 -1.558055906749247603e-04 -4.271155271600892279e-04 -4.072946204413074281e-04 -8.616242282442243994e-05 2.469945274976890841e-04 3.452499707903746839e-04 2.296236521442017117e-04 9.078704487201716357e-05 4.376659893893097023e-05 3.232875196055338079e-05 -4.391235016319416500e-05 -1.722226761878432454e-04 -2.375568505322636105e-04 -1.722226761880745328e-04 -4.391235016480636686e-05 3.232875196068893316e-05 4.376659893937671285e-05 -3.272641825812079813e-04 -3.015821346192666349e-04 -1.675903743910959923e-04 -6.414697088917430568e-05 -3.651093363288454607e-05 3.800313615787025877e-05 2.909820453280217859e-04 6.245355604753781951e-04 7.042456670763950349e-04 2.830348767130078428e-04 -4.535556019341726078e-04 -9.628811992958999453e-04 -8.783442385764376635e-04 -4.475278753365274096e-04 -2.625010057061152673e-04 -4.028629755463996090e-04 5.307312982502229243e-05 2.327177332782756798e-03 6.482107697726787778e-03 1.073153686243601482e-02 2.254554540229255014e-02 1.073153686243201108e-02 6.482107697731635462e-03 2.327177332780891970e-03 5.307312982357450306e-05 -4.028629755442122854e-04 -2.625010057054040307e-04 -4.475278753379512381e-04 -8.783442385770563092e-04 -9.628811992944499333e-04 -4.535556019340382752e-04 2.830348767120478902e-04 7.042456670754538390e-04 6.245355604781743526e-04 2.909820453266311340e-04 3.800313616033546346e-05 -3.651093363497396628e-05 -6.414697088766033932e-05 -1.675903743914403078e-04 -3.015821346182020568e-04 -3.272641825845851627e-04 -1.895622714334436727e-04 2.095316958916349016e-05 1.739737886335977800e-04 2.281842323212822301e-04 2.337083521969019926e-04 2.281842323235320309e-04 1.739737886339846233e-04 2.095316958946938086e-05 -1.895622714349747830e-04
4.376659893944465166e-05 9.078704487151802399e-05 2.296236521439753032e-04 3.452499707916561566e-04 2.469945274969851117e-04 -8.616242282216320656e-05 -4.072946204461580402e-04 -4.271155271576947132e-04 -1.558055906730489550e-04 5.889651474679231637e-05 -6.578766637719401101e-05 -3.169727954261033478e-04 -1.149003071912224117e-04 7.623787659600417830e-04 1.620164864941783670e-03 1.293495161186434400e-03 -5.671949779455499841e-04 -2.693061993889512857e-03 -3.050096811949761736e-03 -8.394727468828283318e-04 2.383221106494992983e-03 3.903743905695678494e-03 2.383221106490469691e-03 -8.394727468806537475e-04 -3.050096811955316754e-03 -2.693061993883412702e-03 -5.671949779532619142e-04 1.293495161190283751e-03 1.620164864940507564e-03 7.623787659653632641e-04 -1.149003071924294947e-04 -3.169727954311795824e-04 -6.578766637170033150e-05 5.889651474709737698e-05 -1.558055906740784863e-04 -4.271155271620757032e-04 -4.072946204426285827e-04 -8.616242282308838338e-05 2.469945274977883970e-04 3.452499707906803205e-04 2.296236521445920516e-04 9.078704487098980069e-05 4.376659894044450968e-05 3.232875195872396580e-05 -4.391235016396675392e-05 -1.722226761873959578e-04 -2.375568505321687157e-04 -1.722226761875507548e-04 -4.391235016475605987e-05 3.232875196060449414e-05 -1.895622714384199168e-04 -3.272641825793795828e-04 -3.015821346222593040e-04 -1.675903743887308323e-04 -6.414697089157231694e-05 -3.651093363054644375e-05 3.800313615748888388e-05 2.909820453274413582e-04 6.245355604776513334e-04 7.042456670754040741e-04 2.830348767103968129e-04 -4.535556019316134028e-04 -9.628811992940288292e-04 -8.783442385771851125e-04 -4.475278753374497946e-04 -2.625010057040260639e-04 -4.028629755458032979e-04 5.307312982231557493e-05 2.327177332782071582e-03 6.482107697727966522e-03 1.073153686243201281e-02 2.254554540229350076e-02 1.073153686243497745e-02 6.482107697729572876e-03 2.327177332783569082e-03 5.307312982428106406e-05 -4.028629755466236594e-04 -2.625010057044045589e-04 -4.475278753386365081e-04 -8.783442385756563874e-04 -9.628811992968481885e-04 -4.535556019338065270e-04 2.830348767126709270e-04 7.042456670754015805e-04 6.245355604781178656e-04 2.909820453269020761e-04 3.800313615998359242e-05 -3.651093363290504426e-05 -6.414697088827861916e-05 -1.675903743945499080e-04 -3.015821346157364726e-04 -3.272641825855901096e-04 -1.895622714333007478e-04 2.095316959047105831e-05 1.739737886343341701e-04 2.281842323217033342e-04 2.337083521951280752e-04 2.281842323252794937e-04 1.739737886308463460e-04 2.095316959319260227e-05
3.232875196008314197e-05 4.376659894007123243e-05 9.078704487223760897e-05 2.296236521426666712e-04 3.452499707899303236e-04 2.469945274993318131e-04 -8.616242282225620400e-05 -4.072946204435325362e-04 -4.271155271611325557e-04 -1.558055906756663546e-04 5.889651474778509997e-05 -6.578766637435051463e-05 -3.169727954267289325e-04 -1.149003071929901221e-04 7.623787659601930292e-04 1.620164864944133353e-03 1.293495161189346350e-03 -5.671949779495014674e-04 -2.693061993888690598e-03 -3.050096811949551401e-03 -8.394727468840829706e-04 2.383221106493101701e-03 3.903743905694586052e-03 2.383221106490677858e-03 -8.394727468796098777e-04 -3.050096811951744959e-03 -2.693061993883229255e-03 -5.671949779540511050e-04 1.293495161190428818e-03 1.620164864942746225e-03 7.623787659617830116e-04 -1.149003071919148917e-04 -3.169727954298959954e-04 -6.578766637404813065e-05 5.889651474731021264e-05 -1.558055906748173429e-04 -4.271155271600844574e-04 -4.072946204420380720e-04 -8.616242282301048345e-05 2.469945274984966521e-04 3.452499707903738165e-04 2.296236521454548868e-04 9.078704486808640214e-05 4.376659894008448680e-05 3.232875196056065172e-05 -4.391235016493381482e-05 -1.722226761871666761e-04 -2.375568505308912816e-04 -1.722226761878554698e-04 -4.391235016479487431e-05 2.095316959258380920e-05 -1.895622714351821909e-04 -3.272641825810928390e-04 -3.015821346214781363e-04 -1.675903743913710543e-04 -6.414697088808392355e-05 -3.651093363431324670e-05 3.800313616035869927e-05 2.909820453268988235e-04 6.245355604776363714e-04 7.042456670768827091e-04 2.830348767126295104e-04 -4.535556019348587452e-04 -9.628811992950852758e-04 -8.783442385765226649e-04 -4.475278753375067152e-04 -2.625010057064819445e-04 -4.028629755450662572e-04 5.307312982311455739e-05 2.327177332780571047e-03 6.482107697731636330e-03 1.073153686243497919e-02 2.254554540229276871e-02 1.073153686243530358e-02 6.482107697727973461e-03 2.327177332780192009e-03 5.307312982423236983e-05 -4.028629755471989913e-04 -2.625010057060481010e-04 -4.475278753371327739e-04 -8.783442385752964323e-04 -9.628811992946011795e-04 -4.535556019354456238e-04 2.830348767134767060e-04 7.042456670762692675e-04 6.245355604785736642e-04 2.909820453265693344e-04 3.800313615822304461e-05 -3.651093363608600535e-05 -6.414697088688840092e-05 -1.675903743930416202e-04 -3.015821346170608256e-04 -3.272641825835618926e-04 -1.895622714323046370e-04 2.095316958945311444e-05 1.739737886339694174e-04 2.281842323214200051e-04 2.337083521961499358e-04 2.281842323228400931e-04 1.739737886310857649e-04
-4.391235016521866184e-05 3.232875196049288230e-05 4.376659894028702932e-05 9.078704486975768624e-05 2.296236521455611928e-04 3.452499707882798969e-04 2.469945275003478189e-04 -8.616242282459675255e-05 -4.072946204430232865e-04 -4.271155271589916901e-04 -1.558055906738274393e-04 5.889651474640910511e-05 -6.578766637532713684e-05 -3.169727954281272822e-04 -1.149003071901823095e-04 7.623787659606063270e-04 1.620164864940537705e-03 1.293495161193144311e-03 -5.671949779538029311e-04 -2.693061993885732027e-03 -3.050096811951996927e-03 -8.394727468817326371e-04 2.383221106492937769e-03 3.903743905694888328e-03 2.383221106490472294e-03 -8.394727468820572473e-04 -3.050096811950700655e-03 -2.693061993884921044e-03 -5.671949779491247071e-04 1.293495161186293888e-03 1.620164864943958363e-03 7.623787659619099717e-04 -1.149003071922662680e-04 -3.169727954286713349e-04 -6.578766637645781063e-05 5.889651474881851405e-05 -1.558055906753298453e-04 -4.271155271597313870e-04 -4.072946204416646727e-04 -8.616242282374480003e-05 2.469945274986838938e-04 3.452499707885023209e-04 2.296236521456553829e-04 9.078704487156450916e-05 4.376659893875544467e-05 3.232875196011825657e-05 -4.391235016464745670e-05 -1.722226761876778775e-04 -2.375568505316502503e-04 -1.722226761868491404e-04 1.739737886353027692e-04 2.095316958843979199e-05 -1.895622714322530019e-04 -3.272641825854120837e-04 -3.015821346149460350e-04 -1.675903743955620378e-04 -6.414697088511278947e-05 -3.651093363578402116e-05 3.800313615937049642e-05 2.909820453264450307e-04 6.245355604785358256e-04 7.042456670748407227e-04 2.830348767126704391e-04 -4.535556019337504737e-04 -9.628811992940306723e-04 -8.783442385780124671e-04 -4.475278753369859187e-04 -2.625010057054734738e-04 -4.028629755466934278e-04 5.307312982541263232e-05 2.327177332780891103e-03 6.482107697729573743e-03 1.073153686243530358e-02 2.254554540229244605e-02 1.073153686243493062e-02 6.482107697729722930e-03 2.327177332781305268e-03 5.307312982362348189e-05 -4.028629755475151447e-04 -2.625010057062658088e-04 -4.475278753372621734e-04 -8.783442385771174582e-04 -9.628811992924634581e-04 -4.535556019353850711e-04 2.830348767141273899e-04 7.042456670765749041e-04 6.245355604765710344e-04 2.909820453253991008e-04 3.800313616072634545e-05 -3.651093363426934329e-05 -6.414697088922117032e-05 -1.675903743914274329e-04 -3.015821346176775198e-04 -3.272641825852657706e-04 -1.895622714320311470e-04 2.095316958915259732e-05 1.739737886362003260e-04 2.281842323187935524e-04 2.337083521990796669e-04 2.281842323198758572e-04
-1.722226761882104105e-04 -4.391235016475854676e-05 3.232875195850424546e-05 4.376659894448709301e-05 9.078704486773982337e-05 2.296236521449752357e-04 3.452499707880204473e-04 2.469945275007587857e-04 -8.616242282509608186e-05 -4.072946204421015520e-04 -4.271155271588980150e-04 -1.558055906748233061e-04 5.889651474517466640e-05 -6.578766637278702734e-05 -3.169727954288518003e-04 -1.149003071934253073e-04 7.623787659650384371e-04 1.620164864939177898e-03 1.293495161191476591e-03 -5.671949779528055735e-04 -2.693061993883133845e-03 -3.050096811951086631e-03 -8.394727468849529344e-04 2.383221106491700911e-03 3.903743905695325912e-03 2.383221106493460355e-03 -8.394727468837538068e-04 -3.050096811950037991e-03 -2.693061993887742572e-03 -5.671949779485257939e-04 1.293495161187531179e-03 1.620164864942164658e-03 7.623787659638847376e-04 -1.149003071940570312e-04 -3.169727954279741929e-04 -6.578766637576325717e-05 5.889651474936925487e-05 -1.558055906764370055e-04 -4.271155271594014643e-04 -4.072946204404763871e-04 -8.616242282614630784e-05 2.469945274995072912e-04 3.452499707913338775e-04 2.296236521423355016e-04 9.078704486981237069e-05 4.376659894162118075e-05 3.232875196092918559e-05 -4.391235016558610473e-05 -1.722226761867899972e-04 -2.375568505315461397e-04 2.281842323183369407e-04 1.739737886346909540e-04 2.095316958699409648e-05 -1.895622714280629671e-04 -3.272641825885967107e-04 -3.015821346147615038e-04 -1.675903743941981928e-04 -6.414697088570972408e-05 -3.651093363557308285e-05 3.800313616017510319e-05 2.909820453253939509e-04 6.245355604784339106e-04 7.042456670766193564e-04 2.830348767115731180e-04 -4.535556019346542646e-04 -9.628811992914804120e-04 -8.783442385781829037e-04 -4.475278753395165007e-04 -2.625010057033471365e-04 -4.028629755485321263e-04 5.307312982357436753e-05 2.327177332783570383e-03 6.482107697727973461e-03 1.073153686243493062e-02 2.254554540229608897e-02 1.073153686243448479e-02 6.482107697726706246e-03 2.327177332781928468e-03 5.307312982624247388e-05 -4.028629755482148887e-04 -2.625010057061379814e-04 -4.475278753358338454e-04 -8.783442385779804832e-04 -9.628811992935330235e-04 -4.535556019343381655e-04 2.830348767124034543e-04 7.042456670765642789e-04 6.245355604783609437e-04 2.909820453253245077e-04 3.800313615822902127e-05 -3.651093363319012167e-05 -6.414697088833501122e-05 -1.675903743918260940e-04 -3.015821346170200596e-04 -3.272641825850442139e-04 -1.895622714304720372e-04 2.095316958550434171e-05 1.739737886355020185e-04 2.281842323187458204e-04 2.337083522026692976e-04
-2.375568505295317734e-04 -1.722226761890479566e-04 -4.391235016563143793e-05 3.232875196018055754e-05 4.376659894033894227e-05 9.078704487358772528e-05 2.296236521433402046e-04 3.452499707882049785e-04 2.469945275007807408e-04 -8.616242282388060991e-05 -4.072946204437099117e-04 -4.271155271601389928e-04 -1.558055906742799581e-04 5.889651474726126092e-05 -6.578766637615308206e-05 -3.169727954264751207e-04 -1.149003071930458772e-04 7.623787659616097561e-04 1.620164864943795515e-03 1.293495161190742803e-03 -5.671949779538994251e-04 -2.693061993886139253e-03 -3.050096811949322417e-03 -8.394727468835907428e-04 2.383221106492105536e-03 3.903743905697245383e-03 2.383221106490018663e-03 -8.394727468828128277e-04 -3.050096811949944749e-03 -2.693061993886700003e-03 -5.671949779512748969e-04 1.293495161190566728e-03 1.620164864940186423e-03 7.623787659630660565e-04 -1.149003071913702020e-04 -3.169727954278566654e-04 -6.578766637663673110e-05 5.889651474996784289e-05 -1.558055906763681857e-04 -4.271155271612259055e-04 -4.072946204404178944e-04 -8.616242282510401009e-05 2.469945274982988394e-04 3.452499707904029273e-04 2.296236521457837524e-04 9.078704486964454974e-05 4.376659894107268287e-05 3.232875196076820189e-05 -4.391235016642245151e-05 -1.722226761880340921e-04 2.337083521985233627e-04 2.281842323224243557e-04 1.739737886338237277e-04 2.095316958795998170e-05 -1.895622714302476887e-04 -3.272641825861468475e-04 -3.015821346193586837e-04 -1.675903743931995884e-04 -6.414697088603082411e-05 -3.651093363469171458e-05 3.800313616108908562e-05 2.909820453258914912e-04 6.245355604760383659e-04 7.042456670781953526e-04 2.830348767138208318e-04 -4.535556019362299899e-04 -9.628811992937780532e-04 -8.783442385761526267e-04 -4.475278753403117630e-04 -2.625010057055396644e-04 -4.028629755442125022e-04 5.307312982428156551e-05 2.327177332780191576e-03 6.482107697729722930e-03 1.073153686243448479e-02 2.254554540229167930e-02 1.073153686243822659e-02 6.482107697727821673e-03 2.327177332779722767e-03 5.307312982669081181e-05 -4.028629755467701351e-04 -2.625010057064654646e-04 -4.475278753369490016e-04 -8.783442385761858033e-04 -9.628811992960041371e-04 -4.535556019346825081e-04 2.830348767132366637e-04 7.042456670760948194e-04 6.245355604780902185e-04 2.909820453270389024e-04 3.800313615842860934e-05 -3.651093363340114130e-05 -6.414697088606489516e-05 -1.675903743946865175e-04 -3.015821346180270124e-04 -3.272641825849837696e-04 -1.895622714326161283e-04 2.095316958946327884e-05 1.739737886353513957e-04 2.281842323198444154e-04
-1.722226761878117764e-04 -2.375568505304220389e-04 -1.722226761879993163e-04 -4.391235016572498425e-05 3.232875196148946061e-05 4.376659893986234055e-05 9.078704487097424239e-05 2.296236521450303674e-04 3.452499707885512185e-04 2.469945274984257453e-04 -8.616242282329825781e-05 -4.072946204416542102e-04 -4.271155271605444844e-04 -1.558055906772351138e-04 5.889651475030864151e-05 -6.578766637310782921e-05 -3.169727954303054986e-04 -1.149003071916374850e-04 7.623787659601816450e-04 1.620164864945002666e-03 1.293495161189301247e-03 -5.671949779547361039e-04 -2.693061993883561888e-03 -3.050096811947608077e-03 -8.394727468846355884e-04 2.383221106487439997e-03 3.903743905700649778e-03 2.383221106491765964e-03 -8.394727468840866569e-04 -3.050096811952594106e-03 -2.693061993883024124e-03 -5.671949779533723944e-04 1.293495161189745120e-03 1.620164864942847489e-03 7.623787659611330324e-04 -1.149003071914962812e-04 -3.169727954277248264e-04 -6.578766637521726651e-05 5.889651474790176013e-05 -1.558055906772647938e-04 -4.271155271586977629e-04 -4.072946204409102849e-04 -8.616242282709433422e-05 2.469945275011531101e-04 3.452499707910077495e-04 2.296236521430164619e-04 9.078704486933837105e-05 4.376659894201799874e-05 3.232875196219933521e-05 -4.391235016763587025e-05 2.281842323247192865e-04 2.337083521956052326e-04 2.281842323249648583e-04 1.739737886304923810e-04 2.095316959020748537e-05 -1.895622714336054628e-04 -3.272641825821252163e-04 -3.015821346204179492e-04 -1.675903743919135078e-04 -6.414697088546500610e-05 -3.651093363542383565e-05 3.800313615856033313e-05 2.909820453285650796e-04 6.245355604761437503e-04 7.042456670765942029e-04 2.830348767117395973e-04 -4.535556019353675070e-04 -9.628811992934337106e-04 -8.783442385760635053e-04 -4.475278753382007130e-04 -2.625010057054037596e-04 -4.028629755466234426e-04 5.307312982423155668e-05 2.327177332781306136e-03 6.482107697726704511e-03 1.073153686243822832e-02 2.254554540229078766e-02 1.073153686243686830e-02 6.482107697729628387e-03 2.327177332778662417e-03 5.307312982736725232e-05 -4.028629755480161545e-04 -2.625010057049012319e-04 -4.475278753370781301e-04 -8.783442385765242912e-04 -9.628811992961319646e-04 -4.535556019343164815e-04 2.830348767135076600e-04 7.042456670764135748e-04 6.245355604778224205e-04 2.909820453269861018e-04 3.800313616053035558e-05 -3.651093363766278767e-05 -6.414697088482978560e-05 -1.675903743928648681e-04 -3.015821346209483951e-04 -3.272641825811835325e-04 -1.895622714345781819e-04 2.095316959085532666e-05 1.739737886310155357e-04
-4.391235016484346012e-05 -1.722226761890671741e-04 -2.375568505310319569e-04 -1.722226761855350603e-04 -4.391235016776789219e-05 3.232875196206011687e-05 4.376659893985746842e-05 9.078704487061946434e-05 2.296236521464063826e-04 3.452499707873635834e-04 2.469945274980298489e-04 -8.616242282283564230e-05 -4.072946204413044466e-04 -4.271155271585160506e-04 -1.558055906775486108e-04 5.889651474728892840e-05 -6.578766637239985874e-05 -3.169727954293930340e-04 -1.149003071921092349e-04 7.623787659591264995e-04 1.620164864944593922e-03 1.293495161190589713e-03 -5.671949779534322424e-04 -2.693061993887740837e-03 -3.050096811948228674e-03 -8.394727468790253843e-04 2.383221106488000313e-03 3.903743905694400437e-03 2.383221106492842793e-03 -8.394727468803946232e-04 -3.050096811952060678e-03 -2.693061993885737231e-03 -5.671949779516554518e-04 1.293495161189992535e-03 1.620164864943318250e-03 7.623787659601441316e-04 -1.149003071914790830e-04 -3.169727954281771555e-04 -6.578766637533820926e-05 5.889651474907591720e-05 -1.558055906761153769e-04 -4.271155271606736671e-04 -4.072946204398693966e-04 -8.616242282554576826e-05 2.469945274979514068e-04 3.452499707907400058e-04 2.296236521451862215e-04 9.078704486936329415e-05 4.376659893918051291e-05 3.232875196228733177e-05 1.739737886293135822e-04 2.281842323240892837e-04 2.337083521951029759e-04 2.281842323252450703e-04 1.739737886312998406e-04 2.095316958994158140e-05 -1.895622714348942268e-04 -3.272641825817366925e-04 -3.015821346179414688e-04 -1.675903743939890773e-04 -6.414697088741574331e-05 -3.651093363270744842e-05 3.800313615898054956e-05 2.909820453254612256e-04 6.245355604757121294e-04 7.042456670779077138e-04 2.830348767138051651e-04 -4.535556019358129515e-04 -9.628811992933360240e-04 -8.783442385762006569e-04 -4.475278753379515633e-04 -2.625010057044045589e-04 -4.028629755471987745e-04 5.307312982362395623e-05 2.327177332781928901e-03 6.482107697727821673e-03 1.073153686243686830e-02 2.254554540229072521e-02 1.073153686243583788e-02 6.482107697730721263e-03 2.327177332778084320e-03 5.307312982655027888e-05 -4.028629755470263863e-04 -2.625010057072033184e-04 -4.475278753375060647e-04 -8.783442385751980951e-04 -9.628811992944611006e-04 -4.535556019349411445e-04 2.830348767130859053e-04 7.042456670754199035e-04 6.245355604779745341e-04 2.909820453255609180e-04 3.800313616148355225e-05 -3.651093363628291001e-05 -6.414697088677321800e-05 -1.675903743902662252e-04 -3.015821346221394996e-04 -3.272641825808590308e-04 -1.895622714342465244e-04 2.095316959248280899e-05
3.232875195988499047e-05 -4.391235016479158105e-05 -1.722226761870645985e-04 -2.375568505312244570e-04 -1.722226761875962913e-04 -4.391235016843621474e-05 3.232875196231197704e-05 4.376659894012730601e-05 9.078704486945966617e-05 2.296236521473315865e-04 3.452499707902971092e-04 2.469945274969088922e-04 -8.616242282515403246e-05 -4.072946204403951262e-04 -4.271155271579650590e-04 -1.558055906781543546e-04 5.889651474764826688e-05 -6.578766637371944120e-05 -3.169727954286492714e-04 -1.149003071926537890e-04 7.623787659599073419e-04 1.620164864945408808e-03 1.293495161189114765e-03 -5.671949779518694734e-04 -2.693061993883426580e-03 -3.050096811953709099e-03 -8.394727468830959129e-04 2.383221106492916085e-03 3.903743905697185969e-03 2.383221106491063401e-03 -8.394727468858925040e-04 -3.050096811948275078e-03 -2.693061993884180751e-03 -5.671949779518816164e-04 1.293495161188133779e-03 1.620164864943733716e-03 7.623787659612686661e-04 -1.149003071922476740e-04 -3.169727954286617939e-04 -6.578766637439209379e-05 5.889651474635379047e-05 -1.558055906747196021e-04 -4.271155271567661483e-04 -4.072946204433841090e-04 -8.616242282571426683e-05 2.469945274992341264e-04 3.452499707901675471e-04 2.296236521433120425e-04 9.078704487103441561e-05 4.376659894137908518e-05 2.095316958956907664e-05 1.739737886322366997e-04 2.281842323214441014e-04 2.337083521988145523e-04 2.281842323216748468e-04 1.739737886343902776e-04 2.095316958998927613e-05 -1.895622714316292604e-04 -3.272641825855300991e-04 -3.015821346198486346e-04 -1.675903743921985717e-04 -6.414697088694780165e-05 -3.651093363522498619e-05 3.800313616065829821e-05 2.909820453268198936e-04 6.245355604767065597e-04 7.042456670753064960e-04 2.830348767140177771e-04 -4.535556019336750675e-04 -9.628811992934814155e-04 -8.783442385770573934e-04 -4.475278753386367249e-04 -2.625010057060479926e-04 -4.028629755475147110e-04 5.307312982624157942e-05 2.327177332779721899e-03 6.482107697729628387e-03 1.073153686243583961e-02 2.254554540229327525e-02 1.073153686243472418e-02 6.482107697728529440e-03 2.327177332781046794e-03 5.307312982450947835e-05 -4.028629755461603256e-04 -2.625010057074138705e-04 -4.475278753370211010e-04 -8.783442385765139913e-04 -9.628811992936249639e-04 -4.535556019344463147e-04 2.830348767139109290e-04 7.042456670751273858e-04 6.245355604768592153e-04 2.909820453263872969e-04 3.800313615880623018e-05 -3.651093363498146083e-05 -6.414697088455494035e-05 -1.675903743919062978e-04 -3.015821346205297846e-04 -3.272641825827809418e-04 -1.895622714333998710e-04
4.376659893961129354e-05 3.232875196235336646e-05 -4.391235016505255529e-05 -1.722226761905672763e-04 -2.375568505272291177e-04 -1.722226761899890170e-04 -4.391235016539038591e-05 3.232875196137648675e-05 4.376659893941747207e-05 9.078704487146483032e-05 2.296236521454149339e-04 3.452499707893690322e-04 2.469945274989270804e-04 -8.616242282458382344e-05 -4.072946204403127810e-04 -4.271155271613894032e-04 -1.558055906782274027e-04 5.889651475118872908e-05 -6.578766637489651885e-05 -3.169727954286936152e-04 -1.149003071927535627e-04 7.623787659599856213e-04 1.620164864944506318e-03 1.293495161191956675e-03 -5.671949779551804099e-04 -2.693061993884875507e-03 -3.050096811950649914e-03 -8.394727468805313411e-04 2.383221106490677858e-03 3.903743905693498814e-03 2.383221106493124686e-03 -8.394727468809926691e-04 -3.050096811951630467e-03 -2.693061993886628879e-03 -5.671949779512099532e-04 1.293495161190097702e-03 1.620164864942255948e-03 7.623787659603758256e-04 -1.149003071902051184e-04 -3.169727954288527219e-04 -6.578766637542868593e-05 5.889651474853509005e-05 -1.558055906773718046e-04 -4.271155271576764444e-04 -4.072946204416117637e-04 -8.616242282495642306e-05 2.469945274967025686e-04 3.452499707911677236e-04 2.296236521450696155e-04 9.078704486985714824e-05 -1.895622714306641849e-04 2.095316958700228221e-05 1.739737886366526009e-04 2.281842323178060611e-04 2.337083522003895457e-04 2.281842323201455525e-04 1.739737886362040394e-04 2.095316958648393193e-05 -1.895622714321837485e-04 -3.272641825824654390e-04 -3.015821346197693795e-04 -1.675903743947455523e-04 -6.414697088597791504e-05 -3.651093363442119258e-05 3.800313616062749332e-05 2.909820453259738364e-04 6.245355604773254223e-04 7.042456670766485214e-04 2.830348767140424969e-04 -4.535556019360422603e-04 -9.628811992944503670e-04 -8.783442385756563874e-04 -4.475278753371322317e-04 -2.625010057062659172e-04 -4.028629755482149972e-04 5.307312982669064918e-05 2.327177332778662417e-03 6.482107697730721263e-03 1.073153686243472245e-02 2.254554540229222748e-02 1.073153686243737311e-02 6.482107697727309062e-03 2.327177332780070145e-03 5.307312982458464745e-05 -4.028629755433450863e-04 -2.625010057081253781e-04 -4.475278753374146122e-04 -8.783442385763347727e-04 -9.628811992942681126e-04 -4.535556019345313161e-04 2.830348767130281716e-04 7.042456670769551338e-04 6.245355604754476925e-04 2.909820453285598754e-04 3.800313615934686759e-05 -3.651093363731248195e-05 -6.414697088307158915e-05 -1.675903743931667371e-04 -3.015821346184023089e-04 -3.272641825857780561e-04
9.078704487082646564e-05 4.376659893873111789e-05 3.232875196130226633e-05 -4.391235016453768123e-05 -1.722226761902361880e-04 -2.375568505270908820e-04 -1.722226761892081746e-04 -4.391235016753988448e-05 3.232875196360730048e-05 4.376659893879971400e-05 9.078704486858352239e-05 2.296236521468250473e-04 3.452499707913415754e-04 2.469945274939833895e-04 -8.616242282352579119e-05 -4.072946204393581410e-04 -4.271155271594799605e-04 -1.558055906788108661e-04 5.889651474943890808e-05 -6.578766637334892866e-05 -3.169727954290081423e-04 -1.149003071922472132e-04 7.623787659616686283e-04 1.620164864942517024e-03 1.293495161190159502e-03 -5.671949779537081718e-04 -2.693061993882825064e-03 -3.050096811952428440e-03 -8.394727468850538736e-04 2.383221106496090196e-03 3.903743905697000787e-03 2.383221106487603928e-03 -8.394727468838328452e-04 -3.050096811948903482e-03 -2.693061993884554584e-03 -5.671949779530216550e-04 1.293495161189430051e-03 1.620164864944589151e-03 7.623787659595730824e-04 -1.149003071930136357e-04 -3.169727954242937602e-04 -6.578766637654123999e-05 5.889651474606294646e-05 -1.558055906749046212e-04 -4.271155271580614988e-04 -4.072946204428331174e-04 -8.616242282257143578e-05 2.469945274985441402e-04 3.452499707884925089e-04 2.296236521454517968e-04 -3.272641825850645969e-04 -1.895622714285135073e-04 2.095316958573591374e-05 1.739737886350285474e-04 2.281842323199030165e-04 2.337083522004498003e-04 2.281842323187692934e-04 1.739737886350682563e-04 2.095316959008436744e-05 -1.895622714341758616e-04 -3.272641825825912607e-04 -3.015821346174053850e-04 -1.675903743935269904e-04 -6.414697088678462922e-05 -3.651093363451183188e-05 3.800313616029311859e-05 2.909820453263316773e-04 6.245355604780540061e-04 7.042456670732389224e-04 2.830348767150817047e-04 -4.535556019340380583e-04 -9.628811992968481885e-04 -8.783442385752965407e-04 -4.475278753372626071e-04 -2.625010057061385235e-04 -4.028629755467703520e-04 5.307312982736715745e-05 2.327177332778083019e-03 6.482107697728529440e-03 1.073153686243737311e-02 2.254554540228997928e-02 1.073153686243739566e-02 6.482107697730763764e-03 2.327177332780083156e-03 5.307312982306515843e-05 -4.028629755446012971e-04 -2.625010057062584362e-04 -4.475278753388305802e-04 -8.783442385758466649e-04 -9.628811992948590028e-04 -4.535556019342792391e-04 2.830348767131380555e-04 7.042456670765263318e-04 6.245355604759079363e-04 2.909820453279536980e-04 3.800313615959586817e-05 -3.651093363918491943e-05 -6.414697088347048068e-05 -1.675903743934405794e-04 -3.015821346183940690e-04
2.296236521445243432e-04 9.078704487084295906e-05 4.376659893761857060e-05 3.232875196384967387e-05 -4.391235016494619505e-05 -1.722226761895724123e-04 -2.375568505305861600e-04 -1.722226761857723921e-04 -4.391235016675440711e-05 3.232875196159178219e-05 4.376659893937121052e-05 9.078704487065619169e-05 2.296236521416088151e-04 3.452499707934476923e-04 2.469945274990139250e-04 -8.616242282644703842e-05 -4.072946204399127104e-04 -4.271155271602417210e-04 -1.558055906760301857e-04 5.889651474791507548e-05 -6.578766637266298106e-05 -3.169727954302068904e-04 -1.149003071918608713e-04 7.623787659607962792e-04 1.620164864942948754e-03 1.293495161191895526e-03 -5.671949779538406613e-04 -2.693061993886728626e-03 -3.050096811949570049e-03 -8.394727468817789326e-04 2.383221106490088052e-03 3.903743905696381491e-03 2.383221106492869681e-03 -8.394727468831736502e-04 -3.050096811951468270e-03 -2.693061993884440525e-03 -5.671949779513793055e-04 1.293495161188908333e-03 1.620164864942349190e-03 7.623787659629734656e-04 -1.149003071946442487e-04 -3.169727954268736192e-04 -6.578766637433700276e-05 5.889651474571991167e-05 -1.558055906755294198e-04 -4.271155271571075093e-04 -4.072946204425471049e-04 -8.616242282423395139e-05 2.469945274990577810e-04 3.452499707887755399e-04 -3.015821346176024930e-04 -3.272641825856185700e-04 -1.895622714312468081e-04 2.095316958954073153e-05 1.739737886320127849e-04 2.281842323213638163e-04 2.337083521982953008e-04 2.281842323208094095e-04 1.739737886332147856e-04 2.095316959053683211e-05 -1.895622714338163130e-04 -3.272641825819499551e-04 -3.015821346181964189e-04 -1.675903743934106826e-04 -6.414697088847597106e-05 -3.651093363305449476e-05 3.800313615896615678e-05 2.909820453246185837e-04 6.245355604796160162e-04 7.042456670755599824e-04 2.830348767120475649e-04 -4.535556019338063101e-04 -9.628811992946013964e-04 -8.783442385771173498e-04 -4.475278753358338454e-04 -2.625010057064654646e-04 -4.028629755480163713e-04 5.307312982654912014e-05 2.327177332781047228e-03 6.482107697727309062e-03 1.073153686243739739e-02 2.254554540229184931e-02 1.073153686243457500e-02 6.482107697729581550e-03 2.327177332780559771e-03 5.307312982367191185e-05 -4.028629755462352440e-04 -2.625010057045128165e-04 -4.475278753392862162e-04 -8.783442385760304371e-04 -9.628811992932379037e-04 -4.535556019351295789e-04 2.830348767130470909e-04 7.042456670786359724e-04 6.245355604750377557e-04 2.909820453253371929e-04 3.800313616154497908e-05 -3.651093363699832082e-05 -6.414697088736370160e-05 -1.675903743901916050e-04
3.452499707882875405e-04 2.296236521453548691e-04 9.078704487199813582e-05 4.376659893745396161e-05 3.232875196056345031e-05 -4.391235016564543769e-05 -1.722226761846074169e-04 -2.375568505317578302e-04 -1.722226761898603222e-04 -4.391235016486435134e-05 3.232875196422290370e-05 4.376659893580975546e-05 9.078704487250632848e-05 2.296236521456538108e-04 3.452499707877400184e-04 2.469945275002762616e-04 -8.616242282535484026e-05 -4.072946204404900481e-04 -4.271155271596953373e-04 -1.558055906769101242e-04 5.889651474803590982e-05 -6.578766637139937053e-05 -3.169727954307802165e-04 -1.149003071929523241e-04 7.623787659636316848e-04 1.620164864942336179e-03 1.293495161186672925e-03 -5.671949779496346074e-04 -2.693061993882962107e-03 -3.050096811956290802e-03 -8.394727468805238601e-04 2.383221106494629992e-03 3.903743905694199642e-03 2.383221106489333881e-03 -8.394727468814413120e-04 -3.050096811949357112e-03 -2.693061993885012117e-03 -5.671949779545597042e-04 1.293495161191064594e-03 1.620164864943151066e-03 7.623787659612625946e-04 -1.149003071937898974e-04 -3.169727954273429704e-04 -6.578766637383046351e-05 5.889651474585849982e-05 -1.558055906750677936e-04 -4.271155271585954142e-04 -4.072946204424406362e-04 -8.616242282438389655e-05 2.469945274998169393e-04 -1.675903743921221625e-04 -3.015821346180650136e-04 -3.272641825838222096e-04 -1.895622714327540117e-04 2.095316959162768180e-05 1.739737886304213929e-04 2.281842323227137022e-04 2.337083521986456607e-04 2.281842323202257293e-04 1.739737886329121035e-04 2.095316959121689115e-05 -1.895622714345731132e-04 -3.272641825835412928e-04 -3.015821346172812439e-04 -1.675903743922268422e-04 -6.414697088983927398e-05 -3.651093363396257506e-05 3.800313616141953011e-05 2.909820453247895082e-04 6.245355604779012420e-04 7.042456670754536222e-04 2.830348767126716317e-04 -4.535556019354457864e-04 -9.628811992924634581e-04 -8.783442385779804832e-04 -4.475278753369492184e-04 -2.625010057049013404e-04 -4.028629755470263863e-04 5.307312982450949191e-05 2.327177332780070145e-03 6.482107697730763764e-03 1.073153686243457326e-02 2.254554540229180420e-02 1.073153686243576502e-02 6.482107697730232071e-03 2.327177332780235811e-03 5.307312982490443288e-05 -4.028629755486102431e-04 -2.625010057040929592e-04 -4.475278753364692963e-04 -8.783442385784823603e-04 -9.628811992932187133e-04 -4.535556019326823719e-04 2.830348767106566420e-04 7.042456670766458109e-04 6.245355604781081078e-04 2.909820453268570817e-04 3.800313615861571553e-05 -3.651093363495436255e-05 -6.414697088745894876e-05
2.469945274978574065e-04 3.452499707918312011e-04 2.296236521445739996e-04 9.078704486912506783e-05 4.376659894025740349e-05 3.232875196164668348e-05 -4.391235016635501413e-05 -1.722226761881376876e-04 -2.375568505314773742e-04 -1.722226761879483859e-04 -4.391235016516933064e-05 3.232875196427977688e-05 4.376659893703081783e-05 9.078704487174775288e-05 2.296236521426076906e-04 3.452499707901058017e-04 2.469945275004493002e-04 -8.616242282496197960e-05 -4.072946204429150289e-04 -4.271155271596779358e-04 -1.558055906747315283e-04 5.889651474744704573e-05 -6.578766637436073324e-05 -3.169727954288667623e-04 -1.149003071917721564e-04 7.623787659601509621e-04 1.620164864944437146e-03 1.293495161187893303e-03 -5.671949779515138550e-04 -2.693061993881644151e-03 -3.050096811954180510e-03 -8.394727468834555428e-04 2.383221106492203548e-03 3.903743905698935004e-03 2.383221106490760258e-03 -8.394727468837366764e-04 -3.050096811952249763e-03 -2.693061993884473485e-03 -5.671949779520314532e-04 1.293495161190233878e-03 1.620164864943661508e-03 7.623787659627209549e-04 -1.149003071930533582e-04 -3.169727954296401237e-04 -6.578766637423604999e-05 5.889651474759531038e-05 -1.558055906751179380e-04 -4.271155271601547680e-04 -4.072946204419791456e-04 -8.616242282370202826e-05 -6.414697088522264626e-05 -1.675903743941352820e-04 -3.015821346178371685e-04 -3.272641825849100438e-04 -1.895622714325933059e-04 2.095316959048638961e-05 1.739737886340903331e-04 2.281842323215560724e-04 2.337083521993674412e-04 2.281842323209776506e-04 1.739737886318325362e-04 2.095316958864498064e-05 -1.895622714315134405e-04 -3.272641825834649108e-04 -3.015821346192383914e-04 -1.675903743912304875e-04 -6.414697088668542472e-05 -3.651093363585939354e-05 3.800313615976829698e-05 2.909820453267203638e-04 6.245355604781741357e-04 7.042456670754025563e-04 2.830348767134767060e-04 -4.535556019353848001e-04 -9.628811992935320477e-04 -8.783442385761866707e-04 -4.475278753370778590e-04 -2.625010057072034268e-04 -4.028629755461620061e-04 5.307312982458483718e-05 2.327177332780084457e-03 6.482107697729586754e-03 1.073153686243576155e-02 2.254554540229153012e-02 1.073153686243451428e-02 6.482107697730759427e-03 2.327177332780582322e-03 5.307312982640152634e-05 -4.028629755474033092e-04 -2.625010057076122795e-04 -4.475278753372411399e-04 -8.783442385775482118e-04 -9.628811992951423048e-04 -4.535556019334787727e-04 2.830348767143967600e-04 7.042456670761516315e-04 6.245355604775184102e-04 2.909820453256246149e-04 3.800313616017807119e-05 -3.651093363625990460e-05
-8.616242282314262059e-05 2.469945274998048505e-04 3.452499707888715460e-04 2.296236521438205062e-04 9.078704487031363801e-05 4.376659894266823544e-05 3.232875195811124250e-05 -4.391235016540497520e-05 -1.722226761861783445e-04 -2.375568505327795281e-04 -1.722226761885519884e-04 -4.391235016269704475e-05 3.232875196272530201e-05 4.376659893572805405e-05 9.078704487041288317e-05 2.296236521459155643e-04 3.452499707919112152e-04 2.469945274945021803e-04 -8.616242282074540893e-05 -4.072946204422419020e-04 -4.271155271590300166e-04 -1.558055906796068060e-04 5.889651475046953034e-05 -6.578766637302641918e-05 -3.169727954328917545e-04 -1.149003071896950284e-04 7.623787659623903817e-04 1.620164864943147813e-03 1.293495161186745349e-03 -5.671949779485921470e-04 -2.693061993884640452e-03 -3.050096811956216208e-03 -8.394727468797122264e-04 2.383221106492086020e-03 3.903743905697004690e-03 2.383221106488320369e-03 -8.394727468828880714e-04 -3.050096811948860114e-03 -2.693061993886256347e-03 -5.671949779522933964e-04 1.293495161191944749e-03 1.620164864943051753e-03 7.623787659592289566e-04 -1.149003071918060242e-04 -3.169727954266084776e-04 -6.578766637510315423e-05 5.889651474605614310e-05 -1.558055906751780028e-04 -4.271155271597051493e-04 -4.072946204419273749e-04 -3.651093363866926610e-05 -6.414697088337765942e-05 -1.675903743956009607e-04 -3.015821346176462405e-04 -3.272641825852207762e-04 -1.895622714287309169e-04 2.095316958685943518e-05 1.739737886345858677e-04 2.281842323216313161e-04 2.337083521982845672e-04 2.281842323187344905e-04 1.739737886370579028e-04 2.095316958800071382e-05 -1.895622714336229727e-04 -3.272641825831581358e-04 -3.015821346184087057e-04 -1.675903743904664232e-04 -6.414697088915175427e-05 -3.651093363532060605e-05 3.800313615961160943e-05 2.909820453266309713e-04 6.245355604781182993e-04 7.042456670762694843e-04 2.830348767141273899e-04 -4.535556019343382197e-04 -9.628811992960043540e-04 -8.783442385765245081e-04 -4.475278753375069862e-04 -2.625010057074138705e-04 -4.028629755433447068e-04 5.307312982306517876e-05 2.327177332780560205e-03 6.482107697730230336e-03 1.073153686243451428e-02 2.254554540229331688e-02 1.073153686243633227e-02 6.482107697729875585e-03 2.327177332780478673e-03 5.307312982370760243e-05 -4.028629755473793483e-04 -2.625010057046447097e-04 -4.475278753379465218e-04 -8.783442385789130055e-04 -9.628811992933709353e-04 -4.535556019331101439e-04 2.830348767137245004e-04 7.042456670737749520e-04 6.245355604802211094e-04 2.909820453247013083e-04 3.800313616144416183e-05
-4.072946204417439821e-04 -8.616242282310125828e-05 2.469945274984801722e-04 3.452499707879619546e-04 2.296236521471046901e-04 9.078704486859016313e-05 4.376659894099809654e-05 3.232875196032616589e-05 -4.391235016527923486e-05 -1.722226761888719906e-04 -2.375568505286467934e-04 -1.722226761885291659e-04 -4.391235016566851765e-05 3.232875196039467392e-05 4.376659894127605887e-05 9.078704487090826869e-05 2.296236521428491695e-04 3.452499707927123864e-04 2.469945274961451260e-04 -8.616242282221606142e-05 -4.072946204443919833e-04 -4.271155271574149891e-04 -1.558055906772364690e-04 5.889651474690573747e-05 -6.578766637356883197e-05 -3.169727954295757221e-04 -1.149003071896623803e-04 7.623787659606873169e-04 1.620164864943709213e-03 1.293495161186800427e-03 -5.671949779502885982e-04 -2.693061993883296909e-03 -3.050096811952707730e-03 -8.394727468831283306e-04 2.383221106490291015e-03 3.903743905697942308e-03 2.383221106491028706e-03 -8.394727468835402190e-04 -3.050096811948070814e-03 -2.693061993885572866e-03 -5.671949779539374806e-04 1.293495161189574033e-03 1.620164864944148965e-03 7.623787659608064708e-04 -1.149003071917865628e-04 -3.169727954295244393e-04 -6.578766637542810317e-05 5.889651474754071403e-05 -1.558055906742882523e-04 -4.271155271597804472e-04 3.800313616054890899e-05 -3.651093363771583226e-05 -6.414697088486748873e-05 -1.675903743935694911e-04 -3.015821346177043538e-04 -3.272641825847847101e-04 -1.895622714298073400e-04 2.095316958696926825e-05 1.739737886341024490e-04 2.281842323204364168e-04 2.337083522004814319e-04 2.281842323189825830e-04 1.739737886349185009e-04 2.095316958827545743e-05 -1.895622714329224967e-04 -3.272641825832021544e-04 -3.015821346196054481e-04 -1.675903743916950140e-04 -6.414697088708500743e-05 -3.651093363584029803e-05 3.800313616033496202e-05 2.909820453269021303e-04 6.245355604785732305e-04 7.042456670765752293e-04 2.830348767124038338e-04 -4.535556019346824539e-04 -9.628811992961328319e-04 -8.783442385751983120e-04 -4.475278753370208842e-04 -2.625010057081249445e-04 -4.028629755446011887e-04 5.307312982367085475e-05 2.327177332780235811e-03 6.482107697730758560e-03 1.073153686243633227e-02 2.254554540229193604e-02 1.073153686243519429e-02 6.482107697728359437e-03 2.327177332779655546e-03 5.307312982563225102e-05 -4.028629755454252366e-04 -2.625010057077488889e-04 -4.475278753363648877e-04 -8.783442385765369764e-04 -9.628811992936598752e-04 -4.535556019348715930e-04 2.830348767149402163e-04 7.042456670752969550e-04 6.245355604774918473e-04 2.909820453255080631e-04
-4.271155271584345728e-04 -4.072946204437385889e-04 -8.616242282428127682e-05 2.469945275007934802e-04 3.452499707873080722e-04 2.296236521452286951e-04 9.078704487089737246e-05 4.376659894095710692e-05 3.232875195833048850e-05 -4.391235016237758458e-05 -1.722226761876476824e-04 -2.375568505318185184e-04 -1.722226761897075581e-04 -4.391235016387149998e-05 3.232875196083561216e-05 4.376659893941181389e-05 9.078704486920612549e-05 2.296236521460864345e-04 3.452499707905813328e-04 2.469945274958328216e-04 -8.616242282179308704e-05 -4.072946204408027320e-04 -4.271155271607049463e-04 -1.558055906778638968e-04 5.889651475134646694e-05 -6.578766637502450891e-05 -3.169727954316224790e-04 -1.149003071903836052e-04 7.623787659641399587e-04 1.620164864938553398e-03 1.293495161190921262e-03 -5.671949779506033421e-04 -2.693061993885871672e-03 -3.050096811951765342e-03 -8.394727468830903835e-04 2.383221106492607738e-03 3.903743905696804330e-03 2.383221106491040849e-03 -8.394727468842296631e-04 -3.050096811948580389e-03 -2.693061993887477593e-03 -5.671949779523115026e-04 1.293495161191996357e-03 1.620164864944164578e-03 7.623787659583405613e-04 -1.149003071911099529e-04 -3.169727954279985874e-04 -6.578766637524109185e-05 5.889651474736077712e-05 -1.558055906749739560e-04 2.909820453288407922e-04 3.800313615774572460e-05 -3.651093363347536849e-05 -6.414697088806543791e-05 -1.675903743899399075e-04 -3.015821346214426287e-04 -3.272641825820925277e-04 -1.895622714317117140e-04 2.095316958561032925e-05 1.739737886355614057e-04 2.281842323212631481e-04 2.337083521981253521e-04 2.281842323203700095e-04 1.739737886359896384e-04 2.095316959015821516e-05 -1.895622714347651526e-04 -3.272641825825674624e-04 -3.015821346179307894e-04 -1.675903743925338070e-04 -6.414697088821970632e-05 -3.651093363497387819e-05 3.800313615998377538e-05 2.909820453265690634e-04 6.245355604765708175e-04 7.042456670765647126e-04 2.830348767132371515e-04 -4.535556019343168067e-04 -9.628811992944606669e-04 -8.783442385765139913e-04 -4.475278753374142869e-04 -2.625010057062579483e-04 -4.028629755462352982e-04 5.307312982490432446e-05 2.327177332780581455e-03 6.482107697729875585e-03 1.073153686243519429e-02 2.254554540229133930e-02 1.073153686243518042e-02 6.482107697730712589e-03 2.327177332782739017e-03 5.307312982095050341e-05 -4.028629755444593208e-04 -2.625010057066211018e-04 -4.475278753384234623e-04 -8.783442385770831974e-04 -9.628811992935773674e-04 -4.535556019325178443e-04 2.830348767102802070e-04 7.042456670787775692e-04 6.245355604745229765e-04
-1.558055906750398212e-04 -4.271155271618949666e-04 -4.072946204422848906e-04 -8.616242281768759289e-05 2.469945274943384657e-04 3.452499707900862861e-04 2.296236521444180642e-04 9.078704487106202211e-05 4.376659894066877690e-05 3.232875196026593168e-05 -4.391235016528457455e-05 -1.722226761893413418e-04 -2.375568505304504721e-04 -1.722226761869412434e-04 -4.391235016280774179e-05 3.232875195815623689e-05 4.376659894242282628e-05 9.078704486775482601e-05 2.296236521457584363e-04 3.452499707903795628e-04 2.469945274977483900e-04 -8.616242282368592785e-05 -4.072946204426971585e-04 -4.271155271578230828e-04 -1.558055906769802179e-04 5.889651474805019418e-05 -6.578766637462374713e-05 -3.169727954272791651e-04 -1.149003071951394580e-04 7.623787659641255389e-04 1.620164864940625308e-03 1.293495161191449269e-03 -5.671949779509526720e-04 -2.693061993887892625e-03 -3.050096811949150246e-03 -8.394727468839070046e-04 2.383221106493263897e-03 3.903743905695704515e-03 2.383221106491372615e-03 -8.394727468836287983e-04 -3.050096811949368821e-03 -2.693061993887642391e-03 -5.671949779508740673e-04 1.293495161190182270e-03 1.620164864943382001e-03 7.623787659598538907e-04 -1.149003071918929908e-04 -3.169727954271470550e-04 -6.578766637506126337e-05 5.889651474707004831e-05 6.245355604727404397e-04 2.909820453312927696e-04 3.800313615449988079e-05 -3.651093362973289910e-05 -6.414697089252482920e-05 -1.675903743881912249e-04 -3.015821346229158968e-04 -3.272641825822942977e-04 -1.895622714306561889e-04 2.095316958854791405e-05 1.739737886341166521e-04 2.281842323206200807e-04 2.337083521981605616e-04 2.281842323209055240e-04 1.739737886338915446e-04 2.095316958841862972e-05 -1.895622714340900741e-04 -3.272641825821830585e-04 -3.015821346179321989e-04 -1.675903743929561579e-04 -6.414697088766074589e-05 -3.651093363290508492e-05 3.800313615822316658e-05 2.909820453253991008e-04 6.245355604783612690e-04 7.042456670760951446e-04 2.830348767135076058e-04 -4.535556019349408735e-04 -9.628811992936256144e-04 -8.783442385763346643e-04 -4.475278753388305802e-04 -2.625010057045122744e-04 -4.028629755486102973e-04 5.307312982640205489e-05 2.327177332780478673e-03 6.482107697728359437e-03 1.073153686243518042e-02 2.254554540229283810e-02 1.073153686243668962e-02 6.482107697726753083e-03 2.327177332783268108e-03 5.307312982337986844e-05 -4.028629755442996179e-04 -2.625010057072580164e-04 -4.475278753387747980e-04 -8.783442385745209025e-04 -9.628811992985659984e-04 -4.535556019287098010e-04 2.830348767088468375e-04 7.042456670804590584e-04
5.889651474771911272e-05 -1.558055906768922077e-04 -4.271155271566840742e-04 -4.072946204447135577e-04 -8.616242282092422097e-05 2.469945274972104089e-04 3.452499707895162126e-04 2.296236521444289605e-04 9.078704487366444614e-05 4.376659893781631553e-05 3.232875195788370234e-05 -4.391235016287742211e-05 -1.722226761877102409e-04 -2.375568505309332131e-04 -1.722226761886551231e-04 -4.391235016181952540e-05 3.232875195726468389e-05 4.376659894279796701e-05 9.078704486722340432e-05 2.296236521467742795e-04 3.452499707898498758e-04 2.469945274957825688e-04 -8.616242282101533461e-05 -4.072946204426361721e-04 -4.271155271600871137e-04 -1.558055906744561139e-04 5.889651474872992118e-05 -6.578766637863548491e-05 -3.169727954266864317e-04 -1.149003071914047610e-04 7.623787659620649042e-04 1.620164864941308572e-03 1.293495161188880794e-03 -5.671949779486819190e-04 -2.693061993887707010e-03 -3.050096811949498925e-03 -8.394727468829900948e-04 2.383221106491928160e-03 3.903743905696967827e-03 2.383221106489078443e-03 -8.394727468824211055e-04 -3.050096811947728640e-03 -2.693061993887438128e-03 -5.671949779536498417e-04 1.293495161192058590e-03 1.620164864943243656e-03 7.623787659612062161e-04 -1.149003071920745133e-04 -3.169727954279284938e-04 -6.578766637615266193e-05 7.042456670785315637e-04 6.245355604728756397e-04 2.909820453314650494e-04 3.800313615584408820e-05 -3.651093363188531146e-05 -6.414697089103356333e-05 -1.675903743904765062e-04 -3.015821346207393067e-04 -3.272641825814296464e-04 -1.895622714322781283e-04 2.095316958851377523e-05 1.739737886344061069e-04 2.281842323221080126e-04 2.337083521973566528e-04 2.281842323187988921e-04 1.739737886355773163e-04 2.095316958954158534e-05 -1.895622714346260494e-04 -3.272641825826869415e-04 -3.015821346173271598e-04 -1.675903743914407956e-04 -6.414697088827857850e-05 -3.651093363608622219e-05 3.800313616072626414e-05 2.909820453253249956e-04 6.245355604780906521e-04 7.042456670764140085e-04 2.830348767130857427e-04 -4.535556019344463689e-04 -9.628811992942674621e-04 -8.783442385758466649e-04 -4.475278753392854573e-04 -2.625010057040926882e-04 -4.028629755474031466e-04 5.307312982370708066e-05 2.327177332779655980e-03 6.482107697730712589e-03 1.073153686243668962e-02 2.254554540228959764e-02 1.073153686243618482e-02 6.482107697730193040e-03 2.327177332781196414e-03 5.307312982313716301e-05 -4.028629755451024696e-04 -2.625010057058203101e-04 -4.475278753416034273e-04 -8.783442385726324391e-04 -9.628811992982301126e-04 -4.535556019310836616e-04 2.830348767123638809e-04
-6.578766637471483367e-05 5.889651474808010461e-05 -1.558055906771179386e-04 -4.271155271602132607e-04 -4.072946204419591420e-04 -8.616242282206043775e-05 2.469945274965429198e-04 3.452499707905588356e-04 2.296236521438522191e-04 9.078704487211691017e-05 4.376659894034049404e-05 3.232875196038399452e-05 -4.391235016439172729e-05 -1.722226761892840146e-04 -2.375568505308897909e-04 -1.722226761879910222e-04 -4.391235016600064265e-05 3.232875196054085825e-05 4.376659894113558692e-05 9.078704486996905145e-05 2.296236521441441948e-04 3.452499707913692225e-04 2.469945274971762023e-04 -8.616242282358066538e-05 -4.072946204401200099e-04 -4.271155271604577482e-04 -1.558055906762723965e-04 5.889651474793760656e-05 -6.578766637489528557e-05 -3.169727954278510275e-04 -1.149003071921111187e-04 7.623787659605125435e-04 1.620164864943380916e-03 1.293495161189525027e-03 -5.671949779507236885e-04 -2.693061993886933323e-03 -3.050096811950365853e-03 -8.394727468818781371e-04 2.383221106490575510e-03 3.903743905695290783e-03 2.383221106492894401e-03 -8.394727468828892640e-04 -3.050096811951574522e-03 -2.693061993884473919e-03 -5.671949779541713430e-04 1.293495161192263071e-03 1.620164864943693817e-03 7.623787659598448918e-04 -1.149003071920069675e-04 -3.169727954274720446e-04 2.830348767147203401e-04 7.042456670757231548e-04 6.245355604780470672e-04 2.909820453262220645e-04 3.800313616128320524e-05 -3.651093363595331255e-05 -6.414697088700697198e-05 -1.675903743910427850e-04 -3.015821346208899566e-04 -3.272641825833698262e-04 -1.895622714332350180e-04 2.095316958933898861e-05 1.739737886339059374e-04 2.281842323201770486e-04 2.337083522008203264e-04 2.281842323205891267e-04 1.739737886353621835e-04 2.095316958889173827e-05 -1.895622714348360594e-04 -3.272641825814224907e-04 -3.015821346182022736e-04 -1.675903743945502333e-04 -6.414697088688868553e-05 -3.651093363426946526e-05 3.800313615822919068e-05 2.909820453270394987e-04 6.245355604778223121e-04 7.042456670754201203e-04 2.830348767139108748e-04 -4.535556019345316956e-04 -9.628811992948592196e-04 -8.783442385760310877e-04 -4.475278753364695674e-04 -2.625010057076122795e-04 -4.028629755473795652e-04 5.307312982563290832e-05 2.327177332782739451e-03 6.482107697726753950e-03 1.073153686243618309e-02 2.254554540229335852e-02 1.073153686243407366e-02 6.482107697731453316e-03 2.327177332779445211e-03 5.307312982426386590e-05 -4.028629755459244574e-04 -2.625010057051192108e-04 -4.475278753394903173e-04 -8.783442385779191173e-04 -9.628811992917508120e-04 -4.535556019369449670e-04
-3.169727954281566641e-04 -6.578766637256923823e-05 5.889651474405790428e-05 -1.558055906748302721e-04 -4.271155271591591451e-04 -4.072946204427518565e-04 -8.616242282097029957e-05 2.469945274969690113e-04 3.452499707875052886e-04 2.296236521456952002e-04 9.078704487231675573e-05 4.376659894035270486e-05 3.232875195733478433e-05 -4.391235016362968224e-05 -1.722226761857666188e-04 -2.375568505341558686e-04 -1.722226761858811376e-04 -4.391235016630438189e-05 3.232875196223608966e-05 4.376659893808949382e-05 9.078704486995399460e-05 2.296236521447356542e-04 3.452499707904958435e-04 2.469945275001296774e-04 -8.616242282550036729e-05 -4.072946204428227633e-04 -4.271155271591256975e-04 -1.558055906731538244e-04 5.889651474565123424e-05 -6.578766637435524446e-05 -3.169727954294912628e-04 -1.149003071898203893e-04 7.623787659612182507e-04 1.620164864940691878e-03 1.293495161190792459e-03 -5.671949779513373469e-04 -2.693061993885617535e-03 -3.050096811951848175e-03 -8.394727468834903457e-04 2.383221106494049293e-03 3.903743905694743044e-03 2.383221106489300488e-03 -8.394727468798635810e-04 -3.050096811951386738e-03 -2.693061993883309052e-03 -5.671949779547423923e-04 1.293495161189922495e-03 1.620164864943473291e-03 7.623787659612453558e-04 -1.149003071922845097e-04 -4.535556019382808125e-04 2.830348767182939247e-04 7.042456670718353143e-04 6.245355604811323813e-04 2.909820453223722794e-04 3.800313616396578569e-05 -3.651093363715183707e-05 -6.414697088771754453e-05 -1.675903743915887079e-04 -3.015821346185141986e-04 -3.272641825829401027e-04 -1.895622714334043162e-04 2.095316958800022593e-05 1.739737886364697503e-04 2.281842323196793998e-04 2.337083521992704594e-04 2.281842323188038523e-04 1.739737886351972493e-04 2.095316959202364260e-05 -1.895622714346553500e-04 -3.272641825845851084e-04 -3.015821346157371232e-04 -1.675903743930416744e-04 -6.414697088922093992e-05 -3.651093363318989128e-05 3.800313615842888039e-05 2.909820453269862102e-04 6.245355604779745341e-04 7.042456670751274942e-04 2.830348767130276837e-04 -4.535556019342792391e-04 -9.628811992932368195e-04 -8.783442385784826856e-04 -4.475278753372414651e-04 -2.625010057046444929e-04 -4.028629755454253450e-04 5.307312982095074735e-05 2.327177332783268108e-03 6.482107697730191305e-03 1.073153686243407366e-02 2.254554540229522161e-02 1.073153686243229904e-02 6.482107697730561668e-03 2.327177332779952618e-03 5.307312982386218933e-05 -4.028629755446479178e-04 -2.625010057079814503e-04 -4.475278753330116672e-04 -8.783442385824175806e-04 -9.628811992903717068e-04
-1.149003071921192773e-04 -3.169727954294692535e-04 -6.578766637315852921e-05 5.889651474741198535e-05 -1.558055906756998022e-04 -4.271155271590898104e-04 -4.072946204433878494e-04 -8.616242282236295726e-05 2.469945274984544224e-04 3.452499707908275551e-04 2.296236521433829764e-04 9.078704486897284584e-05 4.376659894008435127e-05 3.232875196259186383e-05 -4.391235016648801186e-05 -1.722226761858810563e-04 -2.375568505330637517e-04 -1.722226761864874777e-04 -4.391235016558964871e-05 3.232875196343626081e-05 4.376659893940375014e-05 9.078704487074379522e-05 2.296236521444696452e-04 3.452499707894503473e-04 2.469945274979389385e-04 -8.616242282377881687e-05 -4.072946204427362439e-04 -4.271155271592209446e-04 -1.558055906735649268e-04 5.889651474390009188e-05 -6.578766637265708571e-05 -3.169727954287149198e-04 -1.149003071914940586e-04 7.623787659619053097e-04 1.620164864941633616e-03 1.293495161191049632e-03 -5.671949779522196707e-04 -2.693061993885195130e-03 -3.050096811949634668e-03 -8.394727468850491032e-04 2.383221106491275037e-03 3.903743905696470395e-03 2.383221106489602763e-03 -8.394727468786563219e-04 -3.050096811952773216e-03 -2.693061993885040740e-03 -5.671949779527214394e-04 1.293495161191467267e-03 1.620164864942488184e-03 7.623787659607959540e-04 -9.628811992908194823e-04 -4.535556019383802880e-04 2.830348767168726441e-04 7.042456670733836634e-04 6.245355604805402985e-04 2.909820453228236328e-04 3.800313616163511694e-05 -3.651093363611460118e-05 -6.414697088819117825e-05 -1.675903743905709945e-04 -3.015821346182041710e-04 -3.272641825836774686e-04 -1.895622714327242775e-04 2.095316958857034687e-05 1.739737886355839842e-04 2.281842323193582320e-04 2.337083521984986429e-04 2.281842323210277136e-04 1.739737886316892047e-04 2.095316958999392126e-05 -1.895622714334442148e-04 -3.272641825855903807e-04 -3.015821346170607172e-04 -1.675903743914268908e-04 -6.414697088833502478e-05 -3.651093363340094478e-05 3.800313616053064018e-05 2.909820453255611348e-04 6.245355604768598658e-04 7.042456670769553506e-04 2.830348767131383265e-04 -4.535556019351293620e-04 -9.628811992932187133e-04 -8.783442385775489707e-04 -4.475278753379461965e-04 -2.625010057077491600e-04 -4.028629755444587787e-04 5.307312982337976680e-05 2.327177332781195981e-03 6.482107697731453316e-03 1.073153686243230077e-02 2.254554540229651571e-02 1.073153686243427836e-02 6.482107697729565070e-03 2.327177332779717563e-03 5.307312982220281113e-05 -4.028629755433899180e-04 -2.625010057090182728e-04 -4.475278753334262119e-04 -8.783442385804474768e-04
7.623787659606116396e-04 -1.149003071965419277e-04 -3.169727954232775375e-04 -6.578766637590494884e-05 5.889651474994174072e-05 -1.558055906783381269e-04 -4.271155271584282302e-04 -4.072946204423715183e-04 -8.616242281952428558e-05 2.469945274963415292e-04 3.452499707859871887e-04 2.296236521442431553e-04 9.078704487437186095e-05 4.376659893970298994e-05 3.232875195957088355e-05 -4.391235016559588965e-05 -1.722226761870087079e-04 -2.375568505297868591e-04 -1.722226761896801278e-04 -4.391235016478956850e-05 3.232875196229675755e-05 4.376659893959425801e-05 9.078704486936730570e-05 2.296236521441488839e-04 3.452499707891860730e-04 2.469945275000286840e-04 -8.616242282338765028e-05 -4.072946204439066402e-04 -4.271155271592728237e-04 -1.558055906733952763e-04 5.889651474701923989e-05 -6.578766637567753743e-05 -3.169727954283573499e-04 -1.149003071900865338e-04 7.623787659601371927e-04 1.620164864942262020e-03 1.293495161190639587e-03 -5.671949779511543336e-04 -2.693061993885817896e-03 -3.050096811951459597e-03 -8.394727468835711187e-04 2.383221106493786049e-03 3.903743905696552361e-03 2.383221106487050985e-03 -8.394727468803997190e-04 -3.050096811949520609e-03 -2.693061993884514685e-03 -5.671949779528620604e-04 1.293495161190729792e-03 1.620164864941761552e-03 -8.783442385769525511e-04 -9.628811992944323692e-04 -4.535556019329098918e-04 2.830348767128295457e-04 7.042456670749760311e-04 6.245355604753015421e-04 2.909820453265809896e-04 3.800313615929385011e-05 -3.651093363331746122e-05 -6.414697088819626045e-05 -1.675903743913834685e-04 -3.015821346184914846e-04 -3.272641825823388042e-04 -1.895622714337617505e-04 2.095316958673888545e-05 1.739737886376966334e-04 2.281842323192920415e-04 2.337083521966281773e-04 2.281842323223711756e-04 1.739737886341813518e-04 2.095316958916370700e-05 -1.895622714333006123e-04 -3.272641825835613505e-04 -3.015821346176775198e-04 -1.675903743918266903e-04 -6.414697088606523398e-05 -3.651093363766294352e-05 3.800313616148328797e-05 2.909820453263872969e-04 6.245355604754475841e-04 7.042456670765263318e-04 2.830348767130471993e-04 -4.535556019326828598e-04 -9.628811992951423048e-04 -8.783442385789128970e-04 -4.475278753363647792e-04 -2.625010057066207224e-04 -4.028629755443001057e-04 5.307312982313705459e-05 2.327177332779445211e-03 6.482107697730561668e-03 1.073153686243427836e-02 2.254554540229450343e-02 1.073153686243643636e-02 6.482107697728124382e-03 2.327177332779308602e-03 5.307312982354379981e-05 -4.028629755466206237e-04 -2.625010057055719194e-04 -4.475278753348226643e-04
1.620164864940909369e-03 7.623787659624793947e-04 -1.149003071906777086e-04 -3.169727954284126442e-04 -6.578766637826952601e-05 5.889651475064167454e-05 -1.558055906751111346e-04 -4.271155271605943577e-04 -4.072946204432012040e-04 -8.616242282299918065e-05 2.469945274976559618e-04 3.452499707895050453e-04 2.296236521452220002e-04 9.078704487095556701e-05 4.376659894033504592e-05 3.232875196031842062e-05 -4.391235016369974880e-05 -1.722226761902592273e-04 -2.375568505280277953e-04 -1.722226761890409093e-04 -4.391235016530732925e-05 3.232875195971571941e-05 4.376659894055032104e-05 9.078704487095807423e-05 2.296236521448783894e-04 3.452499707884359136e-04 2.469945274999603251e-04 -8.616242282264837348e-05 -4.072946204450212000e-04 -4.271155271579621317e-04 -1.558055906756468660e-04 5.889651474782609637e-05 -6.578766637598829688e-05 -3.169727954288528303e-04 -1.149003071902128569e-04 7.623787659608505978e-04 1.620164864942005498e-03 1.293495161190375692e-03 -5.671949779525511113e-04 -2.693061993884176414e-03 -3.050096811949089097e-03 -8.394727468852348270e-04 2.383221106490033409e-03 3.903743905699046893e-03 2.383221106490155707e-03 -8.394727468833064650e-04 -3.050096811950377563e-03 -2.693061993884604023e-03 -5.671949779528160903e-04 1.293495161190447032e-03 -4.475278753380819386e-04 -8.783442385721372840e-04 -9.628811992984928148e-04 -4.535556019334852237e-04 2.830348767116355681e-04 7.042456670787516568e-04 6.245355604752613182e-04 2.909820453282304948e-04 3.800313615953597956e-05 -3.651093363410316898e-05 -6.414697088744971949e-05 -1.675903743916714597e-04 -3.015821346202511989e-04 -3.272641825822600369e-04 -1.895622714324787057e-04 2.095316958648961382e-05 1.739737886342933228e-04 2.281842323222110932e-04 2.337083521974241715e-04 2.281842323212474814e-04 1.739737886335977258e-04 2.095316959047084825e-05 -1.895622714323045015e-04 -3.272641825852657706e-04 -3.015821346170201680e-04 -1.675903743946861651e-04 -6.414697088482965008e-05 -3.651093363628306587e-05 3.800313615880658932e-05 2.909820453285595502e-04 6.245355604759081532e-04 7.042456670786355387e-04 2.830348767106557746e-04 -4.535556019334773090e-04 -9.628811992933709353e-04 -8.783442385765370848e-04 -4.475278753384238960e-04 -2.625010057072581248e-04 -4.028629755451021443e-04 5.307312982426356775e-05 2.327177332779953051e-03 6.482107697729565070e-03 1.073153686243643636e-02 2.254554540229166196e-02 1.073153686243664105e-02 6.482107697729851299e-03 2.327177332777934267e-03 5.307312982859490122e-05 -4.028629755494446993e-04 -2.625010057057459881e-04
1.293495161188760664e-03 1.620164864947281659e-03 7.623787659584654614e-04 -1.149003071926209783e-04 -3.169727954279138028e-04 -6.578766637553027567e-05 5.889651474925041276e-05 -1.558055906758252986e-04 -4.271155271630971300e-04 -4.072946204411657229e-04 -8.616242281863915648e-05 2.469945274979218623e-04 3.452499707882083937e-04 2.296236521437386489e-04 9.078704487029897417e-05 4.376659893911571828e-05 3.232875196132299492e-05 -4.391235016483369553e-05 -1.722226761875900300e-04 -2.375568505320190958e-04 -1.722226761890231555e-04 -4.391235016275097026e-05 3.232875196032296749e-05 4.376659893937289781e-05 9.078704487139069800e-05 2.296236521440623917e-04 3.452499707885774019e-04 2.469945275000614269e-04 -8.616242282302335835e-05 -4.072946204434557205e-04 -4.271155271591794739e-04 -1.558055906751570235e-04 5.889651474759838681e-05 -6.578766637670140376e-05 -3.169727954276109309e-04 -1.149003071917419208e-04 7.623787659609062173e-04 1.620164864941098237e-03 1.293495161191032502e-03 -5.671949779501223900e-04 -2.693061993886081140e-03 -3.050096811950517208e-03 -8.394727468823727501e-04 2.383221106491869180e-03 3.903743905695862808e-03 2.383221106490416349e-03 -8.394727468829199469e-04 -3.050096811950994257e-03 -2.693061993886052951e-03 -5.671949779503584208e-04 -2.625010057045642077e-04 -4.475278753392318435e-04 -8.783442385765049924e-04 -9.628811992953015741e-04 -4.535556019333401032e-04 2.830348767136472510e-04 7.042456670777338078e-04 6.245355604775914855e-04 2.909820453248947842e-04 3.800313615894006139e-05 -3.651093363524327533e-05 -6.414697088855761148e-05 -1.675903743919618090e-04 -3.015821346171526033e-04 -3.272641825828129258e-04 -1.895622714336076854e-04 2.095316959009033055e-05 1.739737886353425324e-04 2.281842323209330899e-04 2.337083521966359565e-04 2.281842323212822030e-04 1.739737886343341430e-04 2.095316958945327707e-05 -1.895622714320314723e-04 -3.272641825850441054e-04 -3.015821346180269581e-04 -1.675903743928651663e-04 -6.414697088677285208e-05 -3.651093363498127787e-05 3.800313615934627806e-05 2.909820453279536980e-04 6.245355604750377557e-04 7.042456670766458109e-04 2.830348767143964347e-04 -4.535556019331103608e-04 -9.628811992936596583e-04 -8.783442385770825469e-04 -4.475278753387737138e-04 -2.625010057058206896e-04 -4.028629755459248369e-04 5.307312982386162012e-05 2.327177332779717563e-03 6.482107697728124382e-03 1.073153686243663932e-02 2.254554540229116583e-02 1.073153686243789699e-02 6.482107697731221731e-03 2.327177332779085690e-03 5.307312982532292136e-05 -4.028629755490848526e-04
-5.671949779507967637e-04 1.293495161190532251e-03 1.620164864943430139e-03 7.623787659589662544e-04 -1.149003071882919894e-04 -3.169727954331254000e-04 -6.578766637480571691e-05 5.889651474890130644e-05 -1.558055906759384622e-04 -4.271155271607975914e-04 -4.072946204398967727e-04 -8.616242282122167184e-05 2.469945274972117641e-04 3.452499707902745036e-04 2.296236521414550210e-04 9.078704487114279517e-05 4.376659893943250182e-05 3.232875196415433468e-05 -4.391235016919056873e-05 -1.722226761884521876e-04 -2.375568505268646361e-04 -1.722226761898557957e-04 -4.391235016443548840e-05 3.232875196006496126e-05 4.376659894040201573e-05 9.078704487135010818e-05 2.296236521428715583e-04 3.452499707873355026e-04 2.469945275033145213e-04 -8.616242282467339209e-05 -4.072946204432225086e-04 -4.271155271605010079e-04 -1.558055906745820982e-04 5.889651475022416861e-05 -6.578766637869789429e-05 -3.169727954255863460e-04 -1.149003071936431235e-04 7.623787659598919462e-04 1.620164864944111669e-03 1.293495161191752845e-03 -5.671949779540770174e-04 -2.693061993883757478e-03 -3.050096811948031783e-03 -8.394727468879145411e-04 2.383221106492411714e-03 3.903743905698523874e-03 2.383221106489983535e-03 -8.394727468853909521e-04 -3.050096811949159787e-03 -2.693061993884587977e-03 -4.028629755476574462e-04 -2.625010057118124245e-04 -4.475278753341969170e-04 -8.783442385786679758e-04 -9.628811992917540646e-04 -4.535556019362589381e-04 2.830348767191782000e-04 7.042456670745377966e-04 6.245355604762432801e-04 2.909820453250754665e-04 3.800313615750973445e-05 -3.651093363389454138e-05 -6.414697088513447352e-05 -1.675903743948705066e-04 -3.015821346204449458e-04 -3.272641825786653104e-04 -1.895622714321827185e-04 2.095316958725473191e-05 1.739737886364230482e-04 2.281842323190879404e-04 2.337083521969018842e-04 2.281842323217029547e-04 1.739737886339693903e-04 2.095316958915269557e-05 -1.895622714304721456e-04 -3.272641825849834443e-04 -3.015821346209484493e-04 -1.675903743902661710e-04 -6.414697088455499456e-05 -3.651093363731269879e-05 3.800313615959623409e-05 2.909820453253368676e-04 6.245355604781076741e-04 7.042456670761509810e-04 2.830348767137244462e-04 -4.535556019348716472e-04 -9.628811992935769337e-04 -8.783442385745214446e-04 -4.475278753416042947e-04 -2.625010057051192650e-04 -4.028629755446479720e-04 5.307312982220350231e-05 2.327177332779309469e-03 6.482107697729851299e-03 1.073153686243789699e-02 2.254554540229115195e-02 1.073153686244068469e-02 6.482107697723797982e-03 2.327177332780963961e-03 5.307312982763895339e-05
-2.693061993884092280e-03 -5.671949779531843937e-04 1.293495161190762101e-03 1.620164864944959081e-03 7.623787659549779083e-04 -1.149003071854121858e-04 -3.169727954322063218e-04 -6.578766637632572770e-05 5.889651474956615954e-05 -1.558055906749400475e-04 -4.271155271618761557e-04 -4.072946204419250439e-04 -8.616242281825033447e-05 2.469945274930640403e-04 3.452499707913195119e-04 2.296236521461354134e-04 9.078704487200388209e-05 4.376659893406133716e-05 3.232875196485762953e-05 -4.391235016492649646e-05 -1.722226761922032018e-04 -2.375568505276870305e-04 -1.722226761890388493e-04 -4.391235016463290806e-05 3.232875196190380203e-05 4.376659893886130346e-05 9.078704487115758098e-05 2.296236521470273594e-04 3.452499707850487575e-04 2.469945275027023266e-04 -8.616242282566532865e-05 -4.072946204424642718e-04 -4.271155271596688285e-04 -1.558055906762615816e-04 5.889651475259531876e-05 -6.578766638059480086e-05 -3.169727954274033604e-04 -1.149003071888703300e-04 7.623787659588376680e-04 1.620164864940514936e-03 1.293495161196171620e-03 -5.671949779541691746e-04 -2.693061993889214051e-03 -3.050096811945911084e-03 -8.394727468854438612e-04 2.383221106491644099e-03 3.903743905697080584e-03 2.383221106490385991e-03 -8.394727468851304183e-04 -3.050096811948140637e-03 5.307312982329200063e-05 -4.028629755410886989e-04 -2.625010057136143685e-04 -4.475278753343704978e-04 -8.783442385781476671e-04 -9.628811992885558850e-04 -4.535556019407099675e-04 2.830348767185103856e-04 7.042456670758461034e-04 6.245355604752766054e-04 2.909820453263088007e-04 3.800313616201267001e-05 -3.651093363761128129e-05 -6.414697088816629581e-05 -1.675903743895229504e-04 -3.015821346237508951e-04 -3.272641825803710857e-04 -1.895622714291859566e-04 2.095316958320472857e-05 1.739737886376793946e-04 2.281842323235320580e-04 2.337083521951283463e-04 2.281842323214204387e-04 1.739737886362001363e-04 2.095316958550412826e-05 -1.895622714326161554e-04 -3.272641825811838578e-04 -3.015821346221393370e-04 -1.675903743919063250e-04 -6.414697088307172467e-05 -3.651093363918438410e-05 3.800313616154499263e-05 2.909820453268570817e-04 6.245355604775184102e-04 7.042456670737754941e-04 2.830348767149399453e-04 -4.535556019325181153e-04 -9.628811992985659984e-04 -8.783442385726322223e-04 -4.475278753394904799e-04 -2.625010057079821008e-04 -4.028629755433907854e-04 5.307312982354337968e-05 2.327177332777932532e-03 6.482107697731221731e-03 1.073153686244068469e-02 2.254554540228465714e-02 1.073153686244176196e-02 6.482107697728793118e-03 2.327177332778008860e-03
-3.050096811951249695e-03 -2.693061993880575128e-03 -5.671949779552560873e-04 1.293495161187197245e-03 1.620164864948050358e-03 7.623787659586454390e-04 -1.149003071904692436e-04 -3.169727954287371459e-04 -6.578766637503974195e-05 5.889651474641062300e-05 -1.558055906761657652e-04 -4.271155271552643114e-04 -4.072946204466466901e-04 -8.616242282160680756e-05 2.469945274990750198e-04 3.452499707888070902e-04 2.296236521443857821e-04 9.078704487215947866e-05 4.376659893778586977e-05 3.232875196243504076e-05 -4.391235016358806920e-05 -1.722226761937394621e-04 -2.375568505268681868e-04 -1.722226761848353975e-04 -4.391235017103874719e-05 3.232875196296167164e-05 4.376659894330234464e-05 9.078704486751685719e-05 2.296236521448012213e-04 3.452499707881276749e-04 2.469945275013308108e-04 -8.616242282477155304e-05 -4.072946204418365730e-04 -4.271155271590237825e-04 -1.558055906777182343e-04 5.889651475017371255e-05 -6.578766637583759278e-05 -3.169727954289668342e-04 -1.149003071915751027e-04 7.623787659623769376e-04 1.620164864940388952e-03 1.293495161191930004e-03 -5.671949779524379206e-04 -2.693061993889383186e-03 -3.050096811944493815e-03 -8.394727468855921800e-04 2.383221106489347759e-03 3.903743905699462360e-03 2.383221106492357938e-03 -8.394727468860348598e-04 2.327177332780214561e-03 5.307312982347754828e-05 -4.028629755429993884e-04 -2.625010057082510372e-04 -4.475278753389105402e-04 -8.783442385760708779e-04 -9.628811992920994914e-04 -4.535556019398732344e-04 2.830348767167955031e-04 7.042456670789150460e-04 6.245355604747919670e-04 2.909820453248131438e-04 3.800313616163282656e-05 -3.651093363451950939e-05 -6.414697089050069151e-05 -1.675903743884082280e-04 -3.015821346203096374e-04 -3.272641825857628231e-04 -1.895622714281626324e-04 2.095316958517887099e-05 1.739737886339845962e-04 2.281842323252795751e-04 2.337083521961503694e-04 2.281842323187935524e-04 1.739737886355020185e-04 2.095316958946323479e-05 -1.895622714345783716e-04 -3.272641825808589224e-04 -3.015821346205303267e-04 -1.675903743931670081e-04 -6.414697088347046713e-05 -3.651093363699867996e-05 3.800313615861621697e-05 2.909820453256234765e-04 6.245355604802210010e-04 7.042456670752969550e-04 2.830348767102796649e-04 -4.535556019287099094e-04 -9.628811992982303294e-04 -8.783442385779193342e-04 -4.475278753330115588e-04 -2.625010057090182728e-04 -4.028629755466207321e-04 5.307312982859427103e-05 2.327177332779086557e-03 6.482107697723797982e-03 1.073153686244176196e-02 2.254554540229191523e-02 1.073153686243167627e-02 6.482107697732093429e-03
-8.394727468783902587e-04 -3.050096811963368040e-03 -2.693061993881539200e-03 -5.671949779487183482e-04 1.293495161188032948e-03 1.620164864943566315e-03 7.623787659609131562e-04 -1.149003071901412318e-04 -3.169727954290763386e-04 -6.578766637464343895e-05 5.889651474881802616e-05 -1.558055906808413057e-04 -4.271155271565633483e-04 -4.072946204421205255e-04 -8.616242282376919458e-05 2.469945275012420689e-04 3.452499707850366145e-04 2.296236521483270468e-04 9.078704486949633931e-05 4.376659893926804191e-05 3.232875195990767063e-05 -4.391235015998695945e-05 -1.722226761912161170e-04 -2.375568505350953298e-04 -1.722226761810753302e-04 -4.391235016724218967e-05 3.232875195863255401e-05 4.376659894039727913e-05 9.078704487316945364e-05 2.296236521406966487e-04 3.452499707907295975e-04 2.469945275014423752e-04 -8.616242282500877648e-05 -4.072946204416743221e-04 -4.271155271607900020e-04 -1.558055906744987772e-04 5.889651474808103973e-05 -6.578766637574433784e-05 -3.169727954271622881e-04 -1.149003071939003776e-04 7.623787659620237045e-04 1.620164864941447567e-03 1.293495161190299798e-03 -5.671949779480019074e-04 -2.693061993890106132e-03 -3.050096811948522710e-03 -8.394727468810116427e-04 2.383221106489656540e-03 3.903743905696388863e-03 2.383221106492823278e-03 6.482107697734451786e-03 2.327177332778224399e-03 5.307312982876132625e-05 -4.028629755477317683e-04 -2.625010057028014034e-04 -4.475278753442724078e-04 -8.783442385758743120e-04 -9.628811992923877808e-04 -4.535556019373291540e-04 2.830348767134936196e-04 7.042456670810489728e-04 6.245355604753140104e-04 2.909820453252899759e-04 3.800313616005090105e-05 -3.651093363239897257e-05 -6.414697089093812643e-05 -1.675903743919527017e-04 -3.015821346161065650e-04 -3.272641825877325474e-04 -1.895622714295261521e-04 2.095316958946960109e-05 1.739737886308465899e-04 2.281842323228404183e-04 2.337083521990796127e-04 2.281842323187457933e-04 1.739737886353513415e-04 2.095316959085485233e-05 -1.895622714342464973e-04 -3.272641825827815381e-04 -3.015821346184023631e-04 -1.675903743934405252e-04 -6.414697088736366095e-05 -3.651093363495417282e-05 3.800313616017891822e-05 2.909820453247011999e-04 6.245355604774920641e-04 7.042456670787774608e-04 2.830348767088471627e-04 -4.535556019310837701e-04 -9.628811992917510288e-04 -8.783442385824173637e-04 -4.475278753334264287e-04 -2.625010057055725157e-04 -4.028629755494442656e-04 5.307312982532311110e-05 2.327177332780963961e-03 6.482107697728793118e-03 1.073153686243167454e-02 2.254554540229736226e-02 1.073153686243106218e-02
2.383221106486793812e-03 -8.394727468751788518e-04 -3.050096811955040933e-03 -2.693061993883290837e-03 -5.671949779524613393e-04 1.293495161187923010e-03 1.620164864944543398e-03 7.623787659614523300e-04 -1.149003071919572840e-04 -3.169727954280544238e-04 -6.578766637469751354e-05 5.889651474642626261e-05 -1.558055906787345654e-04 -4.271155271550642219e-04 -4.072946204402641004e-04 -8.616242283004841923e-05 2.469945275043377913e-04 3.452499707870862445e-04 2.296236521455947218e-04 9.078704486906854023e-05 4.376659894240243651e-05 3.232875196043152324e-05 -4.391235016710244956e-05 -1.722226761863195077e-04 -2.375568505327914815e-04 -1.722226761845537218e-04 -4.391235016889077328e-05 3.232875196252422994e-05 4.376659893990556634e-05 9.078704487240093048e-05 2.296236521422636190e-04 3.452499707888103428e-04 2.469945275027527420e-04 -8.616242282782751239e-05 -4.072946204409240000e-04 -4.271155271599379817e-04 -1.558055906733814527e-04 5.889651474598851599e-05 -6.578766637563461658e-05 -3.169727954247620813e-04 -1.149003071971219352e-04 7.623787659615936015e-04 1.620164864948498784e-03 1.293495161185405709e-03 -5.671949779520495593e-04 -2.693061993884950968e-03 -3.050096811950462564e-03 -8.394727468828718083e-04 2.383221106492635494e-03 3.903743905695877554e-03 1.073153686242898051e-02 6.482107697731716994e-03 2.327177332776207783e-03 5.307312983183107530e-05 -4.028629755517845160e-04 -2.625010057031210804e-04 -4.475278753397072119e-04 -8.783442385762759005e-04 -9.628811992940161440e-04 -4.535556019354122304e-04 2.830348767140974118e-04 7.042456670781131701e-04 6.245355604761863594e-04 2.909820453261759859e-04 3.800313615844153845e-05 -3.651093363172133944e-05 -6.414697088932914330e-05 -1.675903743965516705e-04 -3.015821346119990651e-04 -3.272641825861965581e-04 -1.895622714349748915e-04 2.095316959319273780e-05 1.739737886310860902e-04 2.281842323198757759e-04 2.337083522026693519e-04 2.281842323198446051e-04 1.739737886310151833e-04 2.095316959248283949e-05 -1.895622714334000065e-04 -3.272641825857780561e-04 -3.015821346183943400e-04 -1.675903743901914424e-04 -6.414697088745867771e-05 -3.651093363626002657e-05 3.800313616144433801e-05 2.909820453255082800e-04 6.245355604745226512e-04 7.042456670804591668e-04 2.830348767123635014e-04 -4.535556019369449670e-04 -9.628811992903719237e-04 -8.783442385804474768e-04 -4.475278753348230980e-04 -2.625010057057459881e-04 -4.028629755490851236e-04 5.307312982763893983e-05 2.327177332778009294e-03 6.482107697732093429e-03 1.073153686243106392e-02 2.254554540229988802e-02
