5.805040365208318676e+00 5.682031529855350094e+00 5.324429249020028010e+00 4.765167256389289285e+00 4.054844943599609230e+00 3.255874155431615069e+00 2.435367872547601120e+00 1.657676526585034171e+00 9.775106586594217717e-01 4.344964254809094428e-01 4.980660575285624642e-02 -1.747769792555895485e-01 -2.553434028956054758e-01 -2.221757980994283621e-01 -1.144983475872164008e-01 2.557776078326621377e-02 1.590505440013061655e-01 2.551437613241984148e-01 2.948727198675107908e-01 2.726299368063814232e-01 1.956583417037561501e-01 8.158934723449116910e-02 -4.549896452981071204e-02 -1.598414860775464463e-01 -2.387947524397455445e-01 -2.669335723082063572e-01 -2.387947524397465437e-01 -1.598414860775481117e-01 -4.549896452981069123e-02 8.158934723449091930e-02 1.956583417037537076e-01 2.726299368063794248e-01 2.948727198675089589e-01 2.551437613241957503e-01 1.590505440013041394e-01 2.557776078326489885e-02 -1.144983475872174000e-01 -2.221757980994284454e-01 -2.553434028956064750e-01 -1.747769792555905755e-01 4.980660575285491415e-02 4.344964254809041138e-01 9.775106586594209945e-01 1.657676526585030174e+00 2.435367872547597567e+00 3.255874155431608852e+00 4.054844943599595908e+00 4.765167256389289285e+00 5.324429249020024457e+00 5.682031529855352758e+00 4.304716042619028293e+00 4.213499087418957068e+00 3.948319833125566891e+00 3.533600223916059324e+00 3.006862137197124252e+00 2.414386951318327590e+00 1.805942162515595584e+00 1.229246704334934659e+00 7.248710688355901599e-01 3.221999530680567658e-01 3.693398862438903446e-02 -1.296055185061618098e-01 -1.893493884055365284e-01 -1.647540175762363668e-01 -8.490602006251073142e-02 1.896713722059473195e-02 1.179436119778194680e-01 1.892013445985777920e-01 2.186622741423141225e-01 2.021681829643105777e-01 1.450900509585292264e-01 6.050241683970213752e-02 -3.373966591307245994e-02 -1.185301334884662078e-01 -1.770777698431608982e-01 -1.979440552929736252e-01 -1.770777698431607872e-01 -1.185301334884672347e-01 -3.373966591307277219e-02 6.050241683970131179e-02 1.450900509585278941e-01 2.021681829643092732e-01 2.186622741423122906e-01 1.892013445985763764e-01 1.179436119778175251e-01 1.896713722059375357e-02 -8.490602006251150857e-02 -1.647540175762369774e-01 -1.893493884055363619e-01 -1.296055185061638915e-01 3.693398862438746627e-02 3.221999530680524360e-01 7.248710688355901599e-01 1.229246704334931328e+00 1.805942162515592475e+00 2.414386951318323149e+00 3.006862137197119367e+00 3.533600223916058880e+00 3.948319833125563338e+00 4.213499087418961508e+00
5.682031529855350094e+00 5.805040365208317787e+00 5.682031529855349206e+00 5.324429249020026234e+00 4.765167256389291062e+00 4.054844943599603901e+00 3.255874155431607964e+00 2.435367872547597567e+00 1.657676526585032395e+00 9.775106586594193292e-01 4.344964254809066673e-01 4.980660575285416475e-02 -1.747769792555885771e-01 -2.553434028956061419e-01 -2.221757980994260029e-01 -1.144983475872175249e-01 2.557776078326518682e-02 1.590505440013052774e-01 2.551437613241949176e-01 2.948727198675073491e-01 2.726299368063792583e-01 1.956583417037529860e-01 8.158934723448876825e-02 -4.549896452981080225e-02 -1.598414860775461133e-01 -2.387947524397454058e-01 -2.669335723082050804e-01 -2.387947524397455723e-01 -1.598414860775449753e-01 -4.549896452980796424e-02 8.158934723449133564e-02 1.956583417037554007e-01 2.726299368063812012e-01 2.948727198675099581e-01 2.551437613241959723e-01 1.590505440013048055e-01 2.557776078326572805e-02 -1.144983475872175388e-01 -2.221757980994281401e-01 -2.553434028956049207e-01 -1.747769792555871615e-01 4.980660575285639213e-02 4.344964254809138282e-01 9.775106586594227709e-01 1.657676526585037280e+00 2.435367872547604673e+00 3.255874155431607075e+00 4.054844943599607454e+00 4.765167256389286621e+00 5.324429249020029786e+00 4.213499087418957956e+00 4.304716042619027405e+00 4.213499087418955291e+00 3.948319833125568223e+00 3.533600223916055327e+00 3.006862137197123364e+00 2.414386951318323593e+00 1.805942162515593141e+00 1.229246704334930218e+00 7.248710688355892717e-01 3.221999530680549340e-01 3.693398862438843078e-02 -1.296055185061634751e-01 -1.893493884055363063e-01 -1.647540175762368109e-01 -8.490602006251161959e-02 1.896713722059377438e-02 1.179436119778175113e-01 1.892013445985759323e-01 2.186622741423122351e-01 2.021681829643084127e-01 1.450900509585272835e-01 6.050241683970019463e-02 -3.373966591307232810e-02 -1.185301334884672764e-01 -1.770777698431592329e-01 -1.979440552929732922e-01 -1.770777698431589275e-01 -1.185301334884660412e-01 -3.373966591307103052e-02 6.050241683970214446e-02 1.450900509585287546e-01 2.021681829643096062e-01 2.186622741423129013e-01 1.892013445985766817e-01 1.179436119778173586e-01 1.896713722059414908e-02 -8.490602006251155021e-02 -1.647540175762359504e-01 -1.893493884055363619e-01 -1.296055185061616433e-01 3.693398862438868752e-02 3.221999530680589863e-01 7.248710688355930465e-01 1.229246704334936213e+00 1.805942162515596916e+00 2.414386951318324037e+00 3.006862137197128249e+00 3.533600223916053551e+00 3.948319833125572220e+00
5.324429249020028010e+00 5.682031529855350094e+00 5.805040365208320452e+00 5.682031529855350982e+00 5.324429249020033339e+00 4.765167256389291950e+00 4.054844943599603013e+00 3.255874155431608852e+00 2.435367872547599344e+00 1.657676526585032395e+00 9.775106586594187741e-01 4.344964254809075554e-01 4.980660575285895952e-02 -1.747769792555889101e-01 -2.553434028955998691e-01 -2.221757980994261972e-01 -1.144983475872162759e-01 2.557776078326710195e-02 1.590505440013043892e-01 2.551437613241940849e-01 2.948727198675076266e-01 2.726299368063774820e-01 1.956583417037512096e-01 8.158934723448807436e-02 -4.549896452981208594e-02 -1.598414860775487500e-01 -2.387947524397476817e-01 -2.669335723082084666e-01 -2.387947524397467935e-01 -1.598414860775466406e-01 -4.549896452981137818e-02 8.158934723448953152e-02 1.956583417037540684e-01 2.726299368063793693e-01 2.948727198675070715e-01 2.551437613241926972e-01 1.590505440013009752e-01 2.557776078326009367e-02 -1.144983475872244638e-01 -2.221757980994357451e-01 -2.553434028956119706e-01 -1.747769792555963209e-01 4.980660575285211777e-02 4.344964254809031701e-01 9.775106586594173308e-01 1.657676526585032617e+00 2.435367872547592238e+00 3.255874155431611072e+00 4.054844943599598572e+00 4.765167256389287509e+00 3.948319833125567335e+00 4.213499087418957068e+00 4.304716042619028293e+00 4.213499087418959732e+00 3.948319833125568667e+00 3.533600223916058436e+00 3.006862137197124696e+00 2.414386951318325369e+00 1.805942162515592475e+00 1.229246704334931994e+00 7.248710688355901599e-01 3.221999530680560442e-01 3.693398862438864588e-02 -1.296055185061614767e-01 -1.893493884055350573e-01 -1.647540175762355619e-01 -8.490602006251116163e-02 1.896713722059482909e-02 1.179436119778175668e-01 1.892013445985764042e-01 2.186622741423114580e-01 2.021681829643075801e-01 1.450900509585258125e-01 6.050241683969991707e-02 -3.373966591307445834e-02 -1.185301334884679286e-01 -1.770777698431617309e-01 -1.979440552929745689e-01 -1.770777698431612313e-01 -1.185301334884673041e-01 -3.373966591307331342e-02 6.050241683970043749e-02 1.450900509585273113e-01 2.021681829643080242e-01 2.186622741423111804e-01 1.892013445985734343e-01 1.179436119778147773e-01 1.896713722058952084e-02 -8.490602006251567191e-02 -1.647540175762425840e-01 -1.893493884055414411e-01 -1.296055185061681381e-01 3.693398862438522501e-02 3.221999530680523804e-01 7.248710688355882725e-01 1.229246704334931772e+00 1.805942162515589589e+00 2.414386951318327146e+00 3.006862137197118479e+00 3.533600223916059324e+00
4.765167256389289285e+00 5.324429249020026234e+00 5.682031529855350982e+00 5.805040365208316899e+00 5.682031529855354535e+00 5.324429249020028898e+00 4.765167256389286621e+00 4.054844943599601237e+00 3.255874155431610184e+00 2.435367872547599344e+00 1.657676526585033727e+00 9.775106586594225488e-01 4.344964254809164927e-01 4.980660575285913300e-02 -1.747769792555795842e-01 -2.553434028956007018e-01 -2.221757980994257531e-01 -1.144983475872156514e-01 2.557776078326381639e-02 1.590505440013010030e-01 2.551437613241921420e-01 2.948727198675036854e-01 2.726299368063737072e-01 1.956583417037490447e-01 8.158934723448599269e-02 -4.549896452981539580e-02 -1.598414860775509982e-01 -2.387947524397512344e-01 -2.669335723082101319e-01 -2.387947524397493193e-01 -1.598414860775511093e-01 -4.549896452981500028e-02 8.158934723448627024e-02 1.956583417037507655e-01 2.726299368063754280e-01 2.948727198675035188e-01 2.551437613241908098e-01 1.590505440012998373e-01 2.557776078326002775e-02 -1.144983475872221879e-01 -2.221757980994306381e-01 -2.553434028956054203e-01 -1.747769792555858570e-01 4.980660575285923708e-02 4.344964254809147719e-01 9.775106586594272118e-01 1.657676526585034393e+00 2.435367872547607337e+00 3.255874155431608408e+00 4.054844943599603901e+00 3.533600223916057104e+00 3.948319833125566891e+00 4.213499087418956179e+00 4.304716042619029182e+00 4.213499087418957068e+00 3.948319833125567779e+00 3.533600223916057992e+00 3.006862137197124252e+00 2.414386951318324037e+00 1.805942162515593363e+00 1.229246704334934437e+00 7.248710688355928244e-01 3.221999530680583756e-01 3.693398862439210839e-02 -1.296055185061595061e-01 -1.893493884055332810e-01 -1.647540175762363390e-01 -8.490602006251030121e-02 1.896713722059310131e-02 1.179436119778164288e-01 1.892013445985733788e-01 2.186622741423088767e-01 2.021681829643045825e-01 1.450900509585242859e-01 6.050241683969722478e-02 -3.373966591307564489e-02 -1.185301334884705654e-01 -1.770777698431631464e-01 -1.979440552929774277e-01 -1.770777698431632574e-01 -1.185301334884705238e-01 -3.373966591307642204e-02 6.050241683969782153e-02 1.450900509585242304e-01 2.021681829643056649e-01 2.186622741423075167e-01 1.892013445985726017e-01 1.179436119778131398e-01 1.896713722059073168e-02 -8.490602006251486700e-02 -1.647540175762387815e-01 -1.893493884055369170e-01 -1.296055185061607828e-01 3.693398862439150471e-02 3.221999530680605961e-01 7.248710688355952669e-01 1.229246704334934437e+00 1.805942162515600247e+00 2.414386951318323149e+00 3.006862137197127360e+00
4.054844943599608342e+00 4.765167256389291062e+00 5.324429249020033339e+00 5.682031529855353646e+00 5.805040365208328446e+00 5.682031529855357199e+00 5.324429249020030674e+00 4.765167256389290174e+00 4.054844943599604790e+00 3.255874155431609296e+00 2.435367872547597123e+00 1.657676526585033505e+00 9.775106586594275448e-01 4.344964254809088322e-01 4.980660575286460084e-02 -1.747769792555847468e-01 -2.553434028956020896e-01 -2.221757980994244763e-01 -1.144983475872154988e-01 2.557776078326646010e-02 1.590505440013074701e-01 2.551437613241980817e-01 2.948727198675108463e-01 2.726299368063829220e-01 1.956583417037581207e-01 8.158934723449309812e-02 -4.549896452980756872e-02 -1.598414860775460578e-01 -2.387947524397458499e-01 -2.669335723082063572e-01 -2.387947524397482368e-01 -1.598414860775495827e-01 -4.549896452981406353e-02 8.158934723448738047e-02 1.956583417037503492e-01 2.726299368063750395e-01 2.948727198675046290e-01 2.551437613241921420e-01 1.590505440013006144e-01 2.557776078326201227e-02 -1.144983475872189543e-01 -2.221757980994267523e-01 -2.553434028956009794e-01 -1.747769792555831925e-01 4.980660575286442043e-02 4.344964254809177695e-01 9.775106586594249913e-01 1.657676526585044385e+00 2.435367872547602452e+00 3.255874155431615069e+00 3.006862137197127804e+00 3.533600223916060656e+00 3.948319833125571332e+00 4.213499087418962397e+00 4.304716042619031846e+00 4.213499087418962397e+00 3.948319833125571332e+00 3.533600223916060212e+00 3.006862137197124252e+00 2.414386951318324481e+00 1.805942162515594251e+00 1.229246704334933993e+00 7.248710688355914922e-01 3.221999530680577650e-01 3.693398862439017938e-02 -1.296055185061598947e-01 -1.893493884055358900e-01 -1.647540175762342574e-01 -8.490602006250973222e-02 1.896713722059652912e-02 1.179436119778193154e-01 1.892013445985782916e-01 2.186622741423141780e-01 2.021681829643115769e-01 1.450900509585302534e-01 6.050241683970378898e-02 -3.373966591307111379e-02 -1.185301334884657776e-01 -1.770777698431608149e-01 -1.979440552929748465e-01 -1.770777698431623692e-01 -1.185301334884699687e-01 -3.373966591307544366e-02 6.050241683969774520e-02 1.450900509585246745e-01 2.021681829643042216e-01 2.186622741423092930e-01 1.892013445985724351e-01 1.179436119778148884e-01 1.896713722059154006e-02 -8.490602006251252165e-02 -1.647540175762360060e-01 -1.893493884055336141e-01 -1.296055185061579795e-01 3.693398862439566804e-02 3.221999530680625390e-01 7.248710688355942677e-01 1.229246704334941542e+00 1.805942162515594918e+00 2.414386951318331143e+00
3.255874155431615069e+00 4.054844943599603901e+00 4.765167256389291950e+00 5.324429249020028898e+00 5.682031529855357199e+00 5.805040365208322228e+00 5.682031529855352758e+00 5.324429249020028898e+00 4.765167256389289285e+00 4.054844943599602125e+00 3.255874155431607075e+00 2.435367872547601564e+00 1.657676526585044385e+00 9.775106586594241032e-01 4.344964254809208781e-01 4.980660575286349062e-02 -1.747769792555837476e-01 -2.553434028956008128e-01 -2.221757980994268078e-01 -1.144983475872193429e-01 2.557776078326285882e-02 1.590505440012992822e-01 2.551437613241882563e-01 2.948727198675009653e-01 2.726299368063724859e-01 1.956583417037461303e-01 8.158934723448288406e-02 -4.549896452981912198e-02 -1.598414860775542456e-01 -2.387947524397520949e-01 -2.669335723082112422e-01 -2.387947524397498189e-01 -1.598414860775497492e-01 -4.549896452981157940e-02 8.158934723448957316e-02 1.956583417037531247e-01 2.726299368063790918e-01 2.948727198675088479e-01 2.551437613241936408e-01 1.590505440013023075e-01 2.557776078326396210e-02 -1.144983475872166645e-01 -2.221757980994256976e-01 -2.553434028956004798e-01 -1.747769792555819157e-01 4.980660575286373348e-02 4.344964254809128290e-01 9.775106586594304314e-01 1.657676526585036836e+00 2.435367872547604229e+00 2.414386951318328922e+00 3.006862137197126028e+00 3.533600223916059324e+00 3.948319833125570888e+00 4.213499087418959732e+00 4.304716042619030958e+00 4.213499087418960620e+00 3.948319833125570000e+00 3.533600223916057548e+00 3.006862137197123364e+00 2.414386951318326258e+00 1.805942162515596250e+00 1.229246704334936213e+00 7.248710688355950449e-01 3.221999530680598745e-01 3.693398862439360025e-02 -1.296055185061612547e-01 -1.893493884055333920e-01 -1.647540175762359782e-01 -8.490602006251121714e-02 1.896713722059155394e-02 1.179436119778139030e-01 1.892013445985710196e-01 2.186622741423069338e-01 2.021681829643030281e-01 1.450900509585222042e-01 6.050241683969489331e-02 -3.373966591307830942e-02 -1.185301334884732577e-01 -1.770777698431655611e-01 -1.979440552929783992e-01 -1.770777698431643121e-01 -1.185301334884695523e-01 -3.373966591307474283e-02 6.050241683970015993e-02 1.450900509585255349e-01 2.021681829643084682e-01 2.186622741423108751e-01 1.892013445985752385e-01 1.179436119778162900e-01 1.896713722059301110e-02 -8.490602006251089795e-02 -1.647540175762352288e-01 -1.893493884055327259e-01 -1.296055185061562032e-01 3.693398862439423169e-02 3.221999530680599855e-01 7.248710688355979315e-01 1.229246704334934659e+00 1.805942162515598692e+00
2.435367872547601120e+00 3.255874155431608408e+00 4.054844943599603013e+00 4.765167256389286621e+00 5.324429249020031563e+00 5.682031529855352758e+00 5.805040365208322228e+00 5.682031529855353646e+00 5.324429249020030674e+00 4.765167256389288397e+00 4.054844943599600349e+00 3.255874155431610184e+00 2.435367872547610446e+00 1.657676526585034615e+00 9.775106586594300984e-01 4.344964254809132176e-01 4.980660575285867503e-02 -1.747769792555862733e-01 -2.553434028956036439e-01 -2.221757980994281401e-01 -1.144983475872170392e-01 2.557776078326464211e-02 1.590505440013032790e-01 2.551437613241950841e-01 2.948727198675095140e-01 2.726299368063803685e-01 1.956583417037555672e-01 8.158934723448957316e-02 -4.549896452981207901e-02 -1.598414860775482227e-01 -2.387947524397479315e-01 -2.669335723082080225e-01 -2.387947524397490418e-01 -1.598414860775488333e-01 -4.549896452981341127e-02 8.158934723448695026e-02 1.956583417037518480e-01 2.726299368063787587e-01 2.948727198675062944e-01 2.551437613241934188e-01 1.590505440013034455e-01 2.557776078326666480e-02 -1.144983475872150686e-01 -2.221757980994230885e-01 -2.553434028955978152e-01 -1.747769792555820545e-01 4.980660575286003505e-02 4.344964254809156601e-01 9.775106586594207725e-01 1.657676526585034171e+00 1.805942162515594918e+00 2.414386951318324481e+00 3.006862137197123808e+00 3.533600223916058880e+00 3.948319833125569112e+00 4.213499087418959732e+00 4.304716042619030958e+00 4.213499087418960620e+00 3.948319833125570000e+00 3.533600223916057104e+00 3.006862137197124696e+00 2.414386951318326258e+00 1.805942162515595806e+00 1.229246704334935991e+00 7.248710688355924914e-01 3.221999530680592638e-01 3.693398862438745933e-02 -1.296055185061607828e-01 -1.893493884055353627e-01 -1.647540175762353121e-01 -8.490602006251173062e-02 1.896713722059367377e-02 1.179436119778169006e-01 1.892013445985760711e-01 2.186622741423126515e-01 2.021681829643094397e-01 1.450900509585280052e-01 6.050241683970106199e-02 -3.373966591307449997e-02 -1.185301334884690250e-01 -1.770777698431625080e-01 -1.979440552929766506e-01 -1.770777698431627301e-01 -1.185301334884702601e-01 -3.373966591307533958e-02 6.050241683969712070e-02 1.450900509585260345e-01 2.021681829643064698e-01 2.186622741423104588e-01 1.892013445985750997e-01 1.179436119778169839e-01 1.896713722059488114e-02 -8.490602006250987099e-02 -1.647540175762330084e-01 -1.893493884055301446e-01 -1.296055185061571746e-01 3.693398862439203900e-02 3.221999530680613733e-01 7.248710688355908260e-01 1.229246704334935325e+00
1.657676526585034171e+00 2.435367872547597567e+00 3.255874155431608852e+00 4.054844943599601237e+00 4.765167256389290174e+00 5.324429249020028898e+00 5.682031529855353646e+00 5.805040365208324005e+00 5.682031529855356311e+00 5.324429249020029786e+00 4.765167256389286621e+00 4.054844943599604790e+00 3.255874155431623063e+00 2.435367872547601564e+00 1.657676526585043275e+00 9.775106586594262126e-01 4.344964254809113302e-01 4.980660575285848074e-02 -1.747769792555868840e-01 -2.553434028956039215e-01 -2.221757980994266135e-01 -1.144983475872173861e-01 2.557776078326515212e-02 1.590505440013051941e-01 2.551437613241977487e-01 2.948727198675110683e-01 2.726299368063830886e-01 1.956583417037559003e-01 8.158934723449075277e-02 -4.549896452980987244e-02 -1.598414860775461410e-01 -2.387947524397455168e-01 -2.669335723082073009e-01 -2.387947524397462384e-01 -1.598414860775479451e-01 -4.549896452981207901e-02 8.158934723448953152e-02 1.956583417037552342e-01 2.726299368063792583e-01 2.948727198675075711e-01 2.551437613241949731e-01 1.590505440013055272e-01 2.557776078326702215e-02 -1.144983475872139306e-01 -2.221757980994225334e-01 -2.553434028956009239e-01 -1.747769792555861346e-01 4.980660575285998648e-02 4.344964254809070558e-01 9.775106586594185520e-01 1.229246704334933327e+00 1.805942162515593585e+00 2.414386951318324925e+00 3.006862137197124252e+00 3.533600223916058880e+00 3.948319833125570444e+00 4.213499087418962397e+00 4.304716042619032734e+00 4.213499087418962397e+00 3.948319833125569556e+00 3.533600223916059768e+00 3.006862137197126916e+00 2.414386951318328478e+00 1.805942162515597804e+00 1.229246704334935769e+00 7.248710688355940457e-01 3.221999530680543788e-01 3.693398862439005448e-02 -1.296055185061614212e-01 -1.893493884055341692e-01 -1.647540175762364500e-01 -8.490602006251113387e-02 1.896713722059396173e-02 1.179436119778181219e-01 1.892013445985777365e-01 2.186622741423140948e-01 2.021681829643106332e-01 1.450900509585290599e-01 6.050241683970072198e-02 -3.373966591307313301e-02 -1.185301334884676233e-01 -1.770777698431613700e-01 -1.979440552929751518e-01 -1.770777698431624247e-01 -1.185301334884688168e-01 -3.373966591307551305e-02 6.050241683970037504e-02 1.450900509585267006e-01 2.021681829643079131e-01 2.186622741423120686e-01 1.892013445985762932e-01 1.179436119778185660e-01 1.896713722059533910e-02 -8.490602006250837219e-02 -1.647540175762317594e-01 -1.893493884055323928e-01 -1.296055185061595616e-01 3.693398862439217778e-02 3.221999530680557111e-01 7.248710688355910481e-01
9.775106586594218827e-01 1.657676526585032395e+00 2.435367872547599344e+00 3.255874155431610184e+00 4.054844943599604790e+00 4.765167256389289285e+00 5.324429249020030674e+00 5.682031529855356311e+00 5.805040365208326669e+00 5.682031529855354535e+00 5.324429249020027122e+00 4.765167256389290174e+00 4.054844943599617224e+00 3.255874155431613293e+00 2.435367872547609558e+00 1.657676526585040166e+00 9.775106586594251024e-01 4.344964254809122184e-01 4.980660575286083303e-02 -1.747769792555843582e-01 -2.553434028956005908e-01 -2.221757980994252257e-01 -1.144983475872151102e-01 2.557776078326797972e-02 1.590505440013081639e-01 2.551437613241991920e-01 2.948727198675128447e-01 2.726299368063816453e-01 1.956583417037541794e-01 8.158934723449032256e-02 -4.549896452981066347e-02 -1.598414860775472512e-01 -2.387947524397489030e-01 -2.669335723082086886e-01 -2.387947524397496801e-01 -1.598414860775505819e-01 -4.549896452981379291e-02 8.158934723448885151e-02 1.956583417037516259e-01 2.726299368063764272e-01 2.948727198675054617e-01 2.551437613241934188e-01 1.590505440013032512e-01 2.557776078326643582e-02 -1.144983475872148049e-01 -2.221757980994268078e-01 -2.553434028956034219e-01 -1.747769792555870783e-01 4.980660575285469904e-02 4.344964254809062787e-01 7.248710688355910481e-01 1.229246704334933771e+00 1.805942162515594474e+00 2.414386951318326258e+00 3.006862137197126028e+00 3.533600223916059768e+00 3.948319833125572664e+00 4.213499087418963285e+00 4.304716042619033622e+00 4.213499087418960620e+00 3.948319833125571776e+00 3.533600223916060656e+00 3.006862137197127360e+00 2.414386951318329366e+00 1.805942162515597582e+00 1.229246704334937990e+00 7.248710688355901599e-01 3.221999530680583756e-01 3.693398862439132430e-02 -1.296055185061582848e-01 -1.893493884055340026e-01 -1.647540175762346182e-01 -8.490602006250951017e-02 1.896713722059585605e-02 1.179436119778202174e-01 1.892013445985787634e-01 2.186622741423146776e-01 2.021681829643101058e-01 1.450900509585271447e-01 6.050241683969988238e-02 -3.373966591307412527e-02 -1.185301334884690805e-01 -1.770777698431626468e-01 -1.979440552929777886e-01 -1.770777698431640901e-01 -1.185301334884716479e-01 -3.373966591307531182e-02 6.050241683969831419e-02 1.450900509585249243e-01 2.021681829643069417e-01 2.186622741423106808e-01 1.892013445985750164e-01 1.179436119778171643e-01 1.896713722059469379e-02 -8.490602006250848321e-02 -1.647540175762347014e-01 -1.893493884055345855e-01 -1.296055185061606441e-01 3.693398862438857649e-02 3.221999530680560997e-01
4.344964254809098314e-01 9.775106586594193292e-01 1.657676526585032395e+00 2.435367872547599344e+00 3.255874155431609296e+00 4.054844943599602125e+00 4.765167256389288397e+00 5.324429249020029786e+00 5.682031529855354535e+00 5.805040365208320452e+00 5.682031529855347429e+00 5.324429249020027122e+00 4.765167256389301720e+00 4.054844943599604790e+00 3.255874155431616845e+00 2.435367872547605117e+00 1.657676526585037724e+00 9.775106586594242142e-01 4.344964254809142168e-01 4.980660575286265795e-02 -1.747769792555830815e-01 -2.553434028956010349e-01 -2.221757980994245874e-01 -1.144983475872141943e-01 2.557776078326871524e-02 1.590505440013076643e-01 2.551437613241988034e-01 2.948727198675092365e-01 2.726299368063780371e-01 1.956583417037525974e-01 8.158934723448914295e-02 -4.549896452981182227e-02 -1.598414860775496382e-01 -2.387947524397485421e-01 -2.669335723082090217e-01 -2.387947524397479593e-01 -1.598414860775475843e-01 -4.549896452980912304e-02 8.158934723449044746e-02 1.956583417037540407e-01 2.726299368063788142e-01 2.948727198675085703e-01 2.551437613241958058e-01 1.590505440013066651e-01 2.557776078326820177e-02 -1.144983475872162065e-01 -2.221757980994261139e-01 -2.553434028956039770e-01 -1.747769792555900759e-01 4.980660575285356106e-02 3.221999530680564883e-01 7.248710688355911591e-01 1.229246704334933549e+00 1.805942162515594474e+00 2.414386951318325814e+00 3.006862137197124252e+00 3.533600223916059324e+00 3.948319833125570888e+00 4.213499087418961508e+00 4.304716042619030070e+00 4.213499087418959732e+00 3.948319833125569556e+00 3.533600223916059768e+00 3.006862137197126472e+00 2.414386951318327590e+00 1.805942162515598026e+00 1.229246704334931772e+00 7.248710688355923804e-01 3.221999530680592638e-01 3.693398862439395414e-02 -1.296055185061590620e-01 -1.893493884055332810e-01 -1.647540175762341463e-01 -8.490602006250919098e-02 1.896713722059646320e-02 1.179436119778197456e-01 1.892013445985777642e-01 2.186622741423123184e-01 2.021681829643071082e-01 1.450900509585255072e-01 6.050241683969895951e-02 -3.373966591307495100e-02 -1.185301334884695384e-01 -1.770777698431642011e-01 -1.979440552929772612e-01 -1.770777698431636460e-01 -1.185301334884682756e-01 -3.373966591307336893e-02 6.050241683970038892e-02 1.450900509585282550e-01 2.021681829643093009e-01 2.186622741423129845e-01 1.892013445985772646e-01 1.179436119778190656e-01 1.896713722059703913e-02 -8.490602006250924649e-02 -1.647540175762347570e-01 -1.893493884055348908e-01 -1.296055185061617543e-01 3.693398862438857649e-02
4.980660575285637826e-02 4.344964254809070003e-01 9.775106586594187741e-01 1.657676526585033283e+00 2.435367872547598012e+00 3.255874155431607075e+00 4.054844943599600349e+00 4.765167256389287509e+00 5.324429249020027122e+00 5.682031529855347429e+00 5.805040365208314235e+00 5.682031529855345653e+00 5.324429249020038668e+00 4.765167256389286621e+00 4.054844943599604790e+00 3.255874155431612404e+00 2.435367872547600232e+00 1.657676526585036170e+00 9.775106586594256575e-01 4.344964254809153825e-01 4.980660575286165875e-02 -1.747769792555846635e-01 -2.553434028956009239e-01 -2.221757980994238102e-01 -1.144983475872134726e-01 2.557776078326918362e-02 1.590505440013081084e-01 2.551437613241966940e-01 2.948727198675075711e-01 2.726299368063792028e-01 1.956583417037544015e-01 8.158934723449097481e-02 -4.549896452981119083e-02 -1.598414860775470292e-01 -2.387947524397462384e-01 -2.669335723082048584e-01 -2.387947524397431576e-01 -1.598414860775413393e-01 -4.549896452980629197e-02 8.158934723449386139e-02 1.956583417037563721e-01 2.726299368063816453e-01 2.948727198675111794e-01 2.551437613241983593e-01 1.590505440013078586e-01 2.557776078326676542e-02 -1.144983475872154155e-01 -2.221757980994278070e-01 -2.553434028956063084e-01 -1.747769792555916579e-01 3.693398862438913161e-02 3.221999530680562662e-01 7.248710688355902709e-01 1.229246704334933105e+00 1.805942162515594251e+00 2.414386951318323593e+00 3.006862137197123364e+00 3.533600223916057548e+00 3.948319833125569112e+00 4.213499087418957068e+00 4.304716042619027405e+00 4.213499087418957956e+00 3.948319833125568223e+00 3.533600223916057548e+00 3.006862137197124252e+00 2.414386951318326702e+00 1.805942162515591143e+00 1.229246704334933105e+00 7.248710688355929355e-01 3.221999530680608737e-01 3.693398862439169900e-02 -1.296055185061594783e-01 -1.893493884055330867e-01 -1.647540175762338688e-01 -8.490602006250833056e-02 1.896713722059653259e-02 1.179436119778196207e-01 1.892013445985765707e-01 2.186622741423109861e-01 2.021681829643073025e-01 1.450900509585264508e-01 6.050241683970020851e-02 -3.373966591307351465e-02 -1.185301334884693580e-01 -1.770777698431620084e-01 -1.979440552929747077e-01 -1.770777698431590941e-01 -1.185301334884650976e-01 -3.373966591307073215e-02 6.050241683970428164e-02 1.450900509585305032e-01 2.021681829643111605e-01 2.186622741423151495e-01 1.892013445985788467e-01 1.179436119778208975e-01 1.896713722059611279e-02 -8.490602006250934364e-02 -1.647540175762359504e-01 -1.893493884055351406e-01 -1.296055185061625592e-01
-1.747769792555896040e-01 4.980660575285438679e-02 4.344964254809077775e-01 9.775106586594223268e-01 1.657676526585033949e+00 2.435367872547601564e+00 3.255874155431610184e+00 4.054844943599604790e+00 4.765167256389290174e+00 5.324429249020027122e+00 5.682031529855346541e+00 5.805040365208316011e+00 5.682031529855363416e+00 5.324429249020028010e+00 4.765167256389290174e+00 4.054844943599604790e+00 3.255874155431610628e+00 2.435367872547602008e+00 1.657676526585039500e+00 9.775106586594287661e-01 4.344964254809161042e-01 4.980660575286196406e-02 -1.747769792555829704e-01 -2.553434028955990365e-01 -2.221757980994232828e-01 -1.144983475872138473e-01 2.557776078326750441e-02 1.590505440013037508e-01 2.551437613241918090e-01 2.948727198675047956e-01 2.726299368063764827e-01 1.956583417037517925e-01 8.158934723448688087e-02 -4.549896452981318923e-02 -1.598414860775490276e-01 -2.387947524397456556e-01 -2.669335723082036371e-01 -2.387947524397405485e-01 -1.598414860775420332e-01 -4.549896452980690953e-02 8.158934723449180748e-02 1.956583417037543737e-01 2.726299368063802575e-01 2.948727198675082928e-01 2.551437613241948621e-01 1.590505440013017524e-01 2.557776078326331332e-02 -1.144983475872214385e-01 -2.221757980994323589e-01 -2.553434028956099167e-01 -1.296055185061627535e-01 3.693398862438881242e-02 3.221999530680566548e-01 7.248710688355922693e-01 1.229246704334935325e+00 1.805942162515595140e+00 2.414386951318327146e+00 3.006862137197126472e+00 3.533600223916060212e+00 3.948319833125568223e+00 4.213499087418959732e+00 4.304716042619028293e+00 4.213499087418958844e+00 3.948319833125569112e+00 3.533600223916057992e+00 3.006862137197124696e+00 2.414386951318321817e+00 1.805942162515594029e+00 1.229246704334936213e+00 7.248710688355962661e-01 3.221999530680602075e-01 3.693398862439251085e-02 -1.296055185061581183e-01 -1.893493884055321430e-01 -1.647540175762332026e-01 -8.490602006250896894e-02 1.896713722059517257e-02 1.179436119778162068e-01 1.892013445985728515e-01 2.186622741423084881e-01 2.021681829643050543e-01 1.450900509585245635e-01 6.050241683969832113e-02 -3.373966591307677593e-02 -1.185301334884704683e-01 -1.770777698431618696e-01 -1.979440552929732922e-01 -1.770777698431584279e-01 -1.185301334884650282e-01 -3.373966591306967050e-02 6.050241683970326162e-02 1.450900509585290321e-01 2.021681829643104666e-01 2.186622741423128735e-01 1.892013445985766540e-01 1.179436119778168313e-01 1.896713722059273702e-02 -8.490602006251396494e-02 -1.647540175762378656e-01 -1.893493884055377774e-01
-2.553434028956055313e-01 -1.747769792555884660e-01 4.980660575285895952e-02 4.344964254809162707e-01 9.775106586594279889e-01 1.657676526585044829e+00 2.435367872547610446e+00 3.255874155431623507e+00 4.054844943599617224e+00 4.765167256389300832e+00 5.324429249020038668e+00 5.682031529855363416e+00 5.805040365208348874e+00 5.682031529855367857e+00 5.324429249020044885e+00 4.765167256389305273e+00 4.054844943599616336e+00 3.255874155431623507e+00 2.435367872547614887e+00 1.657676526585051047e+00 9.775106586594345393e-01 4.344964254809192683e-01 4.980660575286565556e-02 -1.747769792555804169e-01 -2.553434028955993140e-01 -2.221757980994246706e-01 -1.144983475872175666e-01 2.557776078326121777e-02 1.590505440012960070e-01 2.551437613241852587e-01 2.948727198674971350e-01 2.726299368063674344e-01 1.956583417037396355e-01 8.158934723447448800e-02 -4.549896452982710171e-02 -1.598414860775620172e-01 -2.387947524397597276e-01 -2.669335723082174039e-01 -2.387947524397574794e-01 -1.598414860775590474e-01 -4.549896452982427758e-02 8.158934723447573700e-02 1.956583417037418560e-01 2.726299368063676010e-01 2.948727198674978567e-01 2.551437613241844815e-01 1.590505440012961458e-01 2.557776078325622177e-02 -1.144983475872245193e-01 -2.221757980994336357e-01 -1.893493884055360288e-01 -1.296055185061605053e-01 3.693398862439196267e-02 3.221999530680615398e-01 7.248710688355975984e-01 1.229246704334941098e+00 1.805942162515603577e+00 2.414386951318336472e+00 3.006862137197135798e+00 3.533600223916068206e+00 3.948319833125579770e+00 4.213499087418970390e+00 4.304716042619040728e+00 4.213499087418970390e+00 3.948319833125580658e+00 3.533600223916068650e+00 3.006862137197130913e+00 2.414386951318332475e+00 1.805942162515604243e+00 1.229246704334944873e+00 7.248710688355995968e-01 3.221999530680632051e-01 3.693398862439550151e-02 -1.296055185061567860e-01 -1.893493884055320042e-01 -1.647540175762342851e-01 -8.490602006251160572e-02 1.896713722059004473e-02 1.179436119778106695e-01 1.892013445985676057e-01 2.186622741423024097e-01 2.021681829642982819e-01 1.450900509585166254e-01 6.050241683968714951e-02 -3.373966591308681651e-02 -1.185301334884800023e-01 -1.770777698431720559e-01 -1.979440552929843944e-01 -1.770777698431703073e-01 -1.185301334884761443e-01 -3.373966591308189683e-02 6.050241683969167367e-02 1.450900509585199005e-01 2.021681829643006967e-01 2.186622741423047689e-01 1.892013445985690212e-01 1.179436119778113912e-01 1.896713722058745305e-02 -8.490602006251449230e-02 -1.647540175762391979e-01
-2.221757980994283621e-01 -2.553434028956060864e-01 -1.747769792555889934e-01 4.980660575285898034e-02 4.344964254809092208e-01 9.775106586594237701e-01 1.657676526585035059e+00 2.435367872547602008e+00 3.255874155431613293e+00 4.054844943599604790e+00 4.765167256389287509e+00 5.324429249020028010e+00 5.682031529855367857e+00 5.805040365208324893e+00 5.682031529855356311e+00 5.324429249020033339e+00 4.765167256389291950e+00 4.054844943599607454e+00 3.255874155431615513e+00 2.435367872547608226e+00 1.657676526585039278e+00 9.775106586594236591e-01 4.344964254809128290e-01 4.980660575286081221e-02 -1.747769792555856905e-01 -2.553434028956027557e-01 -2.221757980994277792e-01 -1.144983475872194539e-01 2.557776078326089858e-02 1.590505440013001981e-01 2.551437613241912539e-01 2.948727198675051286e-01 2.726299368063758166e-01 1.956583417037499606e-01 8.158934723448597881e-02 -4.549896452981323086e-02 -1.598414860775478064e-01 -2.387947524397447396e-01 -2.669335723082051359e-01 -2.387947524397465437e-01 -1.598414860775495550e-01 -4.549896452981504191e-02 8.158934723448710291e-02 1.956583417037499883e-01 2.726299368063759831e-01 2.948727198675041294e-01 2.551437613241922531e-01 1.590505440012998928e-01 2.557776078326164798e-02 -1.144983475872209666e-01 -1.647540175762365333e-01 -1.893493884055351961e-01 -1.296055185061616710e-01 3.693398862439033203e-02 3.221999530680577095e-01 7.248710688355920473e-01 1.229246704334935547e+00 1.805942162515596472e+00 2.414386951318328478e+00 3.006862137197125584e+00 3.533600223916060212e+00 3.948319833125570888e+00 4.213499087418960620e+00 4.304716042619032734e+00 4.213499087418962397e+00 3.948319833125571332e+00 3.533600223916057548e+00 3.006862137197124252e+00 2.414386951318328034e+00 1.805942162515599358e+00 1.229246704334936657e+00 7.248710688355927134e-01 3.221999530680585422e-01 3.693398862439146307e-02 -1.296055185061602000e-01 -1.893493884055345577e-01 -1.647540175762365056e-01 -8.490602006251360412e-02 1.896713722059013840e-02 1.179436119778133479e-01 1.892013445985717135e-01 2.186622741423082383e-01 2.021681829643055262e-01 1.450900509585222875e-01 6.050241683969583700e-02 -3.373966591307631796e-02 -1.185301334884698299e-01 -1.770777698431617309e-01 -1.979440552929748187e-01 -1.770777698431607317e-01 -1.185301334884684421e-01 -3.373966591307452773e-02 6.050241683970013218e-02 1.450900509585257292e-01 2.021681829643063311e-01 2.186622741423097649e-01 1.892013445985737397e-01 1.179436119778144165e-01 1.896713722059300763e-02 -8.490602006251242451e-02
-1.144983475872161927e-01 -2.221757980994260584e-01 -2.553434028955998691e-01 -1.747769792555793900e-01 4.980660575286499636e-02 4.344964254809208781e-01 9.775106586594300984e-01 1.657676526585043719e+00 2.435367872547609558e+00 3.255874155431616845e+00 4.054844943599604790e+00 4.765167256389290174e+00 5.324429249020044885e+00 5.682031529855355423e+00 5.805040365208321340e+00 5.682031529855353646e+00 5.324429249020028898e+00 4.765167256389290174e+00 4.054844943599604790e+00 3.255874155431615513e+00 2.435367872547602897e+00 1.657676526585035059e+00 9.775106586594237701e-01 4.344964254809133841e-01 4.980660575285932035e-02 -1.747769792555861623e-01 -2.553434028956043655e-01 -2.221757980994286397e-01 -1.144983475872207168e-01 2.557776078326243208e-02 1.590505440013015859e-01 2.551437613241939739e-01 2.948727198675076266e-01 2.726299368063782036e-01 1.956583417037527084e-01 8.158934723448979520e-02 -4.549896452980984468e-02 -1.598414860775451696e-01 -2.387947524397452392e-01 -2.669335723082079670e-01 -2.387947524397515953e-01 -1.598414860775558555e-01 -4.549896452981957995e-02 8.158934723447913706e-02 1.956583417037432437e-01 2.726299368063682116e-01 2.948727198674987449e-01 2.551437613241862579e-01 1.590505440012981164e-01 2.557776078326148839e-02 -8.490602006251046774e-02 -1.647540175762335912e-01 -1.893493884055316712e-01 -1.296055185061557313e-01 3.693398862439613989e-02 3.221999530680637047e-01 7.248710688355990417e-01 1.229246704334941098e+00 1.805942162515602023e+00 2.414386951318330254e+00 3.006862137197128693e+00 3.533600223916061545e+00 3.948319833125570888e+00 4.213499087418960620e+00 4.304716042619030958e+00 4.213499087418958844e+00 3.948319833125566891e+00 3.533600223916054883e+00 3.006862137197124696e+00 2.414386951318328478e+00 1.805942162515595806e+00 1.229246704334933993e+00 7.248710688355923804e-01 3.221999530680584867e-01 3.693398862439104674e-02 -1.296055185061602277e-01 -1.893493884055353627e-01 -1.647540175762379211e-01 -8.490602006251414535e-02 1.896713722059116536e-02 1.179436119778144720e-01 1.892013445985735454e-01 2.186622741423108474e-01 2.021681829643053319e-01 1.450900509585246190e-01 6.050241683969904971e-02 -3.373966591307443752e-02 -1.185301334884682339e-01 -1.770777698431612868e-01 -1.979440552929759567e-01 -1.770777698431641178e-01 -1.185301334884723279e-01 -3.373966591307802493e-02 6.050241683969403983e-02 1.450900509585196230e-01 2.021681829643008355e-01 2.186622741423050464e-01 1.892013445985694653e-01 1.179436119778142361e-01 1.896713722059241089e-02
2.557776078326639418e-02 -1.144983475872176915e-01 -2.221757980994261417e-01 -2.553434028956004798e-01 -1.747769792555845247e-01 4.980660575286391389e-02 4.344964254809132731e-01 9.775106586594263236e-01 1.657676526585041055e+00 2.435367872547605117e+00 3.255874155431612404e+00 4.054844943599603901e+00 4.765167256389305273e+00 5.324429249020033339e+00 5.682031529855353646e+00 5.805040365208323117e+00 5.682031529855353646e+00 5.324429249020030674e+00 4.765167256389291062e+00 4.054844943599607454e+00 3.255874155431611516e+00 2.435367872547599788e+00 1.657676526585035282e+00 9.775106586594244362e-01 4.344964254809107196e-01 4.980660575285750929e-02 -1.747769792555896595e-01 -2.553434028956065860e-01 -2.221757980994323589e-01 -1.144983475872220768e-01 2.557776078326001387e-02 1.590505440013001148e-01 2.551437613241916980e-01 2.948727198675042960e-01 2.726299368063755946e-01 1.956583417037513484e-01 8.158934723448932336e-02 -4.549896452980960876e-02 -1.598414860775453916e-01 -2.387947524397456833e-01 -2.669335723082076894e-01 -2.387947524397499299e-01 -1.598414860775498880e-01 -4.549896452981547212e-02 8.158934723448564574e-02 1.956583417037490447e-01 2.726299368063750950e-01 2.948727198675041294e-01 2.551437613241923641e-01 1.590505440013023353e-01 1.896713722059437113e-02 -8.490602006250994038e-02 -1.647540175762350068e-01 -1.893493884055329202e-01 -1.296055185061588122e-01 3.693398862439241370e-02 3.221999530680610402e-01 7.248710688355958220e-01 1.229246704334938656e+00 1.805942162515598914e+00 2.414386951318328922e+00 3.006862137197126916e+00 3.533600223916059768e+00 3.948319833125571332e+00 4.213499087418961508e+00 4.304716042619029182e+00 4.213499087418957956e+00 3.948319833125566891e+00 3.533600223916058436e+00 3.006862137197125584e+00 2.414386951318325369e+00 1.805942162515592919e+00 1.229246704334933771e+00 7.248710688355921583e-01 3.221999530680571544e-01 3.693398862439004754e-02 -1.296055185061627257e-01 -1.893493884055381937e-01 -1.647540175762401138e-01 -8.490602006251538048e-02 1.896713722058910104e-02 1.179436119778127512e-01 1.892013445985726017e-01 2.186622741423066563e-01 2.021681829643038608e-01 1.450900509585240916e-01 6.050241683969784234e-02 -3.373966591307461793e-02 -1.185301334884675400e-01 -1.770777698431610370e-01 -1.979440552929753183e-01 -1.770777698431619807e-01 -1.185301334884683727e-01 -3.373966591307505508e-02 6.050241683969729417e-02 1.450900509585242582e-01 2.021681829643055262e-01 2.186622741423089877e-01 1.892013445985747666e-01 1.179436119778170117e-01
1.590505440013061655e-01 2.557776078326502028e-02 -1.144983475872162898e-01 -2.221757980994253923e-01 -2.553434028956019231e-01 -1.747769792555836643e-01 4.980660575285866809e-02 4.344964254809113302e-01 9.775106586594244362e-01 1.657676526585037724e+00 2.435367872547600676e+00 3.255874155431610184e+00 4.054844943599616336e+00 4.765167256389291062e+00 5.324429249020029786e+00 5.682031529855353646e+00 5.805040365208324005e+00 5.682031529855355423e+00 5.324429249020031563e+00 4.765167256389292838e+00 4.054844943599605678e+00 3.255874155431610628e+00 2.435367872547602897e+00 1.657676526585038612e+00 9.775106586594239921e-01 4.344964254809111637e-01 4.980660575285589253e-02 -1.747769792555891599e-01 -2.553434028956076962e-01 -2.221757980994313875e-01 -1.144983475872215356e-01 2.557776078326166880e-02 1.590505440013016136e-01 2.551437613241923086e-01 2.948727198675059613e-01 2.726299368063774264e-01 1.956583417037540407e-01 8.158934723449150217e-02 -4.549896452980883854e-02 -1.598414860775463631e-01 -2.387947524397470156e-01 -2.669335723082095768e-01 -2.387947524397488197e-01 -1.598414860775511093e-01 -4.549896452981467415e-02 8.158934723448599269e-02 1.956583417037500994e-01 2.726299368063765383e-01 2.948727198675066830e-01 2.551437613241945845e-01 1.179436119778181358e-01 1.896713722059512053e-02 -8.490602006251049549e-02 -1.647540175762347292e-01 -1.893493884055342247e-01 -1.296055185061606163e-01 3.693398862439151165e-02 3.221999530680585422e-01 7.248710688355940457e-01 1.229246704334935769e+00 1.805942162515596028e+00 2.414386951318327146e+00 3.006862137197123808e+00 3.533600223916058880e+00 3.948319833125571332e+00 4.213499087418957956e+00 4.304716042619029182e+00 4.213499087418957956e+00 3.948319833125570888e+00 3.533600223916060656e+00 3.006862137197124696e+00 2.414386951318325369e+00 1.805942162515596250e+00 1.229246704334936213e+00 7.248710688355927134e-01 3.221999530680583201e-01 3.693398862438905528e-02 -1.296055185061629755e-01 -1.893493884055386378e-01 -1.647540175762394199e-01 -8.490602006251525558e-02 1.896713722058970125e-02 1.179436119778146941e-01 1.892013445985715192e-01 2.186622741423079885e-01 2.021681829643055817e-01 1.450900509585248688e-01 6.050241683969928563e-02 -3.373966591307299423e-02 -1.185301334884677621e-01 -1.770777698431614811e-01 -1.979440552929751518e-01 -1.770777698431614533e-01 -1.185301334884690944e-01 -3.373966591307629020e-02 6.050241683969779377e-02 1.450900509585250353e-01 2.021681829643064421e-01 2.186622741423112359e-01 1.892013445985763487e-01
2.551437613241984148e-01 1.590505440013054994e-01 2.557776078326729277e-02 -1.144983475872156098e-01 -2.221757980994243653e-01 -2.553434028956007573e-01 -1.747769792555863289e-01 4.980660575285843911e-02 4.344964254809123294e-01 9.775106586594244362e-01 1.657676526585036170e+00 2.435367872547602008e+00 3.255874155431623507e+00 4.054844943599606566e+00 4.765167256389290174e+00 5.324429249020030674e+00 5.682031529855355423e+00 5.805040365208325781e+00 5.682031529855356311e+00 5.324429249020034227e+00 4.765167256389291950e+00 4.054844943599604790e+00 3.255874155431613293e+00 2.435367872547606005e+00 1.657676526585038834e+00 9.775106586594245472e-01 4.344964254809097759e-01 4.980660575285768971e-02 -1.747769792555895207e-01 -2.553434028956062529e-01 -2.221757980994299442e-01 -1.144983475872196205e-01 2.557776078326379904e-02 1.590505440013021132e-01 2.551437613241937519e-01 2.948727198675064609e-01 2.726299368063793693e-01 1.956583417037549011e-01 8.158934723449087767e-02 -4.549896452981093409e-02 -1.598414860775483337e-01 -2.387947524397494303e-01 -2.669335723082095213e-01 -2.387947524397504850e-01 -1.598414860775507484e-01 -4.549896452981418843e-02 8.158934723448679760e-02 1.956583417037522921e-01 2.726299368063788697e-01 2.948727198675092920e-01 1.892013445985775699e-01 1.179436119778192599e-01 1.896713722059527318e-02 -8.490602006250949629e-02 -1.647540175762352566e-01 -1.893493884055345855e-01 -1.296055185061599224e-01 3.693398862439115082e-02 3.221999530680591528e-01 7.248710688355932685e-01 1.229246704334935769e+00 1.805942162515596250e+00 2.414386951318325814e+00 3.006862137197125140e+00 3.533600223916060212e+00 3.948319833125567779e+00 4.213499087418960620e+00 4.304716042619029182e+00 4.213499087418961508e+00 3.948319833125572220e+00 3.533600223916059768e+00 3.006862137197125140e+00 2.414386951318327590e+00 1.805942162515598026e+00 1.229246704334936657e+00 7.248710688355937126e-01 3.221999530680573764e-01 3.693398862438948549e-02 -1.296055185061631698e-01 -1.893493884055372778e-01 -1.647540175762385040e-01 -8.490602006251428413e-02 1.896713722059184190e-02 1.179436119778136671e-01 1.892013445985726849e-01 2.186622741423090432e-01 2.021681829643056094e-01 1.450900509585253406e-01 6.050241683970006973e-02 -3.373966591307417384e-02 -1.185301334884690944e-01 -1.770777698431619807e-01 -1.979440552929757624e-01 -1.770777698431623970e-01 -1.185301334884709124e-01 -3.373966591307600571e-02 6.050241683969881379e-02 1.450900509585262010e-01 2.021681829643082184e-01 2.186622741423131511e-01
2.948727198675109018e-01 2.551437613241948066e-01 1.590505440013043614e-01 2.557776078326386496e-02 -1.144983475872154155e-01 -2.221757980994266968e-01 -2.553434028956036439e-01 -1.747769792555869117e-01 4.980660575286067343e-02 4.344964254809143278e-01 9.775106586594256575e-01 1.657676526585039056e+00 2.435367872547614887e+00 3.255874155431615513e+00 4.054844943599604790e+00 4.765167256389291062e+00 5.324429249020031563e+00 5.682031529855356311e+00 5.805040365208321340e+00 5.682031529855353646e+00 5.324429249020028010e+00 4.765167256389287509e+00 4.054844943599602125e+00 3.255874155431611960e+00 2.435367872547601564e+00 1.657676526585035282e+00 9.775106586594202174e-01 4.344964254809100535e-01 4.980660575285614233e-02 -1.747769792555894930e-01 -2.553434028956055868e-01 -2.221757980994295001e-01 -1.144983475872190098e-01 2.557776078326231411e-02 1.590505440013018079e-01 2.551437613241916424e-01 2.948727198675065719e-01 2.726299368063789252e-01 1.956583417037534300e-01 8.158934723448951765e-02 -4.549896452981122552e-02 -1.598414860775485835e-01 -2.387947524397476540e-01 -2.669335723082078560e-01 -2.387947524397470156e-01 -1.598414860775479729e-01 -4.549896452981198186e-02 8.158934723449000337e-02 1.956583417037544570e-01 2.726299368063803685e-01 2.186622741423128458e-01 1.892013445985765707e-01 1.179436119778172337e-01 1.896713722059379520e-02 -8.490602006251171674e-02 -1.647540175762369496e-01 -1.893493884055344190e-01 -1.296055185061606718e-01 3.693398862439201819e-02 3.221999530680596524e-01 7.248710688355950449e-01 1.229246704334937546e+00 1.805942162515596028e+00 2.414386951318327146e+00 3.006862137197126916e+00 3.533600223916056216e+00 3.948319833125570000e+00 4.213499087418957956e+00 4.304716042619029182e+00 4.213499087418958844e+00 3.948319833125568223e+00 3.533600223916055771e+00 3.006862137197123808e+00 2.414386951318326258e+00 1.805942162515595140e+00 1.229246704334934881e+00 7.248710688355908260e-01 3.221999530680568768e-01 3.693398862438836833e-02 -1.296055185061628368e-01 -1.893493884055372778e-01 -1.647540175762394754e-01 -8.490602006251367351e-02 1.896713722058968044e-02 1.179436119778136949e-01 1.892013445985717690e-01 2.186622741423079330e-01 2.021681829643051653e-01 1.450900509585258680e-01 6.050241683969892481e-02 -3.373966591307436813e-02 -1.185301334884678315e-01 -1.770777698431610647e-01 -1.979440552929741803e-01 -1.770777698431622305e-01 -1.185301334884686641e-01 -3.373966591307339669e-02 6.050241683970049994e-02 1.450900509585273668e-01 2.021681829643095507e-01
2.726299368063815343e-01 2.948727198675076266e-01 2.551437613241943070e-01 1.590505440013011973e-01 2.557776078326677929e-02 -1.144983475872191625e-01 -2.221757980994281678e-01 -2.553434028956037549e-01 -1.747769792555843582e-01 4.980660575286269265e-02 4.344964254809152715e-01 9.775106586594289881e-01 1.657676526585051047e+00 2.435367872547607782e+00 3.255874155431614625e+00 4.054844943599606566e+00 4.765167256389293726e+00 5.324429249020033339e+00 5.682031529855353646e+00 5.805040365208322228e+00 5.682031529855351870e+00 5.324429249020027122e+00 4.765167256389288397e+00 4.054844943599603901e+00 3.255874155431611072e+00 2.435367872547601120e+00 1.657676526585033727e+00 9.775106586594229929e-01 4.344964254809102755e-01 4.980660575285668357e-02 -1.747769792555864399e-01 -2.553434028956043100e-01 -2.221757980994278625e-01 -1.144983475872189543e-01 2.557776078326334454e-02 1.590505440013006144e-01 2.551437613241926972e-01 2.948727198675066830e-01 2.726299368063770934e-01 1.956583417037520145e-01 8.158934723448842130e-02 -4.549896452981287004e-02 -1.598414860775492496e-01 -2.387947524397480981e-01 -2.669335723082073009e-01 -2.387947524397470156e-01 -1.598414860775478064e-01 -4.549896452981050388e-02 8.158934723449055848e-02 1.956583417037549566e-01 2.021681829643090511e-01 2.186622741423122074e-01 1.892013445985752107e-01 1.179436119778161651e-01 1.896713722059220966e-02 -8.490602006251285472e-02 -1.647540175762359782e-01 -1.893493884055348353e-01 -1.296055185061592563e-01 3.693398862439293412e-02 3.221999530680611512e-01 7.248710688355962661e-01 1.229246704334937101e+00 1.805942162515598692e+00 2.414386951318330254e+00 3.006862137197123808e+00 3.533600223916060212e+00 3.948319833125569556e+00 4.213499087418960620e+00 4.304716042619030070e+00 4.213499087418957956e+00 3.948319833125566891e+00 3.533600223916057104e+00 3.006862137197123808e+00 2.414386951318325369e+00 1.805942162515595362e+00 1.229246704334933771e+00 7.248710688355923804e-01 3.221999530680567103e-01 3.693398862438940916e-02 -1.296055185061613657e-01 -1.893493884055369447e-01 -1.647540175762377546e-01 -8.490602006251458944e-02 1.896713722059080801e-02 1.179436119778130843e-01 1.892013445985713249e-01 2.186622741423078498e-01 2.021681829643057204e-01 1.450900509585245635e-01 6.050241683969845297e-02 -3.373966591307413221e-02 -1.185301334884686225e-01 -1.770777698431611480e-01 -1.979440552929759845e-01 -1.770777698431620917e-01 -1.185301334884675817e-01 -3.373966591307293872e-02 6.050241683970055545e-02 1.450900509585281994e-01
1.956583417037559003e-01 2.726299368063792028e-01 2.948727198675074601e-01 2.551437613241921420e-01 1.590505440013073590e-01 2.557776078326282065e-02 -1.144983475872171641e-01 -2.221757980994270021e-01 -2.553434028956008683e-01 -1.747769792555828594e-01 4.980660575286158936e-02 4.344964254809159931e-01 9.775106586594345393e-01 1.657676526585039278e+00 2.435367872547602897e+00 3.255874155431611072e+00 4.054844943599605678e+00 4.765167256389291950e+00 5.324429249020028010e+00 5.682031529855351870e+00 5.805040365208320452e+00 5.682031529855352758e+00 5.324429249020029786e+00 4.765167256389291950e+00 4.054844943599606566e+00 3.255874155431613293e+00 2.435367872547602008e+00 1.657676526585038168e+00 9.775106586594237701e-01 4.344964254809104975e-01 4.980660575286054159e-02 -1.747769792555868285e-01 -2.553434028956041990e-01 -2.221757980994288617e-01 -1.144983475872188572e-01 2.557776078326201227e-02 1.590505440013021687e-01 2.551437613241943070e-01 2.948727198675061834e-01 2.726299368063781481e-01 1.956583417037535133e-01 8.158934723448892090e-02 -4.549896452981246064e-02 -1.598414860775485558e-01 -2.387947524397470711e-01 -2.669335723082074674e-01 -2.387947524397472654e-01 -1.598414860775473623e-01 -4.549896452981078837e-02 8.158934723449032256e-02 1.450900509585276998e-01 2.021681829643088013e-01 2.186622741423117078e-01 1.892013445985752107e-01 1.179436119778163594e-01 1.896713722059270579e-02 -8.490602006251057876e-02 -1.647540175762352288e-01 -1.893493884055330034e-01 -1.296055185061588955e-01 3.693398862439298269e-02 3.221999530680602630e-01 7.248710688355930465e-01 1.229246704334935991e+00 1.805942162515596916e+00 2.414386951318323149e+00 3.006862137197125584e+00 3.533600223916057548e+00 3.948319833125569112e+00 4.213499087418958844e+00 4.304716042619028293e+00 4.213499087418958844e+00 3.948319833125568667e+00 3.533600223916059324e+00 3.006862137197126028e+00 2.414386951318328034e+00 1.805942162515595584e+00 1.229246704334936213e+00 7.248710688355927134e-01 3.221999530680577095e-01 3.693398862439125491e-02 -1.296055185061621151e-01 -1.893493884055365006e-01 -1.647540175762391701e-01 -8.490602006251385392e-02 1.896713722059005514e-02 1.179436119778132924e-01 1.892013445985722964e-01 2.186622741423094318e-01 2.021681829643061368e-01 1.450900509585259235e-01 6.050241683970012524e-02 -3.373966591307399343e-02 -1.185301334884677066e-01 -1.770777698431621749e-01 -1.979440552929758457e-01 -1.770777698431609259e-01 -1.185301334884678731e-01 -3.373966591307366036e-02 6.050241683970105505e-02
8.158934723449133564e-02 1.956583417037532913e-01 2.726299368063774264e-01 2.948727198675037409e-01 2.551437613241979152e-01 1.590505440012993932e-01 2.557776078326454150e-02 -1.144983475872176082e-01 -2.221757980994253368e-01 -2.553434028956009794e-01 -1.747769792555847190e-01 4.980660575286177671e-02 4.344964254809193238e-01 9.775106586594237701e-01 1.657676526585035282e+00 2.435367872547599344e+00 3.255874155431610628e+00 4.054844943599604790e+00 4.765167256389287509e+00 5.324429249020027122e+00 5.682031529855352758e+00 5.805040365208322228e+00 5.682031529855355423e+00 5.324429249020032451e+00 4.765167256389295503e+00 4.054844943599609230e+00 3.255874155431613737e+00 2.435367872547606893e+00 1.657676526585039722e+00 9.775106586594246583e-01 4.344964254809155491e-01 4.980660575286063180e-02 -1.747769792555868007e-01 -2.553434028956046986e-01 -2.221757980994288617e-01 -1.144983475872202588e-01 2.557776078326332372e-02 1.590505440013034733e-01 2.551437613241932523e-01 2.948727198675076822e-01 2.726299368063803130e-01 1.956583417037547623e-01 8.158934723449003112e-02 -4.549896452981039285e-02 -1.598414860775462243e-01 -2.387947524397459609e-01 -2.669335723082061351e-01 -2.387947524397462662e-01 -1.598414860775465851e-01 -4.549896452981083694e-02 6.050241683970048606e-02 1.450900509585272558e-01 2.021681829643076356e-01 2.186622741423104588e-01 1.892013445985742948e-01 1.179436119778153880e-01 1.896713722059386459e-02 -8.490602006251098122e-02 -1.647540175762347847e-01 -1.893493884055338083e-01 -1.296055185061592008e-01 3.693398862439189329e-02 3.221999530680570434e-01 7.248710688355919363e-01 1.229246704334934659e+00 1.805942162515591365e+00 2.414386951318325814e+00 3.006862137197122475e+00 3.533600223916056660e+00 3.948319833125567335e+00 4.213499087418957956e+00 4.304716042619030070e+00 4.213499087418960620e+00 3.948319833125571332e+00 3.533600223916061545e+00 3.006862137197128249e+00 2.414386951318328478e+00 1.805942162515599358e+00 1.229246704334936879e+00 7.248710688355937126e-01 3.221999530680603185e-01 3.693398862439067898e-02 -1.296055185061621984e-01 -1.893493884055374721e-01 -1.647540175762383097e-01 -8.490602006251485312e-02 1.896713722059023208e-02 1.179436119778143055e-01 1.892013445985734343e-01 2.186622741423102645e-01 2.021681829643081629e-01 1.450900509585279219e-01 6.050241683970102730e-02 -3.373966591307202278e-02 -1.185301334884676788e-01 -1.770777698431612590e-01 -1.979440552929736252e-01 -1.770777698431606206e-01 -1.185301334884679425e-01 -3.373966591307309831e-02
-4.549896452981077449e-02 8.158934723448905968e-02 1.956583417037510986e-01 2.726299368063737072e-01 2.948727198675106798e-01 2.551437613241882008e-01 1.590505440013032235e-01 2.557776078326495089e-02 -1.144983475872153184e-01 -2.221757980994245596e-01 -2.553434028956009239e-01 -1.747769792555831370e-01 4.980660575286542657e-02 4.344964254809124959e-01 9.775106586594234370e-01 1.657676526585034837e+00 2.435367872547602452e+00 3.255874155431613293e+00 4.054844943599603013e+00 4.765167256389288397e+00 5.324429249020029786e+00 5.682031529855356311e+00 5.805040365208325781e+00 5.682031529855356311e+00 5.324429249020035115e+00 4.765167256389294614e+00 4.054844943599607454e+00 3.255874155431615069e+00 2.435367872547604673e+00 1.657676526585036614e+00 9.775106586594274338e-01 4.344964254809128290e-01 4.980660575285759256e-02 -1.747769792555892709e-01 -2.553434028956060309e-01 -2.221757980994303883e-01 -1.144983475872193707e-01 2.557776078326432639e-02 1.590505440013022798e-01 2.551437613241948066e-01 2.948727198675097361e-01 2.726299368063804796e-01 1.956583417037541794e-01 8.158934723449039195e-02 -4.549896452981019163e-02 -1.598414860775473345e-01 -2.387947524397464605e-01 -2.669335723082073009e-01 -2.387947524397465437e-01 -1.598414860775479451e-01 -3.373966591307372975e-02 6.050241683970011830e-02 1.450900509585261455e-01 2.021681829643064976e-01 2.186622741423100147e-01 1.892013445985736009e-01 1.179436119778172198e-01 1.896713722059419072e-02 -8.490602006250971834e-02 -1.647540175762347292e-01 -1.893493884055329757e-01 -1.296055185061590620e-01 3.693398862439042224e-02 3.221999530680579871e-01 7.248710688355926024e-01 1.229246704334931772e+00 1.805942162515595806e+00 2.414386951318324925e+00 3.006862137197124252e+00 3.533600223916057548e+00 3.948319833125569112e+00 4.213499087418960620e+00 4.304716042619030958e+00 4.213499087418962397e+00 3.948319833125572220e+00 3.533600223916062433e+00 3.006862137197127360e+00 2.414386951318329810e+00 1.805942162515596916e+00 1.229246704334935991e+00 7.248710688355947118e-01 3.221999530680580981e-01 3.693398862438839608e-02 -1.296055185061637249e-01 -1.893493884055376386e-01 -1.647540175762396975e-01 -8.490602006251461720e-02 1.896713722059116536e-02 1.179436119778150133e-01 1.892013445985745446e-01 2.186622741423120964e-01 2.021681829643089678e-01 1.450900509585278941e-01 6.050241683970147138e-02 -3.373966591307317464e-02 -1.185301334884683450e-01 -1.770777698431601765e-01 -1.979440552929748742e-01 -1.770777698431615088e-01 -1.185301334884681923e-01
-1.598414860775465296e-01 -4.549896452981065653e-02 8.158934723448785231e-02 1.956583417037489336e-01 2.726299368063828110e-01 2.948727198675009653e-01 2.551437613241951397e-01 1.590505440013049998e-01 2.557776078326799013e-02 -1.144983475872141110e-01 -2.221757980994237269e-01 -2.553434028955988144e-01 -1.747769792555802504e-01 4.980660575286099262e-02 4.344964254809136617e-01 9.775106586594238811e-01 1.657676526585038612e+00 2.435367872547606005e+00 3.255874155431611960e+00 4.054844943599604790e+00 4.765167256389291950e+00 5.324429249020032451e+00 5.682031529855356311e+00 5.805040365208324005e+00 5.682031529855354535e+00 5.324429249020032451e+00 4.765167256389290174e+00 4.054844943599605678e+00 3.255874155431610628e+00 2.435367872547599344e+00 1.657676526585038834e+00 9.775106586594231040e-01 4.344964254809083881e-01 4.980660575285480313e-02 -1.747769792555907142e-01 -2.553434028956064750e-01 -2.221757980994291115e-01 -1.144983475872175388e-01 2.557776078326372618e-02 1.590505440013042504e-01 2.551437613241968050e-01 2.948727198675092920e-01 2.726299368063794804e-01 1.956583417037538741e-01 8.158934723448975357e-02 -4.549896452981176675e-02 -1.598414860775476676e-01 -2.387947524397475707e-01 -2.669335723082065237e-01 -2.387947524397469323e-01 -1.185301334884677066e-01 -3.373966591307295954e-02 6.050241683970027790e-02 1.450900509585262288e-01 2.021681829643074968e-01 2.186622741423105420e-01 1.892013445985765430e-01 1.179436119778184966e-01 1.896713722059602605e-02 -8.490602006250920486e-02 -1.647540175762331194e-01 -1.893493884055325593e-01 -1.296055185061597836e-01 3.693398862439186553e-02 3.221999530680588197e-01 7.248710688355916032e-01 1.229246704334936879e+00 1.805942162515596694e+00 2.414386951318327590e+00 3.006862137197125140e+00 3.533600223916058880e+00 3.948319833125571332e+00 4.213499087418961508e+00 4.304716042619030958e+00 4.213499087418961508e+00 3.948319833125571332e+00 3.533600223916058436e+00 3.006862137197125584e+00 2.414386951318325369e+00 1.805942162515593807e+00 1.229246704334935325e+00 7.248710688355913812e-01 3.221999530680546009e-01 3.693398862438677238e-02 -1.296055185061642245e-01 -1.893493884055381937e-01 -1.647540175762387538e-01 -8.490602006251311840e-02 1.896713722059224783e-02 1.179436119778165815e-01 1.892013445985764875e-01 2.186622741423123184e-01 2.021681829643088291e-01 1.450900509585276998e-01 6.050241683970017381e-02 -3.373966591307432650e-02 -1.185301334884673041e-01 -1.770777698431615921e-01 -1.979440552929749020e-01 -1.770777698431612868e-01
-2.387947524397454613e-01 -1.598414860775454194e-01 -4.549896452981199574e-02 8.158934723448621473e-02 1.956583417037584260e-01 2.726299368063725415e-01 2.948727198675094030e-01 2.551437613241975821e-01 1.590505440013081917e-01 2.557776078326870137e-02 -1.144983475872136391e-01 -2.221757980994232273e-01 -2.553434028955993695e-01 -1.747769792555858848e-01 4.980660575285923708e-02 4.344964254809107196e-01 9.775106586594239921e-01 1.657676526585038612e+00 2.435367872547601564e+00 3.255874155431611072e+00 4.054844943599606566e+00 4.765167256389295503e+00 5.324429249020034227e+00 5.682031529855354535e+00 5.805040365208326669e+00 5.682031529855356311e+00 5.324429249020032451e+00 4.765167256389292838e+00 4.054844943599605678e+00 3.255874155431609740e+00 2.435367872547604673e+00 1.657676526585036614e+00 9.775106586594193292e-01 4.344964254809061122e-01 4.980660575285311698e-02 -1.747769792555907142e-01 -2.553434028956064750e-01 -2.221757980994289727e-01 -1.144983475872195650e-01 2.557776078326452762e-02 1.590505440013052496e-01 2.551437613241956393e-01 2.948727198675081818e-01 2.726299368063787032e-01 1.956583417037531247e-01 8.158934723448857396e-02 -4.549896452981185002e-02 -1.598414860775485835e-01 -2.387947524397461274e-01 -2.669335723082065792e-01 -1.770777698431603153e-01 -1.185301334884665686e-01 -3.373966591307235585e-02 6.050241683970065260e-02 1.450900509585275888e-01 2.021681829643083295e-01 2.186622741423139005e-01 1.892013445985784303e-01 1.179436119778205089e-01 1.896713722059635565e-02 -8.490602006250795586e-02 -1.647540175762336190e-01 -1.893493884055341969e-01 -1.296055185061599502e-01 3.693398862439020019e-02 3.221999530680563217e-01 7.248710688355934906e-01 1.229246704334935547e+00 1.805942162515596472e+00 2.414386951318326258e+00 3.006862137197126028e+00 3.533600223916061545e+00 3.948319833125572220e+00 4.213499087418961508e+00 4.304716042619032734e+00 4.213499087418961508e+00 3.948319833125571332e+00 3.533600223916060212e+00 3.006862137197125140e+00 2.414386951318325814e+00 1.805942162515597360e+00 1.229246704334934881e+00 7.248710688355890497e-01 3.221999530680536572e-01 3.693398862438661279e-02 -1.296055185061646686e-01 -1.893493884055381937e-01 -1.647540175762383097e-01 -8.490602006251300737e-02 1.896713722059295559e-02 1.179436119778176778e-01 1.892013445985755993e-01 2.186622741423121241e-01 2.021681829643082740e-01 1.450900509585267562e-01 6.050241683969937584e-02 -3.373966591307298729e-02 -1.185301334884684005e-01 -1.770777698431609815e-01 -1.979440552929744579e-01
-2.669335723082064682e-01 -2.387947524397451005e-01 -1.598414860775487500e-01 -4.549896452981525702e-02 8.158934723449325077e-02 1.956583417037461581e-01 2.726299368063802020e-01 2.948727198675109018e-01 2.551437613241991920e-01 1.590505440013077199e-01 2.557776078326897545e-02 -1.144983475872137085e-01 -2.221757980994248372e-01 -2.553434028956028667e-01 -1.747769792555862178e-01 4.980660575285746766e-02 4.344964254809107196e-01 9.775106586594245472e-01 1.657676526585035282e+00 2.435367872547601120e+00 3.255874155431613737e+00 4.054844943599609230e+00 4.765167256389294614e+00 5.324429249020032451e+00 5.682031529855356311e+00 5.805040365208327557e+00 5.682031529855357199e+00 5.324429249020033339e+00 4.765167256389291062e+00 4.054844943599603901e+00 3.255874155431615513e+00 2.435367872547603341e+00 1.657676526585033505e+00 9.775106586594186631e-01 4.344964254809048354e-01 4.980660575285501129e-02 -1.747769792555901314e-01 -2.553434028956058088e-01 -2.221757980994294168e-01 -1.144983475872181633e-01 2.557776078326582520e-02 1.590505440013042782e-01 2.551437613241949731e-01 2.948727198675070160e-01 2.726299368063779816e-01 1.956583417037520423e-01 8.158934723448842130e-02 -4.549896452981297412e-02 -1.598414860775476953e-01 -2.387947524397467380e-01 -1.979440552929742358e-01 -1.770777698431600655e-01 -1.185301334884672347e-01 -3.373966591307344526e-02 6.050241683970059708e-02 1.450900509585270060e-01 2.021681829643103279e-01 2.186622741423146499e-01 1.892013445985793185e-01 1.179436119778200232e-01 1.896713722059749016e-02 -8.490602006250856648e-02 -1.647540175762345072e-01 -1.893493884055338083e-01 -1.296055185061612269e-01 3.693398862438962427e-02 3.221999530680583201e-01 7.248710688355924914e-01 1.229246704334935547e+00 1.805942162515595362e+00 2.414386951318327146e+00 3.006862137197128249e+00 3.533600223916060656e+00 3.948319833125571332e+00 4.213499087418962397e+00 4.304716042619032734e+00 4.213499087418963285e+00 3.948319833125572220e+00 3.533600223916059768e+00 3.006862137197125584e+00 2.414386951318328922e+00 1.805942162515596916e+00 1.229246704334932216e+00 7.248710688355889387e-01 3.221999530680536572e-01 3.693398862438720953e-02 -1.296055185061638915e-01 -1.893493884055370835e-01 -1.647540175762375880e-01 -8.490602006251198042e-02 1.896713722059431215e-02 1.179436119778168313e-01 1.892013445985761821e-01 2.186622741423112914e-01 2.021681829643075246e-01 1.450900509585258957e-01 6.050241683970027790e-02 -3.373966591307436119e-02 -1.185301334884679980e-01 -1.770777698431611480e-01
-2.387947524397465160e-01 -2.669335723082046363e-01 -2.387947524397475707e-01 -1.598414860775508317e-01 -4.549896452980751321e-02 8.158934723448303672e-02 1.956583417037556227e-01 2.726299368063830886e-01 2.948727198675129002e-01 2.551437613241988034e-01 1.590505440013081362e-01 2.557776078326761543e-02 -1.144983475872175110e-01 -2.221757980994278348e-01 -2.553434028956045321e-01 -1.747769792555903257e-01 4.980660575285582314e-02 4.344964254809094428e-01 9.775106586594196623e-01 1.657676526585033283e+00 2.435367872547602008e+00 3.255874155431613737e+00 4.054844943599607454e+00 4.765167256389290174e+00 5.324429249020032451e+00 5.682031529855357199e+00 5.805040365208324893e+00 5.682031529855355423e+00 5.324429249020030674e+00 4.765167256389289285e+00 4.054844943599608342e+00 3.255874155431613293e+00 2.435367872547598456e+00 1.657676526585030841e+00 9.775106586594165536e-01 4.344964254809088877e-01 4.980660575285618397e-02 -1.747769792555883550e-01 -2.553434028956038659e-01 -2.221757980994263360e-01 -1.144983475872149159e-01 2.557776078326683480e-02 1.590505440013058880e-01 2.551437613241950841e-01 2.948727198675074046e-01 2.726299368063778705e-01 1.956583417037526806e-01 8.158934723448796333e-02 -4.549896452981149614e-02 -1.598414860775474178e-01 -1.770777698431603431e-01 -1.979440552929732366e-01 -1.770777698431601765e-01 -1.185301334884675678e-01 -3.373966591307273749e-02 6.050241683970091627e-02 1.450900509585299758e-01 2.021681829643119099e-01 2.186622741423159266e-01 1.892013445985791242e-01 1.179436119778209252e-01 1.896713722059624116e-02 -8.490602006251003753e-02 -1.647540175762356451e-01 -1.893493884055366672e-01 -1.296055185061625592e-01 3.693398862438913854e-02 3.221999530680560997e-01 7.248710688355909371e-01 1.229246704334933549e+00 1.805942162515595140e+00 2.414386951318328478e+00 3.006862137197124696e+00 3.533600223916058436e+00 3.948319833125571332e+00 4.213499087418962397e+00 4.304716042619032734e+00 4.213499087418962397e+00 3.948319833125570888e+00 3.533600223916058880e+00 3.006862137197127360e+00 2.414386951318327590e+00 1.805942162515592697e+00 1.229246704334931550e+00 7.248710688355882725e-01 3.221999530680553780e-01 3.693398862438845159e-02 -1.296055185061615600e-01 -1.893493884055348908e-01 -1.647540175762350345e-01 -8.490602006250901057e-02 1.896713722059477705e-02 1.179436119778190101e-01 1.892013445985760711e-01 2.186622741423117078e-01 2.021681829643075246e-01 1.450900509585268672e-01 6.050241683969964646e-02 -3.373966591307336199e-02 -1.185301334884676649e-01
-1.598414860775486390e-01 -2.387947524397455168e-01 -2.669335723082086886e-01 -2.387947524397513177e-01 -1.598414860775463631e-01 -4.549896452981919831e-02 8.158934723448954540e-02 1.956583417037555395e-01 2.726299368063813677e-01 2.948727198675093475e-01 2.551437613241966385e-01 1.590505440013038063e-01 2.557776078326132879e-02 -1.144983475872192596e-01 -2.221757980994287229e-01 -2.553434028956067525e-01 -1.747769792555891322e-01 4.980660575285776603e-02 4.344964254809104420e-01 9.775106586594229929e-01 1.657676526585038612e+00 2.435367872547606893e+00 3.255874155431615069e+00 4.054844943599605678e+00 4.765167256389292838e+00 5.324429249020033339e+00 5.682031529855355423e+00 5.805040365208323117e+00 5.682031529855353646e+00 5.324429249020028010e+00 4.765167256389291062e+00 4.054844943599603901e+00 3.255874155431607075e+00 2.435367872547596235e+00 1.657676526585029952e+00 9.775106586594222158e-01 4.344964254809101090e-01 4.980660575285798808e-02 -1.747769792555849688e-01 -2.553434028956008683e-01 -2.221757980994238380e-01 -1.144983475872145134e-01 2.557776078326749053e-02 1.590505440013040561e-01 2.551437613241936964e-01 2.948727198675060168e-01 2.726299368063767603e-01 1.956583417037511263e-01 8.158934723448812987e-02 -4.549896452981191941e-02 -1.185301334884677621e-01 -1.770777698431604819e-01 -1.979440552929746244e-01 -1.770777698431616198e-01 -1.185301334884681645e-01 -3.373966591307420160e-02 6.050241683970163792e-02 1.450900509585292819e-01 2.021681829643106332e-01 2.186622741423132343e-01 1.892013445985778752e-01 1.179436119778180941e-01 1.896713722059398255e-02 -8.490602006251132816e-02 -1.647540175762381154e-01 -1.893493884055360288e-01 -1.296055185061617543e-01 3.693398862438992958e-02 3.221999530680583201e-01 7.248710688355929355e-01 1.229246704334935991e+00 1.805942162515598692e+00 2.414386951318328034e+00 3.006862137197125584e+00 3.533600223916060212e+00 3.948319833125571332e+00 4.213499087418962397e+00 4.304716042619030958e+00 4.213499087418959732e+00 3.948319833125569556e+00 3.533600223916059324e+00 3.006862137197126028e+00 2.414386951318323149e+00 1.805942162515592253e+00 1.229246704334930884e+00 7.248710688355912701e-01 3.221999530680570989e-01 3.693398862439093572e-02 -1.296055185061588400e-01 -1.893493884055323095e-01 -1.647540175762328141e-01 -8.490602006250934364e-02 1.896713722059622728e-02 1.179436119778176084e-01 1.892013445985753495e-01 2.186622741423105698e-01 2.021681829643069694e-01 1.450900509585255072e-01 6.050241683969961870e-02 -3.373966591307372975e-02
-4.549896452981115613e-02 -1.598414860775450308e-01 -2.387947524397469601e-01 -2.669335723082104650e-01 -2.387947524397460719e-01 -1.598414860775545787e-01 -4.549896452981215533e-02 8.158934723449069726e-02 1.956583417037540684e-01 2.726299368063783146e-01 2.948727198675074601e-01 2.551437613241918090e-01 1.590505440012958405e-01 2.557776078326074592e-02 -1.144983475872209805e-01 -2.221757980994325532e-01 -2.553434028956077517e-01 -1.747769792555895485e-01 4.980660575285607988e-02 4.344964254809101090e-01 9.775106586594237701e-01 1.657676526585039722e+00 2.435367872547603785e+00 3.255874155431611072e+00 4.054844943599604790e+00 4.765167256389292838e+00 5.324429249020030674e+00 5.682031529855354535e+00 5.805040365208321340e+00 5.682031529855350982e+00 5.324429249020030674e+00 4.765167256389290174e+00 4.054844943599601237e+00 3.255874155431607075e+00 2.435367872547596235e+00 1.657676526585037280e+00 9.775106586594243252e-01 4.344964254809121074e-01 4.980660575286262326e-02 -1.747769792555825263e-01 -2.553434028955992585e-01 -2.221757980994234771e-01 -1.144983475872143330e-01 2.557776078326511396e-02 1.590505440013027516e-01 2.551437613241932523e-01 2.948727198675056282e-01 2.726299368063772599e-01 1.956583417037527084e-01 8.158934723449060011e-02 -3.373966591307207136e-02 -1.185301334884661384e-01 -1.770777698431602598e-01 -1.979440552929746799e-01 -1.770777698431612035e-01 -1.185301334884686503e-01 -3.373966591307252239e-02 6.050241683970154077e-02 1.450900509585282272e-01 2.021681829643083850e-01 2.186622741423120408e-01 1.892013445985745723e-01 1.179436119778157765e-01 1.896713722059209170e-02 -8.490602006251467271e-02 -1.647540175762380044e-01 -1.893493884055373055e-01 -1.296055185061624759e-01 3.693398862438990876e-02 3.221999530680580981e-01 7.248710688355931575e-01 1.229246704334937323e+00 1.805942162515596250e+00 2.414386951318324925e+00 3.006862137197124696e+00 3.533600223916059768e+00 3.948319833125571332e+00 4.213499087418960620e+00 4.304716042619029182e+00 4.213499087418959732e+00 3.948319833125569556e+00 3.533600223916059324e+00 3.006862137197123364e+00 2.414386951318324481e+00 1.805942162515592919e+00 1.229246704334935547e+00 7.248710688355937126e-01 3.221999530680597634e-01 3.693398862439449537e-02 -1.296055185061568693e-01 -1.893493884055309218e-01 -1.647540175762332582e-01 -8.490602006250838607e-02 1.896713722059424623e-02 1.179436119778168035e-01 1.892013445985747389e-01 2.186622741423103200e-01 2.021681829643072192e-01 1.450900509585268949e-01 6.050241683970106199e-02
8.158934723449050297e-02 -4.549896452980789485e-02 -1.598414860775467239e-01 -2.387947524397494303e-01 -2.669335723082065792e-01 -2.387947524397521226e-01 -1.598414860775479451e-01 -4.549896452981002509e-02 8.158934723449025317e-02 1.956583417037528194e-01 2.726299368063790363e-01 2.948727198675049621e-01 2.551437613241853697e-01 1.590505440013002536e-01 2.557776078326216840e-02 -1.144983475872225070e-01 -2.221757980994317483e-01 -2.553434028956063084e-01 -1.747769792555896040e-01 4.980660575285700276e-02 4.344964254809104975e-01 9.775106586594245472e-01 1.657676526585036170e+00 2.435367872547599344e+00 3.255874155431610184e+00 4.054844943599603901e+00 4.765167256389289285e+00 5.324429249020028898e+00 5.682031529855350982e+00 5.805040365208319564e+00 5.682031529855352758e+00 5.324429249020029786e+00 4.765167256389286621e+00 4.054844943599600349e+00 3.255874155431606631e+00 2.435367872547603785e+00 1.657676526585038390e+00 9.775106586594252134e-01 4.344964254809172699e-01 4.980660575286435798e-02 -1.747769792555813329e-01 -2.553434028955979818e-01 -2.221757980994231718e-01 -1.144983475872160955e-01 2.557776078326458660e-02 1.590505440013033622e-01 2.551437613241930302e-01 2.948727198675074046e-01 2.726299368063788142e-01 1.956583417037555950e-01 6.050241683970238038e-02 -3.373966591307111379e-02 -1.185301334884664576e-01 -1.770777698431606206e-01 -1.979440552929744579e-01 -1.770777698431614811e-01 -1.185301334884667490e-01 -3.373966591307213381e-02 6.050241683970144363e-02 1.450900509585274500e-01 2.021681829643089123e-01 2.186622741423109584e-01 1.892013445985747666e-01 1.179436119778159014e-01 1.896713722059050963e-02 -8.490602006251228573e-02 -1.647540175762381987e-01 -1.893493884055366117e-01 -1.296055185061615045e-01 3.693398862439036673e-02 3.221999530680579316e-01 7.248710688355932685e-01 1.229246704334933993e+00 1.805942162515593363e+00 2.414386951318324925e+00 3.006862137197124252e+00 3.533600223916057992e+00 3.948319833125568667e+00 4.213499087418957068e+00 4.304716042619030070e+00 4.213499087418958844e+00 3.948319833125570444e+00 3.533600223916057104e+00 3.006862137197124252e+00 2.414386951318324037e+00 1.805942162515597582e+00 1.229246704334937101e+00 7.248710688355952669e-01 3.221999530680634827e-01 3.693398862439582070e-02 -1.296055185061559534e-01 -1.893493884055307830e-01 -1.647540175762325365e-01 -8.490602006250971834e-02 1.896713722059411439e-02 1.179436119778169700e-01 1.892013445985744891e-01 2.186622741423114025e-01 2.021681829643083850e-01 1.450900509585286158e-01
1.956583417037534856e-01 8.158934723449154380e-02 -4.549896452981146144e-02 -1.598414860775514978e-01 -2.387947524397484311e-01 -2.669335723082115752e-01 -2.387947524397478483e-01 -1.598414860775462243e-01 -4.549896452981094797e-02 8.158934723448924009e-02 1.956583417037542905e-01 2.726299368063764272e-01 2.948727198674971350e-01 2.551437613241912539e-01 1.590505440013015026e-01 2.557776078325988203e-02 -1.144983475872214107e-01 -2.221757980994296666e-01 -2.553434028956055313e-01 -1.747769792555872170e-01 4.980660575286016689e-02 4.344964254809154380e-01 9.775106586594268787e-01 1.657676526585038390e+00 2.435367872547604673e+00 3.255874155431615513e+00 4.054844943599608342e+00 4.765167256389291062e+00 5.324429249020030674e+00 5.682031529855352758e+00 5.805040365208319564e+00 5.682031529855350094e+00 5.324429249020022681e+00 4.765167256389282180e+00 4.054844943599595020e+00 3.255874155431607075e+00 2.435367872547598012e+00 1.657676526585032173e+00 9.775106586594249913e-01 4.344964254809137172e-01 4.980660575286113834e-02 -1.747769792555821933e-01 -2.553434028956001467e-01 -2.221757980994256143e-01 -1.144983475872172890e-01 2.557776078326515906e-02 1.590505440013023075e-01 2.551437613241947511e-01 2.948727198675071270e-01 2.726299368063805906e-01 1.450900509585283660e-01 6.050241683970161710e-02 -3.373966591307325097e-02 -1.185301334884685531e-01 -1.770777698431618141e-01 -1.979440552929757902e-01 -1.770777698431605374e-01 -1.185301334884669433e-01 -3.373966591307239749e-02 6.050241683970094403e-02 1.450900509585278386e-01 2.021681829643075523e-01 2.186622741423110694e-01 1.892013445985744891e-01 1.179436119778141112e-01 1.896713722059287927e-02 -8.490602006251316003e-02 -1.647540175762371994e-01 -1.893493884055347798e-01 -1.296055185061597559e-01 3.693398862439253166e-02 3.221999530680609847e-01 7.248710688355947118e-01 1.229246704334936657e+00 1.805942162515598470e+00 2.414386951318329810e+00 3.006862137197128249e+00 3.533600223916059768e+00 3.948319833125570000e+00 4.213499087418959732e+00 4.304716042619028293e+00 4.213499087418957956e+00 3.948319833125566447e+00 3.533600223916054439e+00 3.006862137197118923e+00 2.414386951318324037e+00 1.805942162515593363e+00 1.229246704334933549e+00 7.248710688355951559e-01 3.221999530680607071e-01 3.693398862439321861e-02 -1.296055185061573967e-01 -1.893493884055324761e-01 -1.647540175762346737e-01 -8.490602006251071754e-02 1.896713722059394786e-02 1.179436119778160402e-01 1.892013445985757103e-01 2.186622741423114025e-01 2.021681829643091066e-01
2.726299368063793138e-01 1.956583417037554840e-01 8.158934723448955928e-02 -4.549896452981509049e-02 -1.598414860775497492e-01 -2.387947524397499299e-01 -2.669335723082080225e-01 -2.387947524397458221e-01 -1.598414860775475843e-01 -4.549896452981142675e-02 8.158934723449090543e-02 1.956583417037517092e-01 2.726299368063674899e-01 2.948727198675052397e-01 2.551437613241938629e-01 1.590505440012999760e-01 2.557776078326166533e-02 -1.144983475872193845e-01 -2.221757980994293336e-01 -2.553434028956043100e-01 -1.747769792555866897e-01 4.980660575286063874e-02 4.344964254809123294e-01 9.775106586594231040e-01 1.657676526585036614e+00 2.435367872547603341e+00 3.255874155431612849e+00 4.054844943599603901e+00 4.765167256389290174e+00 5.324429249020029786e+00 5.682031529855350094e+00 5.805040365208319564e+00 5.682031529855348317e+00 5.324429249020025345e+00 4.765167256389282180e+00 4.054844943599602125e+00 3.255874155431609740e+00 2.435367872547599344e+00 1.657676526585039056e+00 9.775106586594268787e-01 4.344964254809141058e-01 4.980660575286430247e-02 -1.747769792555837476e-01 -2.553434028956019231e-01 -2.221757980994271131e-01 -1.144983475872171502e-01 2.557776078326315719e-02 1.590505440013041116e-01 2.551437613241939739e-01 2.948727198675096806e-01 2.021681829643094952e-01 1.450900509585283105e-01 6.050241683970038892e-02 -3.373966591307419466e-02 -1.185301334884685392e-01 -1.770777698431624803e-01 -1.979440552929743746e-01 -1.770777698431607872e-01 -1.185301334884674013e-01 -3.373966591307288321e-02 6.050241683970108975e-02 1.450900509585267562e-01 2.021681829643083017e-01 2.186622741423110694e-01 1.892013445985735731e-01 1.179436119778172753e-01 1.896713722059248722e-02 -8.490602006251168898e-02 -1.647540175762355341e-01 -1.893493884055341692e-01 -1.296055185061596726e-01 3.693398862439149083e-02 3.221999530680584867e-01 7.248710688355921583e-01 1.229246704334935547e+00 1.805942162515596916e+00 2.414386951318327146e+00 3.006862137197125140e+00 3.533600223916058436e+00 3.948319833125570000e+00 4.213499087418957068e+00 4.304716042619029182e+00 4.213499087418958844e+00 3.948319833125568223e+00 3.533600223916055771e+00 3.006862137197124696e+00 2.414386951318325369e+00 1.805942162515594918e+00 1.229246704334938656e+00 7.248710688355957110e-01 3.221999530680607626e-01 3.693398862439455088e-02 -1.296055185061587567e-01 -1.893493884055334753e-01 -1.647540175762356451e-01 -8.490602006251103673e-02 1.896713722059228599e-02 1.179436119778171227e-01 1.892013445985749887e-01 2.186622741423127070e-01
2.948727198675091810e-01 2.726299368063815343e-01 1.956583417037544015e-01 8.158934723448632576e-02 -4.549896452981391781e-02 -1.598414860775497770e-01 -2.387947524397489862e-01 -2.669335723082069678e-01 -2.387947524397488197e-01 -1.598414860775493607e-01 -4.549896452981127409e-02 8.158934723448703352e-02 1.956583417037397743e-01 2.726299368063760387e-01 2.948727198675076822e-01 2.551437613241916424e-01 1.590505440013019189e-01 2.557776078326409047e-02 -1.144983475872188572e-01 -2.221757980994278625e-01 -2.553434028956041435e-01 -1.747769792555867452e-01 4.980660575285705133e-02 4.344964254809078330e-01 9.775106586594196623e-01 1.657676526585033061e+00 2.435367872547597567e+00 3.255874155431606631e+00 4.054844943599600349e+00 4.765167256389286621e+00 5.324429249020023569e+00 5.682031529855348317e+00 5.805040365208317787e+00 5.682031529855350982e+00 5.324429249020026234e+00 4.765167256389291062e+00 4.054844943599605678e+00 3.255874155431611516e+00 2.435367872547608226e+00 1.657676526585042387e+00 9.775106586594285440e-01 4.344964254809201010e-01 4.980660575286285224e-02 -1.747769792555834423e-01 -2.553434028956022006e-01 -2.221757980994260862e-01 -1.144983475872183160e-01 2.557776078326583907e-02 1.590505440013036120e-01 2.551437613241974711e-01 2.186622741423134009e-01 2.021681829643096895e-01 1.450900509585274223e-01 6.050241683969941747e-02 -3.373966591307435425e-02 -1.185301334884695940e-01 -1.770777698431615366e-01 -1.979440552929755126e-01 -1.770777698431620917e-01 -1.185301334884687335e-01 -3.373966591307421548e-02 6.050241683969884154e-02 1.450900509585264508e-01 2.021681829643072748e-01 2.186622741423100424e-01 1.892013445985762099e-01 1.179436119778168313e-01 1.896713722059436419e-02 -8.490602006251005140e-02 -1.647540175762347570e-01 -1.893493884055342524e-01 -1.296055185061612547e-01 3.693398862438920099e-02 3.221999530680554891e-01 7.248710688355897158e-01 1.229246704334932883e+00 1.805942162515593585e+00 2.414386951318322705e+00 3.006862137197121587e+00 3.533600223916056660e+00 3.948319833125564671e+00 4.213499087418957068e+00 4.304716042619029182e+00 4.213499087418958844e+00 3.948319833125568223e+00 3.533600223916060656e+00 3.006862137197126028e+00 2.414386951318327590e+00 1.805942162515601579e+00 1.229246704334940432e+00 7.248710688355967102e-01 3.221999530680640378e-01 3.693398862439305902e-02 -1.296055185061583959e-01 -1.893493884055338361e-01 -1.647540175762353953e-01 -8.490602006251198042e-02 1.896713722059426011e-02 1.179436119778167064e-01 1.892013445985769315e-01
2.551437613241956393e-01 2.948727198675100691e-01 2.726299368063796469e-01 1.956583417037508765e-01 8.158934723448744986e-02 -4.549896452981146838e-02 -1.598414860775487500e-01 -2.387947524397464327e-01 -2.669335723082087997e-01 -2.387947524397482091e-01 -1.598414860775471680e-01 -4.549896452981347372e-02 8.158934723447426596e-02 1.956583417037497941e-01 2.726299368063778705e-01 2.948727198675039074e-01 2.551437613241916424e-01 1.590505440013021687e-01 2.557776078326215799e-02 -1.144983475872192874e-01 -2.221757980994291115e-01 -2.553434028956049762e-01 -1.747769792555898261e-01 4.980660575285469904e-02 4.344964254809061122e-01 9.775106586594186631e-01 1.657676526585031285e+00 2.435367872547596679e+00 3.255874155431607075e+00 4.054844943599600349e+00 4.765167256389282180e+00 5.324429249020025345e+00 5.682031529855350982e+00 5.805040365208322228e+00 5.682031529855353646e+00 5.324429249020034227e+00 4.765167256389294614e+00 4.054844943599607454e+00 3.255874155431620398e+00 2.435367872547610890e+00 1.657676526585043719e+00 9.775106586594342062e-01 4.344964254809163817e-01 4.980660575286315755e-02 -1.747769792555849411e-01 -2.553434028956022006e-01 -2.221757980994282233e-01 -1.144983475872171225e-01 2.557776078326365332e-02 1.590505440013055272e-01 1.892013445985766540e-01 2.186622741423126237e-01 2.021681829643082184e-01 1.450900509585263676e-01 6.050241683970003503e-02 -3.373966591307465263e-02 -1.185301334884679147e-01 -1.770777698431618696e-01 -1.979440552929758734e-01 -1.770777698431620084e-01 -1.185301334884691221e-01 -3.373966591307530488e-02 6.050241683969903583e-02 1.450900509585253129e-01 2.021681829643058592e-01 2.186622741423114302e-01 1.892013445985750164e-01 1.179436119778171921e-01 1.896713722059401377e-02 -8.490602006251078693e-02 -1.647540175762361725e-01 -1.893493884055364174e-01 -1.296055185061627535e-01 3.693398862438719565e-02 3.221999530680544344e-01 7.248710688355892717e-01 1.229246704334931772e+00 1.805942162515591143e+00 2.414386951318322705e+00 3.006862137197122919e+00 3.533600223916053995e+00 3.948319833125567335e+00 4.213499087418960620e+00 4.304716042619031846e+00 4.213499087418961508e+00 3.948319833125573997e+00 3.533600223916062433e+00 3.006862137197127804e+00 2.414386951318334251e+00 1.805942162515602911e+00 1.229246704334941098e+00 7.248710688356004850e-01 3.221999530680605406e-01 3.693398862439357250e-02 -1.296055185061595616e-01 -1.893493884055342802e-01 -1.647540175762370052e-01 -8.490602006251136979e-02 1.896713722059242477e-02 1.179436119778175113e-01
1.590505440013040839e-01 2.551437613241959723e-01 2.948727198675073491e-01 2.726299368063752060e-01 1.956583417037502937e-01 8.158934723448925397e-02 -4.549896452981331413e-02 -1.598414860775479451e-01 -2.387947524397499299e-01 -2.669335723082087997e-01 -2.387947524397465437e-01 -1.598414860775492774e-01 -4.549896452982742784e-02 8.158934723448578452e-02 1.956583417037526806e-01 2.726299368063754835e-01 2.948727198675060723e-01 2.551437613241936964e-01 1.590505440013021132e-01 2.557776078326314331e-02 -1.144983475872187323e-01 -2.221757980994291670e-01 -2.553434028956060864e-01 -1.747769792555905755e-01 4.980660575285319330e-02 4.344964254809050019e-01 9.775106586594165536e-01 1.657676526585029508e+00 2.435367872547596679e+00 3.255874155431606187e+00 4.054844943599595020e+00 4.765167256389282180e+00 5.324429249020026234e+00 5.682031529855352758e+00 5.805040365208323117e+00 5.682031529855356311e+00 5.324429249020035115e+00 4.765167256389292838e+00 4.054844943599612783e+00 3.255874155431620842e+00 2.435367872547610446e+00 1.657676526585049492e+00 9.775106586594295432e-01 4.344964254809183246e-01 4.980660575286256775e-02 -1.747769792555836366e-01 -2.553434028956026447e-01 -2.221757980994263360e-01 -1.144983475872185380e-01 2.557776078326621377e-02 1.179436119778173447e-01 1.892013445985755993e-01 2.186622741423106253e-01 2.021681829643061923e-01 1.450900509585257292e-01 6.050241683969831419e-02 -3.373966591307445834e-02 -1.185301334884695662e-01 -1.770777698431631464e-01 -1.979440552929762343e-01 -1.770777698431632297e-01 -1.185301334884703295e-01 -3.373966591307496488e-02 6.050241683969843909e-02 1.450900509585250353e-01 2.021681829643079964e-01 2.186622741423116245e-01 1.892013445985763764e-01 1.179436119778180386e-01 1.896713722059431215e-02 -8.490602006251106448e-02 -1.647540175762374492e-01 -1.893493884055366672e-01 -1.296055185061637804e-01 3.693398862438655728e-02 3.221999530680537682e-01 7.248710688355879395e-01 1.229246704334929996e+00 1.805942162515591365e+00 2.414386951318323593e+00 3.006862137197118923e+00 3.533600223916054883e+00 3.948319833125570000e+00 4.213499087418961508e+00 4.304716042619032734e+00 4.213499087418964173e+00 3.948319833125573108e+00 3.533600223916061989e+00 3.006862137197132245e+00 2.414386951318333807e+00 1.805942162515602023e+00 1.229246704334944207e+00 7.248710688355958220e-01 3.221999530680624835e-01 3.693398862439322555e-02 -1.296055185061590342e-01 -1.893493884055344190e-01 -1.647540175762359227e-01 -8.490602006251252165e-02 1.896713722059349336e-02
2.557776078326477395e-02 1.590505440013046667e-01 2.551437613241927527e-01 2.948727198675032413e-01 2.726299368063750395e-01 1.956583417037527639e-01 8.158934723448699189e-02 -4.549896452981210676e-02 -1.598414860775507762e-01 -2.387947524397478483e-01 -2.669335723082050804e-01 -2.387947524397459886e-01 -1.598414860775623225e-01 -4.549896452981340433e-02 8.158934723448950377e-02 1.956583417037510153e-01 2.726299368063772044e-01 2.948727198675061834e-01 2.551437613241915314e-01 1.590505440013002258e-01 2.557776078326160982e-02 -1.144983475872205780e-01 -2.221757980994306103e-01 -2.553434028956068080e-01 -1.747769792555906032e-01 4.980660575285514313e-02 4.344964254809087767e-01 9.775106586594219937e-01 1.657676526585037280e+00 2.435367872547603785e+00 3.255874155431607520e+00 4.054844943599602125e+00 4.765167256389291062e+00 5.324429249020033339e+00 5.682031529855357199e+00 5.805040365208323117e+00 5.682031529855355423e+00 5.324429249020028010e+00 4.765167256389291062e+00 4.054844943599608342e+00 3.255874155431613293e+00 2.435367872547610446e+00 1.657676526585038168e+00 9.775106586594278779e-01 4.344964254809139392e-01 4.980660575286108976e-02 -1.747769792555850243e-01 -2.553434028956026447e-01 -2.221757980994280290e-01 -1.144983475872161649e-01 1.896713722059341356e-02 1.179436119778162206e-01 1.892013445985736841e-01 2.186622741423086269e-01 2.021681829643060535e-01 1.450900509585243414e-01 6.050241683969866807e-02 -3.373966591307562407e-02 -1.185301334884699687e-01 -1.770777698431621472e-01 -1.979440552929763453e-01 -1.770777698431624525e-01 -1.185301334884683866e-01 -3.373966591307449997e-02 6.050241683969898726e-02 1.450900509585272002e-01 2.021681829643084960e-01 2.186622741423121519e-01 1.892013445985754050e-01 1.179436119778162206e-01 1.896713722059264681e-02 -8.490602006251357636e-02 -1.647540175762378933e-01 -1.893493884055374166e-01 -1.296055185061631143e-01 3.693398862438863894e-02 3.221999530680565993e-01 7.248710688355914922e-01 1.229246704334935769e+00 1.805942162515598026e+00 2.414386951318324481e+00 3.006862137197124696e+00 3.533600223916061989e+00 3.948319833125574885e+00 4.213499087418964173e+00 4.304716042619033622e+00 4.213499087418962397e+00 3.948319833125569556e+00 3.533600223916061545e+00 3.006862137197127804e+00 2.414386951318328478e+00 1.805942162515601135e+00 1.229246704334933993e+00 7.248710688355948228e-01 3.221999530680595414e-01 3.693398862439178920e-02 -1.296055185061595338e-01 -1.893493884055348631e-01 -1.647540175762370884e-01 -8.490602006251181388e-02
-1.144983475872175388e-01 2.557776078326573152e-02 1.590505440013009475e-01 2.551437613241905877e-01 2.948727198675046846e-01 2.726299368063792028e-01 1.956583417037517647e-01 8.158934723448976745e-02 -4.549896452981361944e-02 -1.598414860775471957e-01 -2.387947524397429355e-01 -2.669335723082035261e-01 -2.387947524397597276e-01 -1.598414860775475843e-01 -4.549896452980965733e-02 8.158934723448947601e-02 1.956583417037541239e-01 2.726299368063795359e-01 2.948727198675066274e-01 2.551437613241925306e-01 1.590505440013021132e-01 2.557776078326318842e-02 -1.144983475872194678e-01 -2.221757980994293336e-01 -2.553434028956064750e-01 -1.747769792555899371e-01 4.980660575285652397e-02 4.344964254809099979e-01 9.775106586594243252e-01 1.657676526585038834e+00 2.435367872547598012e+00 3.255874155431609740e+00 4.054844943599605678e+00 4.765167256389293726e+00 5.324429249020034227e+00 5.682031529855354535e+00 5.805040365208324005e+00 5.682031529855351870e+00 5.324429249020031563e+00 4.765167256389291950e+00 4.054844943599607454e+00 3.255874155431621286e+00 2.435367872547604229e+00 1.657676526585043053e+00 9.775106586594277669e-01 4.344964254809153825e-01 4.980660575286212366e-02 -1.747769792555856072e-01 -2.553434028956033108e-01 -2.221757980994262527e-01 -8.490602006251184164e-02 1.896713722059245599e-02 1.179436119778147773e-01 1.892013445985727405e-01 2.186622741423098759e-01 2.021681829643058870e-01 1.450900509585257014e-01 6.050241683969867501e-02 -3.373966591307491630e-02 -1.185301334884681090e-01 -1.770777698431618141e-01 -1.979440552929749020e-01 -1.770777698431601765e-01 -1.185301334884677760e-01 -3.373966591307298729e-02 6.050241683970173506e-02 1.450900509585293652e-01 2.021681829643104944e-01 2.186622741423129845e-01 1.892013445985759323e-01 1.179436119778171227e-01 1.896713722059229640e-02 -8.490602006251216083e-02 -1.647540175762377546e-01 -1.893493884055366394e-01 -1.296055185061626425e-01 3.693398862438955488e-02 3.221999530680572099e-01 7.248710688355931575e-01 1.229246704334937323e+00 1.805942162515594029e+00 2.414386951318326258e+00 3.006862137197128249e+00 3.533600223916063765e+00 3.948319833125574885e+00 4.213499087418961508e+00 4.304716042619030958e+00 4.213499087418958844e+00 3.948319833125571332e+00 3.533600223916060656e+00 3.006862137197126916e+00 2.414386951318332031e+00 1.805942162515594474e+00 1.229246704334938434e+00 7.248710688355950449e-01 3.221999530680600410e-01 3.693398862439327412e-02 -1.296055185061606163e-01 -1.893493884055356125e-01 -1.647540175762367276e-01
-2.221757980994283621e-01 -1.144983475872173584e-01 2.557776078326020469e-02 1.590505440012995875e-01 2.551437613241922531e-01 2.948727198675086258e-01 2.726299368063784256e-01 1.956583417037551509e-01 8.158934723448874049e-02 -4.549896452980903977e-02 -1.598414860775415891e-01 -2.387947524397407983e-01 -2.669335723082178480e-01 -2.387947524397448784e-01 -1.598414860775451141e-01 -4.549896452980971978e-02 8.158934723449154380e-02 1.956583417037550676e-01 2.726299368063788697e-01 2.948727198675065719e-01 2.551437613241942515e-01 1.590505440013034733e-01 2.557776078326443048e-02 -1.144983475872176637e-01 -2.221757980994288895e-01 -2.553434028956058088e-01 -1.747769792555881607e-01 4.980660575285798808e-02 4.344964254809122184e-01 9.775106586594252134e-01 1.657676526585032839e+00 2.435367872547598900e+00 3.255874155431611960e+00 4.054844943599607454e+00 4.765167256389291950e+00 5.324429249020028010e+00 5.682031529855352758e+00 5.805040365208319564e+00 5.682031529855351870e+00 5.324429249020031563e+00 4.765167256389291950e+00 4.054844943599613671e+00 3.255874155431613293e+00 2.435367872547609558e+00 1.657676526585041721e+00 9.775106586594282110e-01 4.344964254809166038e-01 4.980660575285938280e-02 -1.747769792555864399e-01 -2.553434028956034219e-01 -1.647540175762378378e-01 -8.490602006251353473e-02 1.896713722059050269e-02 1.179436119778137504e-01 1.892013445985738507e-01 2.186622741423099037e-01 2.021681829643072748e-01 1.450900509585265064e-01 6.050241683970009055e-02 -3.373966591307222401e-02 -1.185301334884673596e-01 -1.770777698431598157e-01 -1.979440552929726260e-01 -1.770777698431597602e-01 -1.185301334884663188e-01 -3.373966591307109297e-02 6.050241683970391388e-02 1.450900509585301701e-01 2.021681829643102446e-01 2.186622741423124294e-01 1.892013445985763209e-01 1.179436119778166647e-01 1.896713722059413521e-02 -8.490602006251171674e-02 -1.647540175762363945e-01 -1.893493884055362508e-01 -1.296055185061612824e-01 3.693398862439054020e-02 3.221999530680592638e-01 7.248710688355949339e-01 1.229246704334933327e+00 1.805942162515594474e+00 2.414386951318328922e+00 3.006862137197129581e+00 3.533600223916062433e+00 3.948319833125570000e+00 4.213499087418958844e+00 4.304716042619028293e+00 4.213499087418958844e+00 3.948319833125570000e+00 3.533600223916059768e+00 3.006862137197130025e+00 2.414386951318324925e+00 1.805942162515599581e+00 1.229246704334938434e+00 7.248710688355952669e-01 3.221999530680622614e-01 3.693398862439045693e-02 -1.296055185061611992e-01 -1.893493884055364451e-01
-2.553434028956066415e-01 -2.221757980994281678e-01 -1.144983475872244361e-01 2.557776078325996183e-02 1.590505440013006699e-01 2.551437613241937519e-01 2.948727198675064054e-01 2.726299368063792028e-01 1.956583417037513761e-01 8.158934723449089155e-02 -4.549896452980616707e-02 -1.598414860775421442e-01 -2.387947524397575627e-01 -2.669335723082049139e-01 -2.387947524397452670e-01 -1.598414860775455859e-01 -4.549896452980906753e-02 8.158934723449109971e-02 1.956583417037535966e-01 2.726299368063771489e-01 2.948727198675062944e-01 2.551437613241933633e-01 1.590505440013023630e-01 2.557776078326379904e-02 -1.144983475872193984e-01 -2.221757980994293058e-01 -2.553434028956036994e-01 -1.747769792555850521e-01 4.980660575286280367e-02 4.344964254809172144e-01 9.775106586594249913e-01 1.657676526585039056e+00 2.435367872547608226e+00 3.255874155431619954e+00 4.054844943599612783e+00 4.765167256389291062e+00 5.324429249020032451e+00 5.682031529855351870e+00 5.805040365208320452e+00 5.682031529855352758e+00 5.324429249020028898e+00 4.765167256389294614e+00 4.054844943599602125e+00 3.255874155431615069e+00 2.435367872547604673e+00 1.657676526585038390e+00 9.775106586594266567e-01 4.344964254809093873e-01 4.980660575285743991e-02 -1.747769792555886881e-01 -1.893493884055381382e-01 -1.647540175762396697e-01 -8.490602006251567191e-02 1.896713722058956594e-02 1.179436119778144582e-01 1.892013445985730458e-01 2.186622741423095428e-01 2.021681829643065254e-01 1.450900509585257292e-01 6.050241683970047912e-02 -3.373966591307405588e-02 -1.185301334884670821e-01 -1.770777698431594827e-01 -1.979440552929737640e-01 -1.770777698431595104e-01 -1.185301334884654167e-01 -3.373966591306922641e-02 6.050241683970358081e-02 1.450900509585288656e-01 2.021681829643083572e-01 2.186622741423114857e-01 1.892013445985747666e-01 1.179436119778169423e-01 1.896713722059258089e-02 -8.490602006251196654e-02 -1.647540175762374215e-01 -1.893493884055346965e-01 -1.296055185061592840e-01 3.693398862439406516e-02 3.221999530680629831e-01 7.248710688355950449e-01 1.229246704334938434e+00 1.805942162515601801e+00 2.414386951318335139e+00 3.006862137197132689e+00 3.533600223916062433e+00 3.948319833125570888e+00 4.213499087418958844e+00 4.304716042619028293e+00 4.213499087418958844e+00 3.948319833125568667e+00 3.533600223916060212e+00 3.006862137197120699e+00 2.414386951318327146e+00 1.805942162515596250e+00 1.229246704334935103e+00 7.248710688355954890e-01 3.221999530680558221e-01 3.693398862438911079e-02 -1.296055185061632808e-01
-1.747769792555906310e-01 -2.553434028956048096e-01 -2.221757980994356063e-01 -1.144983475872222572e-01 2.557776078326205738e-02 1.590505440013023908e-01 2.551437613241935298e-01 2.948727198675076266e-01 2.726299368063764272e-01 1.956583417037542350e-01 8.158934723449402793e-02 -4.549896452980682626e-02 -1.598414860775588808e-01 -2.387947524397461829e-01 -2.669335723082079670e-01 -2.387947524397457666e-01 -1.598414860775462520e-01 -4.549896452981062878e-02 8.158934723448961479e-02 1.956583417037520978e-01 2.726299368063782591e-01 2.948727198675076822e-01 2.551437613241948066e-01 1.590505440013043059e-01 2.557776078326444782e-02 -1.144983475872183021e-01 -2.221757980994262804e-01 -2.553434028956010349e-01 -1.747769792555824431e-01 4.980660575286430941e-02 4.344964254809137172e-01 9.775106586594266567e-01 1.657676526585042387e+00 2.435367872547610446e+00 3.255874155431620842e+00 4.054844943599608342e+00 4.765167256389291950e+00 5.324429249020030674e+00 5.682031529855352758e+00 5.805040365208323117e+00 5.682031529855356311e+00 5.324429249020036004e+00 4.765167256389291062e+00 4.054844943599611007e+00 3.255874155431616401e+00 2.435367872547606449e+00 1.657676526585042609e+00 9.775106586594218827e-01 4.344964254809109971e-01 4.980660575285678071e-02 -1.296055185061644466e-01 -1.893493884055391929e-01 -1.647540175762411130e-01 -8.490602006251543599e-02 1.896713722059076984e-02 1.179436119778145414e-01 1.892013445985731845e-01 2.186622741423097926e-01 2.021681829643066641e-01 1.450900509585268949e-01 6.050241683969899420e-02 -3.373966591307336893e-02 -1.185301334884672070e-01 -1.770777698431613145e-01 -1.979440552929740416e-01 -1.770777698431597047e-01 -1.185301334884642649e-01 -3.373966591307078766e-02 6.050241683970190160e-02 1.450900509585271725e-01 2.021681829643083850e-01 2.186622741423119298e-01 1.892013445985764875e-01 1.179436119778171921e-01 1.896713722059409704e-02 -8.490602006251184164e-02 -1.647540175762352288e-01 -1.893493884055329202e-01 -1.296055185061568416e-01 3.693398862439552233e-02 3.221999530680612067e-01 7.248710688355962661e-01 1.229246704334941098e+00 1.805942162515604021e+00 2.414386951318334251e+00 3.006862137197128693e+00 3.533600223916061545e+00 3.948319833125569556e+00 4.213499087418959732e+00 4.304716042619030958e+00 4.213499087418961508e+00 3.948319833125573108e+00 3.533600223916056660e+00 3.006862137197127360e+00 2.414386951318329366e+00 1.805942162515597582e+00 1.229246704334939988e+00 7.248710688355909371e-01 3.221999530680572099e-01 3.693398862438794505e-02
4.980660575285478925e-02 -1.747769792555874391e-01 -2.553434028956120261e-01 -2.221757980994307491e-01 -1.144983475872189682e-01 2.557776078326387537e-02 1.590505440013034733e-01 2.551437613241946956e-01 2.948727198675049621e-01 2.726299368063792028e-01 1.956583417037565942e-01 8.158934723449204340e-02 -4.549896452982416656e-02 -1.598414860775492496e-01 -2.387947524397515398e-01 -2.669335723082078005e-01 -2.387947524397470433e-01 -1.598414860775481394e-01 -4.549896452981105205e-02 8.158934723448851845e-02 1.956583417037535966e-01 2.726299368063803130e-01 2.948727198675097361e-01 2.551437613241968605e-01 1.590505440013051108e-01 2.557776078326567254e-02 -1.144983475872149714e-01 -2.221757980994240045e-01 -2.553434028955990920e-01 -1.747769792555815271e-01 4.980660575286133263e-02 4.344964254809134951e-01 9.775106586594285440e-01 1.657676526585043719e+00 2.435367872547610446e+00 3.255874155431614181e+00 4.054844943599606566e+00 4.765167256389292838e+00 5.324429249020029786e+00 5.682031529855355423e+00 5.805040365208325781e+00 5.682031529855360752e+00 5.324429249020033339e+00 4.765167256389297279e+00 4.054844943599611007e+00 3.255874155431617289e+00 2.435367872547609558e+00 1.657676526585035282e+00 9.775106586594244362e-01 4.344964254809103310e-01 3.693398862438723729e-02 -1.296055185061650294e-01 -1.893493884055398591e-01 -1.647540175762393644e-01 -8.490602006251342371e-02 1.896713722059222354e-02 1.179436119778149578e-01 1.892013445985739617e-01 2.186622741423099592e-01 2.021681829643075523e-01 1.450900509585247855e-01 6.050241683969918849e-02 -3.373966591307451385e-02 -1.185301334884698576e-01 -1.770777698431622582e-01 -1.979440552929748187e-01 -1.770777698431585112e-01 -1.185301334884662494e-01 -3.373966591307227952e-02 6.050241683970044443e-02 1.450900509585278941e-01 2.021681829643096062e-01 2.186622741423137894e-01 1.892013445985769038e-01 1.179436119778188297e-01 1.896713722059399990e-02 -8.490602006250944078e-02 -1.647540175762333414e-01 -1.893493884055306442e-01 -1.296055185061562864e-01 3.693398862439364883e-02 3.221999530680613177e-01 7.248710688355971543e-01 1.229246704334942653e+00 1.805942162515602911e+00 2.414386951318329810e+00 3.006862137197126916e+00 3.533600223916059768e+00 3.948319833125568223e+00 4.213499087418961508e+00 4.304716042619032734e+00 4.213499087418963285e+00 3.948319833125569112e+00 3.533600223916062433e+00 3.006862137197129581e+00 2.414386951318329810e+00 1.805942162515602245e+00 1.229246704334933993e+00 7.248710688355924914e-01 3.221999530680564328e-01
4.344964254809041138e-01 4.980660575285689173e-02 -1.747769792555957102e-01 -2.553434028956053647e-01 -2.221757980994269466e-01 -1.144983475872166784e-01 2.557776078326677582e-02 1.590505440013060823e-01 2.551437613241935298e-01 2.948727198675089034e-01 2.726299368063818118e-01 1.956583417037545958e-01 8.158934723447580639e-02 -4.549896452981491701e-02 -1.598414860775558000e-01 -2.387947524397500965e-01 -2.669335723082092438e-01 -2.387947524397494581e-01 -1.598414860775485558e-01 -4.549896452981300882e-02 8.158934723448893478e-02 1.956583417037545958e-01 2.726299368063803685e-01 2.948727198675092920e-01 2.551437613241954172e-01 1.590505440013041671e-01 2.557776078326678276e-02 -1.144983475872146383e-01 -2.221757980994233106e-01 -2.553434028955979818e-01 -1.747769792555819435e-01 4.980660575286396941e-02 4.344964254809200455e-01 9.775106586594342062e-01 1.657676526585049714e+00 2.435367872547610890e+00 3.255874155431621286e+00 4.054844943599613671e+00 4.765167256389294614e+00 5.324429249020036004e+00 5.682031529855360752e+00 5.805040365208329334e+00 5.682031529855356311e+00 5.324429249020036004e+00 4.765167256389292838e+00 4.054844943599606566e+00 3.255874155431615069e+00 2.435367872547596235e+00 1.657676526585033949e+00 9.775106586594195512e-01 3.221999530680527135e-01 3.693398862438516256e-02 -1.296055185061660286e-01 -1.893493884055374166e-01 -1.647540175762369219e-01 -8.490602006251095346e-02 1.896713722059334417e-02 1.179436119778173031e-01 1.892013445985752385e-01 2.186622741423117078e-01 2.021681829643056094e-01 1.450900509585252851e-01 6.050241683969798112e-02 -3.373966591307686613e-02 -1.185301334884707181e-01 -1.770777698431630909e-01 -1.979440552929736252e-01 -1.770777698431612590e-01 -1.185301334884677205e-01 -3.373966591307425017e-02 6.050241683970052076e-02 1.450900509585283660e-01 2.021681829643099670e-01 2.186622741423125404e-01 1.892013445985768483e-01 1.179436119778169423e-01 1.896713722059493665e-02 -8.490602006250888567e-02 -1.647540175762318149e-01 -1.893493884055303667e-01 -1.296055185061560644e-01 3.693398862439609132e-02 3.221999530680651480e-01 7.248710688356029275e-01 1.229246704334945539e+00 1.805942162515603577e+00 2.414386951318332919e+00 3.006862137197131357e+00 3.533600223916061545e+00 3.948319833125573997e+00 4.213499087418964173e+00 4.304716042619033622e+00 4.213499087418960620e+00 3.948319833125572220e+00 3.533600223916061100e+00 3.006862137197126028e+00 2.414386951318329810e+00 1.805942162515591143e+00 1.229246704334932438e+00 7.248710688355891607e-01
9.775106586594212166e-01 4.344964254809139392e-01 4.980660575285202757e-02 -1.747769792555857737e-01 -2.553434028956009239e-01 -2.221757980994255866e-01 -1.144983475872156237e-01 2.557776078326698052e-02 1.590505440013028626e-01 2.551437613241959723e-01 2.948727198675111238e-01 2.726299368063802020e-01 1.956583417037416617e-01 8.158934723448717230e-02 -4.549896452981969097e-02 -1.598414860775498603e-01 -2.387947524397487920e-01 -2.669335723082094103e-01 -2.387947524397474874e-01 -1.598414860775492774e-01 -4.549896452981225942e-02 8.158934723449000337e-02 1.956583417037543460e-01 2.726299368063796469e-01 2.948727198675082373e-01 2.551437613241950841e-01 1.590505440013058880e-01 2.557776078326778890e-02 -1.144983475872139583e-01 -2.221757980994227277e-01 -2.553434028955996471e-01 -1.747769792555834145e-01 4.980660575286281061e-02 4.344964254809165483e-01 9.775106586594297653e-01 1.657676526585038168e+00 2.435367872547604229e+00 3.255874155431613293e+00 4.054844943599602125e+00 4.765167256389291062e+00 5.324429249020034227e+00 5.682031529855356311e+00 5.805040365208325781e+00 5.682031529855358976e+00 5.324429249020035115e+00 4.765167256389296391e+00 4.054844943599612783e+00 3.255874155431611960e+00 2.435367872547606005e+00 1.657676526585038612e+00 7.248710688355912701e-01 3.221999530680557111e-01 3.693398862438767444e-02 -1.296055185061608384e-01 -1.893493884055347798e-01 -1.647540175762346737e-01 -8.490602006251136979e-02 1.896713722059418378e-02 1.179436119778167757e-01 1.892013445985760434e-01 2.186622741423095984e-01 2.021681829643071082e-01 1.450900509585255627e-01 6.050241683969775214e-02 -3.373966591307549223e-02 -1.185301334884691915e-01 -1.770777698431595659e-01 -1.979440552929750408e-01 -1.770777698431610370e-01 -1.185301334884691221e-01 -3.373966591307366730e-02 6.050241683970126322e-02 1.450900509585283382e-01 2.021681829643087458e-01 2.186622741423125960e-01 1.892013445985754883e-01 1.179436119778184411e-01 1.896713722059594973e-02 -8.490602006250735911e-02 -1.647540175762323422e-01 -1.893493884055310050e-01 -1.296055185061566750e-01 3.693398862439419700e-02 3.221999530680637602e-01 7.248710688355978204e-01 1.229246704334937990e+00 1.805942162515597138e+00 2.414386951318327590e+00 3.006862137197122475e+00 3.533600223916059324e+00 3.948319833125572220e+00 4.213499087418960620e+00 4.304716042619030070e+00 4.213499087418962397e+00 3.948319833125573997e+00 3.533600223916062433e+00 3.006862137197131357e+00 2.414386951318326258e+00 1.805942162515597804e+00 1.229246704334936657e+00
1.657676526585030174e+00 9.775106586594228819e-01 4.344964254809032256e-01 4.980660575285964647e-02 -1.747769792555830815e-01 -2.553434028956003132e-01 -2.221757980994230330e-01 -1.144983475872135142e-01 2.557776078326603336e-02 1.590505440013063598e-01 2.551437613241985258e-01 2.948727198675085148e-01 2.726299368063674899e-01 1.956583417037500161e-01 8.158934723447908155e-02 -4.549896452981541661e-02 -1.598414860775511370e-01 -2.387947524397503740e-01 -2.669335723082080780e-01 -2.387947524397480703e-01 -1.598414860775483892e-01 -4.549896452981047612e-02 8.158934723449064175e-02 1.956583417037540962e-01 2.726299368063784812e-01 2.948727198675070160e-01 2.551437613241951952e-01 1.590505440013042504e-01 2.557776078326537764e-02 -1.144983475872158180e-01 -2.221757980994253368e-01 -2.553434028956017565e-01 -1.747769792555832202e-01 4.980660575286388614e-02 4.344964254809188797e-01 9.775106586594281000e-01 1.657676526585043053e+00 2.435367872547609558e+00 3.255874155431615513e+00 4.054844943599611007e+00 4.765167256389298167e+00 5.324429249020036004e+00 5.682031529855358976e+00 5.805040365208327557e+00 5.682031529855357199e+00 5.324429249020033339e+00 4.765167256389293726e+00 4.054844943599600349e+00 3.255874155431610628e+00 2.435367872547599788e+00 1.229246704334931106e+00 7.248710688355881615e-01 3.221999530680538792e-01 3.693398862439051245e-02 -1.296055185061601167e-01 -1.893493884055322818e-01 -1.647540175762348125e-01 -8.490602006250919098e-02 1.896713722059493318e-02 1.179436119778189129e-01 1.892013445985743503e-01 2.186622741423107363e-01 2.021681829643060813e-01 1.450900509585236753e-01 6.050241683969732887e-02 -3.373966591307589469e-02 -1.185301334884674013e-01 -1.770777698431625913e-01 -1.979440552929752628e-01 -1.770777698431624247e-01 -1.185301334884680396e-01 -3.373966591307225177e-02 6.050241683970147138e-02 1.450900509585274500e-01 2.021681829643084405e-01 2.186622741423106253e-01 1.892013445985755993e-01 1.179436119778175390e-01 1.896713722059546747e-02 -8.490602006250966283e-02 -1.647540175762335912e-01 -1.893493884055315601e-01 -1.296055185061579518e-01 3.693398862439624397e-02 3.221999530680640378e-01 7.248710688355977094e-01 1.229246704334939766e+00 1.805942162515601135e+00 2.414386951318328922e+00 3.006862137197129137e+00 3.533600223916065097e+00 3.948319833125572664e+00 4.213499087418962397e+00 4.304716042619033622e+00 4.213499087418963285e+00 3.948319833125571776e+00 3.533600223916062433e+00 3.006862137197122031e+00 2.414386951318324925e+00 1.805942162515594696e+00
2.435367872547597567e+00 1.657676526585037280e+00 9.775106586594177749e-01 4.344964254809148274e-01 4.980660575286498942e-02 -1.747769792555816659e-01 -2.553434028955977042e-01 -2.221757980994224224e-01 -1.144983475872152767e-01 2.557776078326805258e-02 1.590505440013080529e-01 2.551437613241951397e-01 2.948727198674979677e-01 2.726299368063759831e-01 1.956583417037430217e-01 8.158934723448549309e-02 -4.549896452981492395e-02 -1.598414860775508595e-01 -2.387947524397474042e-01 -2.669335723082075229e-01 -2.387947524397472654e-01 -1.598414860775464741e-01 -4.549896452981023326e-02 8.158934723448987847e-02 1.956583417037529860e-01 2.726299368063779260e-01 2.948727198675073491e-01 2.551437613241936964e-01 1.590505440013030569e-01 2.557776078326456926e-02 -1.144983475872170114e-01 -2.221757980994273907e-01 -2.553434028956024782e-01 -1.747769792555848856e-01 4.980660575286282449e-02 4.344964254809141613e-01 9.775106586594277669e-01 1.657676526585041277e+00 2.435367872547604673e+00 3.255874155431616401e+00 4.054844943599611007e+00 4.765167256389292838e+00 5.324429249020035115e+00 5.682031529855357199e+00 5.805040365208324893e+00 5.682031529855355423e+00 5.324429249020033339e+00 4.765167256389286621e+00 4.054844943599603901e+00 3.255874155431611072e+00 1.805942162515593807e+00 1.229246704334932216e+00 7.248710688355898268e-01 3.221999530680599300e-01 3.693398862439249697e-02 -1.296055185061567860e-01 -1.893493884055325316e-01 -1.647540175762327030e-01 -8.490602006250907996e-02 1.896713722059623769e-02 1.179436119778166370e-01 1.892013445985752940e-01 2.186622741423099314e-01 2.021681829643051653e-01 1.450900509585243969e-01 6.050241683969814072e-02 -3.373966591307286933e-02 -1.185301334884693997e-01 -1.770777698431613145e-01 -1.979440552929756514e-01 -1.770777698431611202e-01 -1.185301334884664853e-01 -3.373966591307239055e-02 6.050241683970069423e-02 1.450900509585270060e-01 2.021681829643070250e-01 2.186622741423110972e-01 1.892013445985751552e-01 1.179436119778176362e-01 1.896713722059376397e-02 -8.490602006251009304e-02 -1.647540175762342851e-01 -1.893493884055341969e-01 -1.296055185061576742e-01 3.693398862439416924e-02 3.221999530680613177e-01 7.248710688355957110e-01 1.229246704334939322e+00 1.805942162515597138e+00 2.414386951318329810e+00 3.006862137197129581e+00 3.533600223916059768e+00 3.948319833125572664e+00 4.213499087418962397e+00 4.304716042619032734e+00 4.213499087418960620e+00 3.948319833125572664e+00 3.533600223916057104e+00 3.006862137197124696e+00 2.414386951318327146e+00
3.255874155431608852e+00 2.435367872547604673e+00 1.657676526585032173e+00 9.775106586594265456e-01 4.344964254809173254e-01 4.980660575286343511e-02 -1.747769792555826096e-01 -2.553434028956009794e-01 -2.221757980994273907e-01 -1.144983475872163453e-01 2.557776078326638725e-02 1.590505440013015859e-01 2.551437613241841484e-01 2.948727198675039074e-01 2.726299368063680451e-01 1.956583417037490447e-01 8.158934723448592330e-02 -4.549896452981450068e-02 -1.598414860775480839e-01 -2.387947524397472654e-01 -2.669335723082074674e-01 -2.387947524397463495e-01 -1.598414860775473068e-01 -4.549896452981190553e-02 8.158934723448844906e-02 1.956583417037518757e-01 2.726299368063776485e-01 2.948727198675061834e-01 2.551437613241933078e-01 1.590505440013034733e-01 2.557776078326523192e-02 -1.144983475872173861e-01 -2.221757980994264747e-01 -2.553434028956022006e-01 -1.747769792555835255e-01 4.980660575286124242e-02 4.344964254809152715e-01 9.775106586594277669e-01 1.657676526585038390e+00 2.435367872547606005e+00 3.255874155431617289e+00 4.054844943599605678e+00 4.765167256389296391e+00 5.324429249020033339e+00 5.682031529855356311e+00 5.805040365208325781e+00 5.682031529855356311e+00 5.324429249020029786e+00 4.765167256389291062e+00 4.054844943599606566e+00 2.414386951318324925e+00 1.805942162515594029e+00 1.229246704334932883e+00 7.248710688355952669e-01 3.221999530680592638e-01 3.693398862439413455e-02 -1.296055185061593951e-01 -1.893493884055331422e-01 -1.647540175762358672e-01 -8.490602006251020406e-02 1.896713722059180374e-02 1.179436119778154574e-01 1.892013445985725184e-01 2.186622741423078775e-01 2.021681829643051376e-01 1.450900509585245912e-01 6.050241683970067341e-02 -3.373966591307506896e-02 -1.185301334884680674e-01 -1.770777698431619251e-01 -1.979440552929748742e-01 -1.770777698431600378e-01 -1.185301334884674845e-01 -3.373966591307337587e-02 6.050241683969961176e-02 1.450900509585255904e-01 2.021681829643072192e-01 2.186622741423108196e-01 1.892013445985757103e-01 1.179436119778169700e-01 1.896713722059461399e-02 -8.490602006250923262e-02 -1.647540175762355341e-01 -1.893493884055325593e-01 -1.296055185061581183e-01 3.693398862439360719e-02 3.221999530680605961e-01 7.248710688355963772e-01 1.229246704334935991e+00 1.805942162515598470e+00 2.414386951318330699e+00 3.006862137197125140e+00 3.533600223916061545e+00 3.948319833125571776e+00 4.213499087418962397e+00 4.304716042619032734e+00 4.213499087418963285e+00 3.948319833125569556e+00 3.533600223916058436e+00 3.006862137197127804e+00
4.054844943599595020e+00 3.255874155431607075e+00 2.435367872547592238e+00 1.657676526585034393e+00 9.775106586594249913e-01 4.344964254809131621e-01 4.980660575285968811e-02 -1.747769792555860235e-01 -2.553434028956035329e-01 -2.221757980994259474e-01 -1.144983475872153461e-01 2.557776078326338964e-02 1.590505440012958960e-01 2.551437613241920310e-01 2.948727198674986338e-01 2.726299368063750950e-01 1.956583417037502104e-01 8.158934723448672821e-02 -4.549896452981205125e-02 -1.598414860775479174e-01 -2.387947524397473209e-01 -2.669335723082063572e-01 -2.387947524397462107e-01 -1.598414860775474178e-01 -4.549896452981170430e-02 8.158934723448875437e-02 1.956583417037525419e-01 2.726299368063768713e-01 2.948727198675057393e-01 2.551437613241931968e-01 1.590505440013022798e-01 2.557776078326294902e-02 -1.144983475872184409e-01 -2.221757980994281123e-01 -2.553434028956026447e-01 -1.747769792555849966e-01 4.980660575286276204e-02 4.344964254809170479e-01 9.775106586594272118e-01 1.657676526585043053e+00 2.435367872547609558e+00 3.255874155431615069e+00 4.054844943599612783e+00 4.765167256389293726e+00 5.324429249020033339e+00 5.682031529855356311e+00 5.805040365208321340e+00 5.682031529855348317e+00 5.324429249020027122e+00 4.765167256389285733e+00 3.006862137197118923e+00 2.414386951318320040e+00 1.805942162515588922e+00 1.229246704334933771e+00 7.248710688355904930e-01 3.221999530680591528e-01 3.693398862439036673e-02 -1.296055185061600612e-01 -1.893493884055352516e-01 -1.647540175762348402e-01 -8.490602006251191103e-02 1.896713722059316723e-02 1.179436119778149161e-01 1.892013445985729625e-01 2.186622741423093486e-01 2.021681829643061368e-01 1.450900509585274500e-01 6.050241683969857787e-02 -3.373966591307378526e-02 -1.185301334884687197e-01 -1.770777698431612313e-01 -1.979440552929737085e-01 -1.770777698431605096e-01 -1.185301334884673319e-01 -3.373966591307376445e-02 6.050241683969963258e-02 1.450900509585264508e-01 2.021681829643073025e-01 2.186622741423111249e-01 1.892013445985746833e-01 1.179436119778168035e-01 1.896713722059424970e-02 -8.490602006251225797e-02 -1.647540175762353398e-01 -1.893493884055337806e-01 -1.296055185061584791e-01 3.693398862439331576e-02 3.221999530680625390e-01 7.248710688355950449e-01 1.229246704334939544e+00 1.805942162515601801e+00 2.414386951318328034e+00 3.006862137197130469e+00 3.533600223916061545e+00 3.948319833125572220e+00 4.213499087418961508e+00 4.304716042619030070e+00 4.213499087418957068e+00 3.948319833125566003e+00 3.533600223916058436e+00
4.765167256389289285e+00 4.054844943599607454e+00 3.255874155431611072e+00 2.435367872547607337e+00 1.657676526585044829e+00 9.775106586594305424e-01 4.344964254809157711e-01 4.980660575286007669e-02 -1.747769792555872170e-01 -2.553434028956039770e-01 -2.221757980994278625e-01 -1.144983475872215634e-01 2.557776078325623217e-02 1.590505440012999483e-01 2.551437613241859248e-01 2.948727198675037964e-01 2.726299368063764272e-01 1.956583417037520145e-01 8.158934723448990622e-02 -4.549896452981079531e-02 -1.598414860775475010e-01 -2.387947524397462939e-01 -2.669335723082070788e-01 -2.387947524397473487e-01 -1.598414860775487223e-01 -4.549896452981292555e-02 8.158934723448788007e-02 1.956583417037509043e-01 2.726299368063774264e-01 2.948727198675072936e-01 2.551437613241946956e-01 1.590505440013037231e-01 2.557776078326552335e-02 -1.144983475872172335e-01 -2.221757980994263915e-01 -2.553434028956026447e-01 -1.747769792555855795e-01 4.980660575285926484e-02 4.344964254809094983e-01 9.775106586594219937e-01 1.657676526585035282e+00 2.435367872547596679e+00 3.255874155431611960e+00 4.054844943599599461e+00 4.765167256389286621e+00 5.324429249020028898e+00 5.682031529855349206e+00 5.805040365208320452e+00 5.682031529855352758e+00 5.324429249020032451e+00 3.533600223916058436e+00 3.006862137197123808e+00 2.414386951318325369e+00 1.805942162515600469e+00 1.229246704334937546e+00 7.248710688355965992e-01 3.221999530680598189e-01 3.693398862439222635e-02 -1.296055185061616155e-01 -1.893493884055351129e-01 -1.647540175762382542e-01 -8.490602006251331269e-02 1.896713722059003779e-02 1.179436119778134728e-01 1.892013445985727960e-01 2.186622741423094318e-01 2.021681829643087180e-01 1.450900509585260345e-01 6.050241683970065260e-02 -3.373966591307338281e-02 -1.185301334884675123e-01 -1.770777698431602321e-01 -1.979440552929747077e-01 -1.770777698431611757e-01 -1.185301334884689001e-01 -3.373966591307445834e-02 6.050241683969925788e-02 1.450900509585260900e-01 2.021681829643078299e-01 2.186622741423115135e-01 1.892013445985761544e-01 1.179436119778185799e-01 1.896713722059373275e-02 -8.490602006251003753e-02 -1.647540175762351178e-01 -1.893493884055336973e-01 -1.296055185061602832e-01 3.693398862439187247e-02 3.221999530680564883e-01 7.248710688355909371e-01 1.229246704334934659e+00 1.805942162515590699e+00 2.414386951318325814e+00 3.006862137197122475e+00 3.533600223916056660e+00 3.948319833125568223e+00 4.213499087418958844e+00 4.304716042619030070e+00 4.213499087418957956e+00 3.948319833125573997e+00
5.324429249020024457e+00 4.765167256389286621e+00 4.054844943599598572e+00 3.255874155431608852e+00 2.435367872547602897e+00 1.657676526585037058e+00 9.775106586594208835e-01 4.344964254809078330e-01 4.980660575285469210e-02 -1.747769792555899648e-01 -2.553434028956062529e-01 -2.221757980994321369e-01 -1.144983475872243944e-01 2.557776078326169308e-02 1.590505440012981719e-01 2.551437613241924751e-01 2.948727198675066830e-01 2.726299368063789252e-01 1.956583417037542905e-01 8.158934723449043358e-02 -4.549896452981065653e-02 -1.598414860775469737e-01 -2.387947524397465437e-01 -2.669335723082064127e-01 -2.387947524397465715e-01 -1.598414860775477231e-01 -4.549896452981168349e-02 8.158934723448842130e-02 1.956583417037529860e-01 2.726299368063792028e-01 2.948727198675074601e-01 2.551437613241941404e-01 1.590505440013035288e-01 2.557776078326410435e-02 -1.144983475872181217e-01 -2.221757980994276960e-01 -2.553434028956028667e-01 -1.747769792555863011e-01 4.980660575285784236e-02 4.344964254809112747e-01 9.775106586594243252e-01 1.657676526585033949e+00 2.435367872547606005e+00 3.255874155431610184e+00 4.054844943599603901e+00 4.765167256389291062e+00 5.324429249020027122e+00 5.682031529855352758e+00 5.805040365208320452e+00 5.682031529855352758e+00 3.948319833125566447e+00 3.533600223916053995e+00 3.006862137197119811e+00 2.414386951318325814e+00 1.805942162515592919e+00 1.229246704334934437e+00 7.248710688355902709e-01 3.221999530680559887e-01 3.693398862438666830e-02 -1.296055185061630033e-01 -1.893493884055381105e-01 -1.647540175762383929e-01 -8.490602006251454781e-02 1.896713722059121393e-02 1.179436119778154851e-01 1.892013445985744058e-01 2.186622741423127347e-01 2.021681829643078299e-01 1.450900509585279496e-01 6.050241683970081913e-02 -3.373966591307265422e-02 -1.185301334884667906e-01 -1.770777698431606484e-01 -1.979440552929738750e-01 -1.770777698431613145e-01 -1.185301334884675678e-01 -3.373966591307346607e-02 6.050241683970039586e-02 1.450900509585274500e-01 2.021681829643084405e-01 2.186622741423120686e-01 1.892013445985764597e-01 1.179436119778164566e-01 1.896713722059369805e-02 -8.490602006251142531e-02 -1.647540175762357562e-01 -1.893493884055348908e-01 -1.296055185061598114e-01 3.693398862439038755e-02 3.221999530680577095e-01 7.248710688355937126e-01 1.229246704334932883e+00 1.805942162515598026e+00 2.414386951318326702e+00 3.006862137197125140e+00 3.533600223916059324e+00 3.948319833125567335e+00 4.213499087418960620e+00 4.304716042619026517e+00 4.213499087418961508e+00
5.682031529855352758e+00 5.324429249020029786e+00 4.765167256389287509e+00 4.054844943599603013e+00 3.255874155431615069e+00 2.435367872547603785e+00 1.657676526585034171e+00 9.775106586594186631e-01 4.344964254809062787e-01 4.980660575285347780e-02 -1.747769792555915469e-01 -2.553434028956098056e-01 -2.221757980994336357e-01 -1.144983475872208972e-01 2.557776078326134267e-02 1.590505440013024185e-01 2.551437613241947511e-01 2.948727198675091254e-01 2.726299368063803130e-01 1.956583417037546513e-01 8.158934723449055848e-02 -4.549896452981098960e-02 -1.598414860775479451e-01 -2.387947524397467103e-01 -2.669335723082067457e-01 -2.387947524397467380e-01 -1.598414860775474733e-01 -4.549896452981166961e-02 8.158934723449060011e-02 1.956583417037558170e-01 2.726299368063805906e-01 2.948727198675096250e-01 2.551437613241970825e-01 1.590505440013056382e-01 2.557776078326619643e-02 -1.144983475872163453e-01 -2.221757980994261139e-01 -2.553434028956034774e-01 -1.747769792555882717e-01 4.980660575285692643e-02 4.344964254809102200e-01 9.775106586594191072e-01 1.657676526585038168e+00 2.435367872547599788e+00 3.255874155431611516e+00 4.054844943599606566e+00 4.765167256389285733e+00 5.324429249020032451e+00 5.682031529855352758e+00 5.805040365208326669e+00 4.213499087418959732e+00 3.948319833125567779e+00 3.533600223916055771e+00 3.006862137197126028e+00 2.414386951318324925e+00 1.805942162515595806e+00 1.229246704334932883e+00 7.248710688355896048e-01 3.221999530680528245e-01 3.693398862438706381e-02 -1.296055185061651127e-01 -1.893493884055381382e-01 -1.647540175762399750e-01 -8.490602006251396494e-02 1.896713722059229987e-02 1.179436119778162484e-01 1.892013445985767928e-01 2.186622741423120964e-01 2.021681829643093564e-01 1.450900509585281162e-01 6.050241683970127710e-02 -3.373966591307249463e-02 -1.185301334884676927e-01 -1.770777698431603708e-01 -1.979440552929751795e-01 -1.770777698431604819e-01 -1.185301334884676511e-01 -3.373966591307261259e-02 6.050241683970149220e-02 1.450900509585288101e-01 2.021681829643099393e-01 2.186622741423140115e-01 1.892013445985770148e-01 1.179436119778187325e-01 1.896713722059475971e-02 -8.490602006251014855e-02 -1.647540175762356451e-01 -1.893493884055346688e-01 -1.296055185061613935e-01 3.693398862438893038e-02 3.221999530680573764e-01 7.248710688355891607e-01 1.229246704334935769e+00 1.805942162515594918e+00 2.414386951318326702e+00 3.006862137197125584e+00 3.533600223916057104e+00 3.948319833125573108e+00 4.213499087418957956e+00 4.304716042619034511e+00
4.304716042619028293e+00 4.213499087418957956e+00 3.948319833125567335e+00 3.533600223916057104e+00 3.006862137197127804e+00 2.414386951318328922e+00 1.805942162515594918e+00 1.229246704334933105e+00 7.248710688355908260e-01 3.221999530680563217e-01 3.693398862438889568e-02 -1.296055185061625870e-01 -1.893493884055361121e-01 -1.647540175762366443e-01 -8.490602006251067591e-02 1.896713722059422888e-02 1.179436119778181913e-01 1.892013445985774034e-01 2.186622741423127347e-01 2.021681829643087458e-01 1.450900509585276166e-01 6.050241683970033341e-02 -3.373966591307381302e-02 -1.185301334884677343e-01 -1.770777698431606761e-01 -1.979440552929744024e-01 -1.770777698431605651e-01 -1.185301334884677621e-01 -3.373966591307205748e-02 6.050241683970239426e-02 1.450900509585283382e-01 2.021681829643093842e-01 2.186622741423130956e-01 1.892013445985765152e-01 1.179436119778171366e-01 1.896713722059332335e-02 -8.490602006251193878e-02 -1.647540175762380321e-01 -1.893493884055381105e-01 -1.296055185061645576e-01 3.693398862438709851e-02 3.221999530680526025e-01 7.248710688355909371e-01 1.229246704334930884e+00 1.805942162515593363e+00 2.414386951318324925e+00 3.006862137197118923e+00 3.533600223916058436e+00 3.948319833125566003e+00 4.213499087418958844e+00 3.192153549636280729e+00 3.124511799414873447e+00 2.927868655128047060e+00 2.620334160509800725e+00 2.229732588512620239e+00 1.790383802448732187e+00 1.339192789358666369e+00 9.115454287279992629e-01 5.375266875917730225e-01 2.389267291259202786e-01 2.738832520479974469e-02 -9.610871236472624812e-02 -1.404116592908762340e-01 -1.221730113707679977e-01 -6.296188892476507759e-02 1.406504257324289915e-02 8.746084896295643063e-02 1.403018777026810437e-01 1.621485709311162315e-01 1.499174106918324534e-01 1.075912363553691020e-01 4.486544588871899802e-02 -2.501958160344380094e-02 -8.789578281309148866e-02 -1.313116651528575263e-01 -1.467850172873266246e-01 -1.313116651528568601e-01 -8.789578281309103069e-02 -2.501958160344254847e-02 4.486544588872012906e-02 1.075912363553698375e-01 1.499174106918330363e-01 1.621485709311161483e-01 1.403018777026808772e-01 8.746084896295537592e-02 1.406504257324214628e-02 -6.296188892476597965e-02 -1.221730113707687609e-01 -1.404116592908767891e-01 -9.610871236472842694e-02 2.738832520479849916e-02 2.389267291259170312e-01 5.375266875917736886e-01 9.115454287279977086e-01 1.339192789358665259e+00 1.790383802448730188e+00 2.229732588512618463e+00 2.620334160509801169e+00 2.927868655128045727e+00 3.124511799414877444e+00
4.213499087418956179e+00 4.304716042619026517e+00 4.213499087418957068e+00 3.948319833125566891e+00 3.533600223916060656e+00 3.006862137197126028e+00 2.414386951318324481e+00 1.805942162515593585e+00 1.229246704334933771e+00 7.248710688355910481e-01 3.221999530680562662e-01 3.693398862438889568e-02 -1.296055185061604498e-01 -1.893493884055353349e-01 -1.647540175762336467e-01 -8.490602006251005140e-02 1.896713722059505808e-02 1.179436119778193848e-01 1.892013445985765985e-01 2.186622741423121796e-01 2.021681829643089956e-01 1.450900509585272835e-01 6.050241683970013912e-02 -3.373966591307287627e-02 -1.185301334884666657e-01 -1.770777698431600100e-01 -1.979440552929733477e-01 -1.770777698431602043e-01 -1.185301334884658470e-01 -3.373966591307086399e-02 6.050241683970182527e-02 1.450900509585284770e-01 2.021681829643096895e-01 2.186622741423127070e-01 1.892013445985756548e-01 1.179436119778163733e-01 1.896713722059248722e-02 -8.490602006251347922e-02 -1.647540175762396142e-01 -1.893493884055390819e-01 -1.296055185061647241e-01 3.693398862438528052e-02 3.221999530680556556e-01 7.248710688355879395e-01 1.229246704334931994e+00 1.805942162515594029e+00 2.414386951318319152e+00 3.006862137197123808e+00 3.533600223916053551e+00 3.948319833125567779e+00 3.124511799414873447e+00 3.192153549636278953e+00 3.124511799414872115e+00 2.927868655128049280e+00 2.620334160509798949e+00 2.229732588512621128e+00 1.790383802448731076e+00 1.339192789358666147e+00 9.115454287279980417e-01 5.375266875917741327e-01 2.389267291259203618e-01 2.738832520480067798e-02 -9.610871236472620649e-02 -1.404116592908748462e-01 -1.221730113707670262e-01 -6.296188892476460575e-02 1.406504257324343345e-02 8.746084896295625022e-02 1.403018777026809882e-01 1.621485709311161760e-01 1.499174106918320648e-01 1.075912363553689494e-01 4.486544588871857475e-02 -2.501958160344286766e-02 -8.789578281309173846e-02 -1.313116651528561107e-01 -1.467850172873264580e-01 -1.313116651528558887e-01 -8.789578281309079477e-02 -2.501958160344194132e-02 4.486544588871986539e-02 1.075912363553696988e-01 1.499174106918323979e-01 1.621485709311157319e-01 1.403018777026801278e-01 8.746084896295421018e-02 1.406504257324129280e-02 -6.296188892476731191e-02 -1.221730113707697046e-01 -1.404116592908785655e-01 -9.610871236472887102e-02 2.738832520479667770e-02 2.389267291259190296e-01 5.375266875917725784e-01 9.115454287279981527e-01 1.339192789358665037e+00 1.790383802448727746e+00 2.229732588512622460e+00 2.620334160509795840e+00 2.927868655128050612e+00
3.948319833125566003e+00 4.213499087418955291e+00 4.304716042619028293e+00 4.213499087418956179e+00 3.948319833125571332e+00 3.533600223916059324e+00 3.006862137197123808e+00 2.414386951318324925e+00 1.805942162515594918e+00 1.229246704334933327e+00 7.248710688355904930e-01 3.221999530680563217e-01 3.693398862439193492e-02 -1.296055185061616433e-01 -1.893493884055316989e-01 -1.647540175762350068e-01 -8.490602006251034284e-02 1.896713722059539114e-02 1.179436119778174002e-01 1.892013445985752940e-01 2.186622741423119576e-01 2.021681829643078854e-01 1.450900509585265619e-01 6.050241683970068729e-02 -3.373966591307230728e-02 -1.185301334884671098e-01 -1.770777698431599267e-01 -1.979440552929743469e-01 -1.770777698431597602e-01 -1.185301334884662217e-01 -3.373966591307300117e-02 6.050241683970052076e-02 1.450900509585273945e-01 2.021681829643083017e-01 2.186622741423107918e-01 1.892013445985737952e-01 1.179436119778149439e-01 1.896713722059052351e-02 -8.490602006251553313e-02 -1.647540175762410852e-01 -1.893493884055396370e-01 -1.296055185061660286e-01 3.693398862438761199e-02 3.221999530680537127e-01 7.248710688355896048e-01 1.229246704334932883e+00 1.805942162515588922e+00 2.414386951318325814e+00 3.006862137197119811e+00 3.533600223916055771e+00 2.927868655128047504e+00 3.124511799414872115e+00 3.192153549636278953e+00 3.124511799414874336e+00 2.927868655128048392e+00 2.620334160509800281e+00 2.229732588512621128e+00 1.790383802448731299e+00 1.339192789358665481e+00 9.115454287279990409e-01 5.375266875917743548e-01 2.389267291259206949e-01 2.738832520480042124e-02 -9.610871236472554036e-02 -1.404116592908748740e-01 -1.221730113707671372e-01 -6.296188892476534127e-02 1.406504257324320446e-02 8.746084896295551470e-02 1.403018777026807107e-01 1.621485709311153989e-01 1.499174106918317317e-01 1.075912363553683665e-01 4.486544588871931721e-02 -2.501958160344335338e-02 -8.789578281309087804e-02 -1.313116651528566659e-01 -1.467850172873262082e-01 -1.313116651528566936e-01 -8.789578281309100294e-02 -2.501958160344318338e-02 4.486544588871874129e-02 1.075912363553686441e-01 1.499174106918312877e-01 1.621485709311145662e-01 1.403018777026782959e-01 8.746084896295340527e-02 1.406504257323966042e-02 -6.296188892476795029e-02 -1.221730113707713006e-01 -1.404116592908789540e-01 -9.610871236472953716e-02 2.738832520479838814e-02 2.389267291259183634e-01 5.375266875917732445e-01 9.115454287279982637e-01 1.339192789358662816e+00 1.790383802448732409e+00 2.229732588512615798e+00 2.620334160509801169e+00
3.533600223916059324e+00 3.948319833125568223e+00 4.213499087418959732e+00 4.304716042619029182e+00 4.213499087418962397e+00 3.948319833125570888e+00 3.533600223916058436e+00 3.006862137197124696e+00 2.414386951318326258e+00 1.805942162515594696e+00 1.229246704334933105e+00 7.248710688355922693e-01 3.221999530680614288e-01 3.693398862439027652e-02 -1.296055185061558146e-01 -1.893493884055330034e-01 -1.647540175762347570e-01 -8.490602006250959344e-02 1.896713722059363214e-02 1.179436119778160819e-01 1.892013445985752385e-01 2.186622741423104588e-01 2.021681829643065809e-01 1.450900509585263676e-01 6.050241683970043749e-02 -3.373966591307361179e-02 -1.185301334884675123e-01 -1.770777698431614533e-01 -1.979440552929744856e-01 -1.770777698431604541e-01 -1.185301334884684421e-01 -3.373966591307414609e-02 6.050241683969930645e-02 1.450900509585262010e-01 2.021681829643061923e-01 2.186622741423086269e-01 1.892013445985725462e-01 1.179436119778135283e-01 1.896713722058934390e-02 -8.490602006251549150e-02 -1.647540175762395032e-01 -1.893493884055374443e-01 -1.296055185061609494e-01 3.693398862439074143e-02 3.221999530680600965e-01 7.248710688355957110e-01 1.229246704334933771e+00 1.805942162515600469e+00 2.414386951318325814e+00 3.006862137197126028e+00 2.620334160509801169e+00 2.927868655128049724e+00 3.124511799414874780e+00 3.192153549636282950e+00 3.124511799414875224e+00 2.927868655128050168e+00 2.620334160509801613e+00 2.229732588512622016e+00 1.790383802448731076e+00 1.339192789358666147e+00 9.115454287279999290e-01 5.375266875917755760e-01 2.389267291259213888e-01 2.738832520480202065e-02 -9.610871236472486034e-02 -1.404116592908740968e-01 -1.221730113707678173e-01 -6.296188892476449472e-02 1.406504257324244986e-02 8.746084896295533428e-02 1.403018777026794617e-01 1.621485709311145107e-01 1.499174106918305660e-01 1.075912363553683110e-01 4.486544588871825556e-02 -2.501958160344333951e-02 -8.789578281309204377e-02 -1.313116651528569157e-01 -1.467850172873275405e-01 -1.313116651528573042e-01 -8.789578281309252950e-02 -2.501958160344465096e-02 4.486544588871763106e-02 1.075912363553670620e-01 1.499174106918300386e-01 1.621485709311122070e-01 1.403018777026777131e-01 8.746084896295175382e-02 1.406504257323972808e-02 -6.296188892476868582e-02 -1.221730113707703153e-01 -1.404116592908772609e-01 -9.610871236472610935e-02 2.738832520480146554e-02 2.389267291259231096e-01 5.375266875917771303e-01 9.115454287279999290e-01 1.339192789358671254e+00 1.790383802448730188e+00 2.229732588512624680e+00
3.006862137197124252e+00 3.533600223916055327e+00 3.948319833125568223e+00 4.213499087418957068e+00 4.304716042619031846e+00 4.213499087418959732e+00 3.948319833125569112e+00 3.533600223916058880e+00 3.006862137197126028e+00 2.414386951318325814e+00 1.805942162515594251e+00 1.229246704334935325e+00 7.248710688355977094e-01 3.221999530680580426e-01 3.693398862439614683e-02 -1.296055185061588955e-01 -1.893493884055342524e-01 -1.647540175762352566e-01 -8.490602006251182776e-02 1.896713722059215068e-02 1.179436119778163594e-01 1.892013445985742393e-01 2.186622741423099869e-01 2.021681829643074135e-01 1.450900509585273390e-01 6.050241683970047218e-02 -3.373966591307278606e-02 -1.185301334884681229e-01 -1.770777698431609537e-01 -1.979440552929743191e-01 -1.770777698431616198e-01 -1.185301334884685254e-01 -3.373966591307437507e-02 6.050241683969995871e-02 1.450900509585258680e-01 2.021681829643061645e-01 2.186622741423097926e-01 1.892013445985738507e-01 1.179436119778144443e-01 1.896713722059076290e-02 -8.490602006251338207e-02 -1.647540175762370607e-01 -1.893493884055348353e-01 -1.296055185061602000e-01 3.693398862439235819e-02 3.221999530680597079e-01 7.248710688355903820e-01 1.229246704334937323e+00 1.805942162515592253e+00 2.414386951318324481e+00 2.229732588512620683e+00 2.620334160509798949e+00 2.927868655128048392e+00 3.124511799414875224e+00 3.192153549636281618e+00 3.124511799414875668e+00 2.927868655128050612e+00 2.620334160509802057e+00 2.229732588512621572e+00 1.790383802448731521e+00 1.339192789358667479e+00 9.115454287280005952e-01 5.375266875917760201e-01 2.389267291259221937e-01 2.738832520480170146e-02 -9.610871236472463830e-02 -1.404116592908762340e-01 -1.221730113707672621e-01 -6.296188892476585475e-02 1.406504257324234751e-02 8.746084896295414080e-02 1.403018777026792119e-01 1.621485709311141776e-01 1.499174106918313154e-01 1.075912363553683804e-01 4.486544588871903966e-02 -2.501958160344357196e-02 -8.789578281309158581e-02 -1.313116651528577206e-01 -1.467850172873276238e-01 -1.313116651528580259e-01 -8.789578281309309848e-02 -2.501958160344450524e-02 4.486544588871736045e-02 1.075912363553675477e-01 1.499174106918291505e-01 1.621485709311137891e-01 1.403018777026778519e-01 8.746084896295334976e-02 1.406504257324032656e-02 -6.296188892476706211e-02 -1.221730113707687193e-01 -1.404116592908755956e-01 -9.610871236472497137e-02 2.738832520480283944e-02 2.389267291259224435e-01 5.375266875917743548e-01 9.115454287280028156e-01 1.339192789358664148e+00 1.790383802448732187e+00
2.414386951318327590e+00 3.006862137197123364e+00 3.533600223916058880e+00 3.948319833125567779e+00 4.213499087418962397e+00 4.304716042619030070e+00 4.213499087418959732e+00 3.948319833125570444e+00 3.533600223916059768e+00 3.006862137197124252e+00 2.414386951318323593e+00 1.805942162515594696e+00 1.229246704334940654e+00 7.248710688355919363e-01 3.221999530680632606e-01 3.693398862439215002e-02 -1.296055185061605886e-01 -1.893493884055347798e-01 -1.647540175762369496e-01 -8.490602006251299350e-02 1.896713722059287927e-02 1.179436119778155129e-01 1.892013445985738229e-01 2.186622741423106253e-01 2.021681829643082740e-01 1.450900509585270060e-01 6.050241683970098566e-02 -3.373966591307388241e-02 -1.185301334884683866e-01 -1.770777698431614533e-01 -1.979440552929756514e-01 -1.770777698431622582e-01 -1.185301334884696217e-01 -3.373966591307461793e-02 6.050241683969845297e-02 1.450900509585244247e-01 2.021681829643058037e-01 2.186622741423098759e-01 1.892013445985729625e-01 1.179436119778145414e-01 1.896713722059226170e-02 -8.490602006251096734e-02 -1.647540175762347847e-01 -1.893493884055323373e-01 -1.296055185061568971e-01 3.693398862439446068e-02 3.221999530680592083e-01 7.248710688355965992e-01 1.229246704334934437e+00 1.805942162515595362e+00 1.790383802448732187e+00 2.229732588512621128e+00 2.620334160509800725e+00 2.927868655128049724e+00 3.124511799414875668e+00 3.192153549636282062e+00 3.124511799414876556e+00 2.927868655128051056e+00 2.620334160509800725e+00 2.229732588512621128e+00 1.790383802448732187e+00 1.339192789358667479e+00 9.115454287280005952e-01 5.375266875917763532e-01 2.389267291259215831e-01 2.738832520480194779e-02 -9.610871236472745549e-02 -1.404116592908752625e-01 -1.221730113707684001e-01 -6.296188892476553556e-02 1.406504257324126331e-02 8.746084896295401589e-02 1.403018777026788788e-01 1.621485709311146772e-01 1.499174106918313432e-01 1.075912363553687967e-01 4.486544588871858863e-02 -2.501958160344351298e-02 -8.789578281309290420e-02 -1.313116651528582202e-01 -1.467850172873285397e-01 -1.313116651528590528e-01 -8.789578281309352870e-02 -2.501958160344563281e-02 4.486544588871691636e-02 1.075912363553655215e-01 1.499174106918298999e-01 1.621485709311128731e-01 1.403018777026781572e-01 8.746084896295337752e-02 1.406504257324125463e-02 -6.296188892476545229e-02 -1.221730113707669568e-01 -1.404116592908732641e-01 -9.610871236472195989e-02 2.738832520480394273e-02 2.389267291259224713e-01 5.375266875917790177e-01 9.115454287279992629e-01 1.339192789358668589e+00
1.805942162515595806e+00 2.414386951318323593e+00 3.006862137197124696e+00 3.533600223916057992e+00 3.948319833125571332e+00 4.213499087418960620e+00 4.304716042619030958e+00 4.213499087418962397e+00 3.948319833125572664e+00 3.533600223916059324e+00 3.006862137197123808e+00 2.414386951318327146e+00 1.805942162515604021e+00 1.229246704334935547e+00 7.248710688355990417e-01 3.221999530680609292e-01 3.693398862439154634e-02 -1.296055185061598392e-01 -1.893493884055343635e-01 -1.647540175762359782e-01 -8.490602006251038447e-02 1.896713722059400337e-02 1.179436119778172753e-01 1.892013445985765985e-01 2.186622741423137062e-01 2.021681829643102724e-01 1.450900509585299203e-01 6.050241683970180445e-02 -3.373966591307257096e-02 -1.185301334884667906e-01 -1.770777698431605096e-01 -1.979440552929744301e-01 -1.770777698431617864e-01 -1.185301334884681368e-01 -3.373966591307460405e-02 6.050241683969845297e-02 1.450900509585253961e-01 2.021681829643071360e-01 2.186622741423093763e-01 1.892013445985730180e-01 1.179436119778149578e-01 1.896713722059309090e-02 -8.490602006251149469e-02 -1.647540175762347847e-01 -1.893493884055325593e-01 -1.296055185061592563e-01 3.693398862439033897e-02 3.221999530680599300e-01 7.248710688355902709e-01 1.229246704334932883e+00 1.339192789358666591e+00 1.790383802448731076e+00 2.229732588512621128e+00 2.620334160509800725e+00 2.927868655128050612e+00 3.124511799414877000e+00 3.192153549636284282e+00 3.124511799414877888e+00 2.927868655128051056e+00 2.620334160509801169e+00 2.229732588512623348e+00 1.790383802448733297e+00 1.339192789358668811e+00 9.115454287280021495e-01 5.375266875917764642e-01 2.389267291259230264e-01 2.738832520479961632e-02 -9.610871236472511014e-02 -1.404116592908750683e-01 -1.221730113707667070e-01 -6.296188892476539678e-02 1.406504257324262853e-02 8.746084896295532041e-02 1.403018777026808495e-01 1.621485709311165369e-01 1.499174106918332583e-01 1.075912363553700318e-01 4.486544588871998335e-02 -2.501958160344348522e-02 -8.789578281309200214e-02 -1.313116651528574708e-01 -1.467850172873282066e-01 -1.313116651528580814e-01 -8.789578281309345931e-02 -2.501958160344493198e-02 4.486544588871607675e-02 1.075912363553673118e-01 1.499174106918297056e-01 1.621485709311134005e-01 1.403018777026784625e-01 8.746084896295364119e-02 1.406504257324178025e-02 -6.296188892476559107e-02 -1.221730113707667487e-01 -1.404116592908728200e-01 -9.610871236472401380e-02 2.738832520480140309e-02 2.389267291259231929e-01 5.375266875917733556e-01 9.115454287280003731e-01
1.229246704334934659e+00 1.805942162515593141e+00 2.414386951318325369e+00 3.006862137197123808e+00 3.533600223916060212e+00 3.948319833125570000e+00 4.213499087418960620e+00 4.304716042619032734e+00 4.213499087418964173e+00 3.948319833125570888e+00 3.533600223916057104e+00 3.006862137197125584e+00 2.414386951318336028e+00 1.805942162515596028e+00 1.229246704334941098e+00 7.248710688355953780e-01 3.221999530680584312e-01 3.693398862439116470e-02 -1.296055185061606441e-01 -1.893493884055348075e-01 -1.647540175762351455e-01 -8.490602006251074529e-02 1.896713722059434337e-02 1.179436119778185937e-01 1.892013445985783193e-01 2.186622741423145666e-01 2.021681829643119377e-01 1.450900509585292819e-01 6.050241683970172119e-02 -3.373966591307206442e-02 -1.185301334884667768e-01 -1.770777698431606206e-01 -1.979440552929756236e-01 -1.770777698431618141e-01 -1.185301334884695246e-01 -3.373966591307558938e-02 6.050241683969849460e-02 1.450900509585263953e-01 2.021681829643062200e-01 2.186622741423096261e-01 1.892013445985739062e-01 1.179436119778169839e-01 1.896713722059394786e-02 -8.490602006250934364e-02 -1.647540175762331194e-01 -1.893493884055330589e-01 -1.296055185061603110e-01 3.693398862439224023e-02 3.221999530680558776e-01 7.248710688355896048e-01 9.115454287279992629e-01 1.339192789358666147e+00 1.790383802448731299e+00 2.229732588512622016e+00 2.620334160509801613e+00 2.927868655128051056e+00 3.124511799414877888e+00 3.192153549636284726e+00 3.124511799414877444e+00 2.927868655128050168e+00 2.620334160509802945e+00 2.229732588512623792e+00 1.790383802448734185e+00 1.339192789358669256e+00 9.115454287280011503e-01 5.375266875917772413e-01 2.389267291259191961e-01 2.738832520480109778e-02 -9.610871236472566526e-02 -1.404116592908741801e-01 -1.221730113707676507e-01 -6.296188892476510535e-02 1.406504257324290783e-02 8.746084896295613920e-02 1.403018777026819319e-01 1.621485709311173973e-01 1.499174106918337301e-01 1.075912363553702955e-01 4.486544588871903966e-02 -2.501958160344353727e-02 -8.789578281309201602e-02 -1.313116651528580814e-01 -1.467850172873282621e-01 -1.313116651528592194e-01 -8.789578281309387564e-02 -2.501958160344652099e-02 4.486544588871714534e-02 1.075912363553667705e-01 1.499174106918298166e-01 1.621485709311141221e-01 1.403018777026791286e-01 8.746084896295494571e-02 1.406504257324282109e-02 -6.296188892476405063e-02 -1.221730113707647919e-01 -1.404116592908732086e-01 -9.610871236472448564e-02 2.738832520480267291e-02 2.389267291259201398e-01 5.375266875917749099e-01
7.248710688355898268e-01 1.229246704334930218e+00 1.805942162515592253e+00 2.414386951318324037e+00 3.006862137197124252e+00 3.533600223916057548e+00 3.948319833125569112e+00 4.213499087418962397e+00 4.304716042619032734e+00 4.213499087418960620e+00 3.948319833125569112e+00 3.533600223916060212e+00 3.006862137197135798e+00 2.414386951318328478e+00 1.805942162515602023e+00 1.229246704334938656e+00 7.248710688355941567e-01 3.221999530680592083e-01 3.693398862439196961e-02 -1.296055185061590342e-01 -1.893493884055329757e-01 -1.647540175762345627e-01 -8.490602006250951017e-02 1.896713722059611973e-02 1.179436119778204811e-01 1.892013445985792630e-01 2.186622741423159544e-01 2.021681829643106887e-01 1.450900509585282827e-01 6.050241683970140200e-02 -3.373966591307251545e-02 -1.185301334884674151e-01 -1.770777698431624247e-01 -1.979440552929760955e-01 -1.770777698431633684e-01 -1.185301334884701907e-01 -3.373966591307536733e-02 6.050241683969985462e-02 1.450900509585254794e-01 2.021681829643064143e-01 2.186622741423099314e-01 1.892013445985749054e-01 1.179436119778165259e-01 1.896713722059458623e-02 -8.490602006250951017e-02 -1.647540175762359504e-01 -1.893493884055354182e-01 -1.296055185061617820e-01 3.693398862438657115e-02 3.221999530680527135e-01 5.375266875917730225e-01 9.115454287279980417e-01 1.339192789358665259e+00 1.790383802448730632e+00 2.229732588512621572e+00 2.620334160509800725e+00 2.927868655128051056e+00 3.124511799414877444e+00 3.192153549636284726e+00 3.124511799414876556e+00 2.927868655128051500e+00 2.620334160509802945e+00 2.229732588512624680e+00 1.790383802448734629e+00 1.339192789358669256e+00 9.115454287280030377e-01 5.375266875917736886e-01 2.389267291259213610e-01 2.738832520480182636e-02 -9.610871236472370849e-02 -1.404116592908744299e-01 -1.221730113707666932e-01 -6.296188892476418941e-02 1.406504257324400244e-02 8.746084896295751310e-02 1.403018777026826536e-01 1.621485709311177026e-01 1.499174106918333416e-01 1.075912363553689355e-01 4.486544588871849842e-02 -2.501958160344391197e-02 -8.789578281309284868e-02 -1.313116651528586087e-01 -1.467850172873297609e-01 -1.313116651528598300e-01 -8.789578281309509689e-02 -2.501958160344520607e-02 4.486544588871693023e-02 1.075912363553667983e-01 1.499174106918306215e-01 1.621485709311143719e-01 1.403018777026797115e-01 8.746084896295514000e-02 1.406504257324328773e-02 -6.296188892476332899e-02 -1.221730113707667487e-01 -1.404116592908750960e-01 -9.610871236472577628e-02 2.738832520479892244e-02 2.389267291259190018e-01
3.221999530680567103e-01 7.248710688355894938e-01 1.229246704334932216e+00 1.805942162515593363e+00 2.414386951318324925e+00 3.006862137197122919e+00 3.533600223916057104e+00 3.948319833125569556e+00 4.213499087418960620e+00 4.304716042619030070e+00 4.213499087418957068e+00 3.948319833125568223e+00 3.533600223916068206e+00 3.006862137197125140e+00 2.414386951318330254e+00 1.805942162515597804e+00 1.229246704334935769e+00 7.248710688355930465e-01 3.221999530680595969e-01 3.693398862439281616e-02 -1.296055185061588677e-01 -1.893493884055337528e-01 -1.647540175762346459e-01 -8.490602006250923262e-02 1.896713722059629667e-02 1.179436119778200648e-01 1.892013445985789299e-01 2.186622741423132898e-01 2.021681829643083295e-01 1.450900509585274223e-01 6.050241683970095097e-02 -3.373966591307290402e-02 -1.185301334884689417e-01 -1.770777698431620639e-01 -1.979440552929763453e-01 -1.770777698431622305e-01 -1.185301334884685392e-01 -3.373966591307248769e-02 6.050241683970032647e-02 1.450900509585266174e-01 2.021681829643074413e-01 2.186622741423115412e-01 1.892013445985760989e-01 1.179436119778186909e-01 1.896713722059607810e-02 -8.490602006251014855e-02 -1.647540175762349235e-01 -1.893493884055348631e-01 -1.296055185061630866e-01 3.693398862438705688e-02 2.389267291259204451e-01 5.375266875917741327e-01 9.115454287279990409e-01 1.339192789358666369e+00 1.790383802448731521e+00 2.229732588512621128e+00 2.620334160509801169e+00 2.927868655128050612e+00 3.124511799414876556e+00 3.192153549636282062e+00 3.124511799414875668e+00 2.927868655128050168e+00 2.620334160509801613e+00 2.229732588512622904e+00 1.790383802448732853e+00 1.339192789358669033e+00 9.115454287279981527e-01 5.375266875917746878e-01 2.389267291259218329e-01 2.738832520480308924e-02 -9.610871236472486034e-02 -1.404116592908744576e-01 -1.221730113707666099e-01 -6.296188892476416166e-02 1.406504257324444132e-02 8.746084896295713840e-02 1.403018777026820985e-01 1.621485709311163703e-01 1.499174106918313709e-01 1.075912363553680889e-01 4.486544588871805433e-02 -2.501958160344434218e-02 -8.789578281309297358e-02 -1.313116651528595802e-01 -1.467850172873295667e-01 -1.313116651528596912e-01 -8.789578281309284868e-02 -2.501958160344436299e-02 4.486544588871777678e-02 1.075912363553686718e-01 1.499174106918316485e-01 1.621485709311155932e-01 1.403018777026810437e-01 8.746084896295637512e-02 1.406504257324481776e-02 -6.296188892476387022e-02 -1.221730113707664156e-01 -1.404116592908747074e-01 -9.610871236472591506e-02 2.738832520479988694e-02
3.693398862438875691e-02 3.221999530680547674e-01 7.248710688355902709e-01 1.229246704334934215e+00 1.805942162515594696e+00 2.414386951318326258e+00 3.006862137197124696e+00 3.533600223916059768e+00 3.948319833125571776e+00 4.213499087418959732e+00 4.304716042619028293e+00 4.213499087418959732e+00 3.948319833125580214e+00 3.533600223916060212e+00 3.006862137197128693e+00 2.414386951318329366e+00 1.805942162515596028e+00 1.229246704334935547e+00 7.248710688355949339e-01 3.221999530680613733e-01 3.693398862439306596e-02 -1.296055185061590065e-01 -1.893493884055328091e-01 -1.647540175762331194e-01 -8.490602006250790035e-02 1.896713722059732363e-02 1.179436119778210224e-01 1.892013445985778475e-01 2.186622741423122351e-01 2.021681829643089123e-01 1.450900509585279774e-01 6.050241683970115913e-02 -3.373966591307425017e-02 -1.185301334884690527e-01 -1.770777698431632297e-01 -1.979440552929762620e-01 -1.770777698431623137e-01 -1.185301334884675678e-01 -3.373966591307424323e-02 6.050241683969876522e-02 1.450900509585246467e-01 2.021681829643054984e-01 2.186622741423096539e-01 1.892013445985743780e-01 1.179436119778165121e-01 1.896713722059198762e-02 -8.490602006251223022e-02 -1.647540175762383097e-01 -1.893493884055382770e-01 -1.296055185061651682e-01 2.738832520479987306e-02 2.389267291259203341e-01 5.375266875917743548e-01 9.115454287280001511e-01 1.339192789358667479e+00 1.790383802448732187e+00 2.229732588512623348e+00 2.620334160509802945e+00 2.927868655128051500e+00 3.124511799414875668e+00 3.192153549636282950e+00 3.124511799414876556e+00 2.927868655128051500e+00 2.620334160509802945e+00 2.229732588512623348e+00 1.790383802448734185e+00 1.339192789358665037e+00 9.115454287279997070e-01 5.375266875917761311e-01 2.389267291259238035e-01 2.738832520480224617e-02 -9.610871236472447177e-02 -1.404116592908737082e-01 -1.221730113707657772e-01 -6.296188892476285714e-02 1.406504257324504154e-02 8.746084896295754085e-02 1.403018777026813491e-01 1.621485709311152323e-01 1.499174106918312877e-01 1.075912363553681861e-01 4.486544588871817230e-02 -2.501958160344446708e-02 -8.789578281309441687e-02 -1.313116651528599965e-01 -1.467850172873297887e-01 -1.313116651528586920e-01 -8.789578281309311236e-02 -2.501958160344511933e-02 4.486544588871783923e-02 1.075912363553675200e-01 1.499174106918303717e-01 1.621485709311146772e-01 1.403018777026794617e-01 8.746084896295541755e-02 1.406504257324188260e-02 -6.296188892476596577e-02 -1.221730113707690524e-01 -1.404116592908762340e-01 -9.610871236472751100e-02
-1.296055185061618931e-01 3.693398862438834057e-02 3.221999530680562662e-01 7.248710688355928244e-01 1.229246704334933993e+00 1.805942162515595806e+00 2.414386951318325814e+00 3.006862137197126916e+00 3.533600223916060656e+00 3.948319833125569556e+00 4.213499087418957956e+00 4.304716042619029182e+00 4.213499087418970390e+00 3.948319833125570444e+00 3.533600223916061100e+00 3.006862137197126916e+00 2.414386951318327146e+00 1.805942162515596472e+00 1.229246704334937546e+00 7.248710688355962661e-01 3.221999530680602630e-01 3.693398862439185859e-02 -1.296055185061592840e-01 -1.893493884055326704e-01 -1.647540175762337300e-01 -8.490602006250869138e-02 1.896713722059611626e-02 1.179436119778178998e-01 1.892013445985744891e-01 2.186622741423107641e-01 2.021681829643074968e-01 1.450900509585265896e-01 6.050241683969859174e-02 -3.373966591307540897e-02 -1.185301334884703850e-01 -1.770777698431624803e-01 -1.979440552929753461e-01 -1.770777698431599545e-01 -1.185301334884672902e-01 -3.373966591307363955e-02 6.050241683969900808e-02 1.450900509585251186e-01 2.021681829643072470e-01 2.186622741423107641e-01 1.892013445985751552e-01 1.179436119778154851e-01 1.896713722059286192e-02 -8.490602006251346534e-02 -1.647540175762387815e-01 -1.893493884055384158e-01 -9.610871236472633139e-02 2.738832520480060165e-02 2.389267291259206949e-01 5.375266875917752429e-01 9.115454287280005952e-01 1.339192789358667701e+00 1.790383802448733297e+00 2.229732588512623792e+00 2.620334160509802501e+00 2.927868655128050168e+00 3.124511799414876556e+00 3.192153549636282950e+00 3.124511799414876556e+00 2.927868655128051056e+00 2.620334160509802057e+00 2.229732588512622904e+00 1.790383802448729744e+00 1.339192789358665925e+00 9.115454287280010393e-01 5.375266875917774634e-01 2.389267291259221659e-01 2.738832520480155922e-02 -9.610871236472448564e-02 -1.404116592908739025e-01 -1.221730113707658466e-01 -6.296188892476367593e-02 1.406504257324379774e-02 8.746084896295507061e-02 1.403018777026788511e-01 1.621485709311137058e-01 1.499174106918300664e-01 1.075912363553671869e-01 4.486544588871699268e-02 -2.501958160344676038e-02 -8.789578281309502750e-02 -1.313116651528597467e-01 -1.467850172873286507e-01 -1.313116651528579981e-01 -8.789578281309266827e-02 -2.501958160344357196e-02 4.486544588871838740e-02 1.075912363553679224e-01 1.499174106918317040e-01 1.621485709311150658e-01 1.403018777026802666e-01 8.746084896295477917e-02 1.406504257324207169e-02 -6.296188892476682619e-02 -1.221730113707681226e-01 -1.404116592908763173e-01
-1.893493884055366117e-01 -1.296055185061633364e-01 3.693398862438857649e-02 3.221999530680584867e-01 7.248710688355917142e-01 1.229246704334936213e+00 1.805942162515596250e+00 2.414386951318328478e+00 3.006862137197127804e+00 3.533600223916060212e+00 3.948319833125568667e+00 4.213499087418958844e+00 4.304716042619041616e+00 4.213499087418960620e+00 3.948319833125570888e+00 3.533600223916059768e+00 3.006862137197124252e+00 2.414386951318325814e+00 1.805942162515596028e+00 1.229246704334937101e+00 7.248710688355931575e-01 3.221999530680569879e-01 3.693398862439039448e-02 -1.296055185061599224e-01 -1.893493884055341414e-01 -1.647540175762345349e-01 -8.490602006250991263e-02 1.896713722059402071e-02 1.179436119778159014e-01 1.892013445985747944e-01 2.186622741423110416e-01 2.021681829643083572e-01 1.450900509585262566e-01 6.050241683969919543e-02 -3.373966591307495100e-02 -1.185301334884682339e-01 -1.770777698431605374e-01 -1.979440552929727370e-01 -1.770777698431595659e-01 -1.185301334884674151e-01 -3.373966591307459711e-02 6.050241683969793949e-02 1.450900509585256182e-01 2.021681829643060813e-01 2.186622741423097926e-01 1.892013445985727682e-01 1.179436119778149161e-01 1.896713722059023208e-02 -8.490602006251464495e-02 -1.647540175762399750e-01 -1.404116592908761785e-01 -9.610871236472617873e-02 2.738832520480041083e-02 2.389267291259214165e-01 5.375266875917759091e-01 9.115454287280008172e-01 1.339192789358668811e+00 1.790383802448733963e+00 2.229732588512624236e+00 2.620334160509802057e+00 2.927868655128051500e+00 3.124511799414877000e+00 3.192153549636283394e+00 3.124511799414876112e+00 2.927868655128050612e+00 2.620334160509800725e+00 2.229732588512618907e+00 1.790383802448729744e+00 1.339192789358667035e+00 9.115454287280013723e-01 5.375266875917749099e-01 2.389267291259202786e-01 2.738832520480077512e-02 -9.610871236472542933e-02 -1.404116592908744576e-01 -1.221730113707666932e-01 -6.296188892476470289e-02 1.406504257324199363e-02 8.746084896295383548e-02 1.403018777026787400e-01 1.621485709311137891e-01 1.499174106918305938e-01 1.075912363553676449e-01 4.486544588871612532e-02 -2.501958160344611853e-02 -8.789578281309357033e-02 -1.313116651528581369e-01 -1.467850172873274850e-01 -1.313116651528573042e-01 -8.789578281309161356e-02 -2.501958160344379747e-02 4.486544588871779066e-02 1.075912363553684775e-01 1.499174106918307325e-01 1.621485709311142054e-01 1.403018777026787678e-01 8.746084896295380773e-02 1.406504257324004900e-02 -6.296188892476643761e-02 -1.221730113707691356e-01
-1.647540175762362835e-01 -1.893493884055362786e-01 -1.296055185061613657e-01 3.693398862439211533e-02 3.221999530680579871e-01 7.248710688355951559e-01 1.229246704334936213e+00 1.805942162515598026e+00 2.414386951318329366e+00 3.006862137197126028e+00 3.533600223916057548e+00 3.948319833125568667e+00 4.213499087418970390e+00 4.304716042619031846e+00 4.213499087418960620e+00 3.948319833125570888e+00 3.533600223916058880e+00 3.006862137197125140e+00 2.414386951318327146e+00 1.805942162515598692e+00 1.229246704334936435e+00 7.248710688355919363e-01 3.221999530680580981e-01 3.693398862439185859e-02 -1.296055185061598392e-01 -1.893493884055337528e-01 -1.647540175762355896e-01 -8.490602006251132816e-02 1.896713722059209170e-02 1.179436119778156239e-01 1.892013445985743780e-01 2.186622741423109584e-01 2.021681829643068862e-01 1.450900509585252851e-01 6.050241683969823786e-02 -3.373966591307463181e-02 -1.185301334884680952e-01 -1.770777698431600100e-01 -1.979440552929739860e-01 -1.770777698431615088e-01 -1.185301334884700381e-01 -3.373966591307723389e-02 6.050241683969765499e-02 1.450900509585235365e-01 2.021681829643049155e-01 2.186622741423079053e-01 1.892013445985729070e-01 1.179436119778134728e-01 1.896713722059110638e-02 -8.490602006251396494e-02 -1.221730113707679005e-01 -1.404116592908748185e-01 -9.610871236472545709e-02 2.738832520480211433e-02 2.389267291259225545e-01 5.375266875917763532e-01 9.115454287280021495e-01 1.339192789358669033e+00 1.790383802448734629e+00 2.229732588512622904e+00 2.620334160509802501e+00 2.927868655128050612e+00 3.124511799414876112e+00 3.192153549636283394e+00 3.124511799414877000e+00 2.927868655128049724e+00 2.620334160509798505e+00 2.229732588512620239e+00 1.790383802448732187e+00 1.339192789358668589e+00 9.115454287280001511e-01 5.375266875917743548e-01 2.389267291259213055e-01 2.738832520480151411e-02 -9.610871236472477708e-02 -1.404116592908742633e-01 -1.221730113707672621e-01 -6.296188892476610455e-02 1.406504257324068564e-02 8.746084896295347466e-02 1.403018777026781017e-01 1.621485709311137335e-01 1.499174106918303717e-01 1.075912363553655215e-01 4.486544588871553552e-02 -2.501958160344583057e-02 -8.789578281309368135e-02 -1.313116651528582202e-01 -1.467850172873279291e-01 -1.313116651528577483e-01 -8.789578281309312624e-02 -2.501958160344545240e-02 4.486544588871756861e-02 1.075912363553667289e-01 1.499174106918294003e-01 1.621485709311129841e-01 1.403018777026782127e-01 8.746084896295253097e-02 1.406504257324167444e-02 -6.296188892476622945e-02
-8.490602006251063427e-02 -1.647540175762367276e-01 -1.893493884055350018e-01 -1.296055185061592563e-01 3.693398862439047775e-02 3.221999530680598745e-01 7.248710688355924914e-01 1.229246704334935769e+00 1.805942162515597582e+00 2.414386951318327590e+00 3.006862137197123808e+00 3.533600223916057992e+00 3.948319833125580214e+00 4.213499087418962397e+00 4.304716042619030958e+00 4.213499087418961508e+00 3.948319833125570888e+00 3.533600223916060212e+00 3.006862137197126916e+00 2.414386951318330254e+00 1.805942162515596916e+00 1.229246704334934659e+00 7.248710688355924914e-01 3.221999530680587642e-01 3.693398862439051245e-02 -1.296055185061611992e-01 -1.893493884055365006e-01 -1.647540175762381154e-01 -8.490602006251465883e-02 1.896713722059087046e-02 1.179436119778143055e-01 1.892013445985737952e-01 2.186622741423099037e-01 2.021681829643059980e-01 1.450900509585249798e-01 6.050241683969933421e-02 -3.373966591307317464e-02 -1.185301334884663604e-01 -1.770777698431593716e-01 -1.979440552929743191e-01 -1.770777698431624247e-01 -1.185301334884708846e-01 -3.373966591307554774e-02 6.050241683969732193e-02 1.450900509585244524e-01 2.021681829643051098e-01 2.186622741423094041e-01 1.892013445985730458e-01 1.179436119778154712e-01 1.896713722059243171e-02 -6.296188892476503596e-02 -1.221730113707669985e-01 -1.404116592908747907e-01 -9.610871236472473544e-02 2.738832520480169799e-02 2.389267291259216941e-01 5.375266875917764642e-01 9.115454287280011503e-01 1.339192789358669033e+00 1.790383802448732853e+00 2.229732588512623348e+00 2.620334160509802057e+00 2.927868655128050612e+00 3.124511799414877444e+00 3.192153549636283838e+00 3.124511799414876112e+00 2.927868655128048836e+00 2.620334160509799393e+00 2.229732588512622904e+00 1.790383802448734185e+00 1.339192789358667479e+00 9.115454287279993739e-01 5.375266875917749099e-01 2.389267291259214721e-01 2.738832520480088961e-02 -9.610871236472567913e-02 -1.404116592908761785e-01 -1.221730113707697324e-01 -6.296188892476826948e-02 1.406504257323968297e-02 8.746084896295205913e-02 1.403018777026775188e-01 1.621485709311134282e-01 1.499174106918281790e-01 1.075912363553655215e-01 4.486544588871665268e-02 -2.501958160344514709e-02 -8.789578281309277930e-02 -1.313116651528574430e-01 -1.467850172873274017e-01 -1.313116651528580814e-01 -8.789578281309305685e-02 -2.501958160344405768e-02 4.486544588871735351e-02 1.075912363553665901e-01 1.499174106918297611e-01 1.621485709311135948e-01 1.403018777026781849e-01 8.746084896295489020e-02 1.406504257324228679e-02
1.896713722059475624e-02 -8.490602006251145306e-02 -1.647540175762356174e-01 -1.893493884055331145e-01 -1.296055185061596726e-01 3.693398862439389169e-02 3.221999530680593193e-01 7.248710688355944898e-01 1.229246704334937990e+00 1.805942162515598026e+00 2.414386951318327146e+00 3.006862137197124696e+00 3.533600223916068650e+00 3.948319833125571332e+00 4.213499087418959732e+00 4.304716042619029182e+00 4.213499087418957956e+00 3.948319833125568223e+00 3.533600223916056216e+00 3.006862137197124252e+00 2.414386951318323149e+00 1.805942162515591365e+00 1.229246704334931994e+00 7.248710688355918252e-01 3.221999530680567658e-01 3.693398862438976304e-02 -1.296055185061621984e-01 -1.893493884055360288e-01 -1.647540175762376713e-01 -8.490602006251229961e-02 1.896713722059292784e-02 1.179436119778171643e-01 1.892013445985760989e-01 2.186622741423114857e-01 2.021681829643078576e-01 1.450900509585272002e-01 6.050241683970174200e-02 -3.373966591307103746e-02 -1.185301334884655278e-01 -1.770777698431598157e-01 -1.979440552929750408e-01 -1.770777698431632297e-01 -1.185301334884692470e-01 -3.373966591307595020e-02 6.050241683969809214e-02 1.450900509585246190e-01 2.021681829643060535e-01 2.186622741423095428e-01 1.892013445985743503e-01 1.179436119778162900e-01 1.406504257324288007e-02 -6.296188892476460575e-02 -1.221730113707670956e-01 -1.404116592908739025e-01 -9.610871236472444401e-02 2.738832520480230862e-02 2.389267291259230264e-01 5.375266875917774634e-01 9.115454287280032597e-01 1.339192789358669033e+00 1.790383802448734185e+00 2.229732588512623348e+00 2.620334160509800725e+00 2.927868655128049724e+00 3.124511799414876112e+00 3.192153549636280285e+00 3.124511799414872559e+00 2.927868655128045727e+00 2.620334160509798505e+00 2.229732588512620683e+00 1.790383802448729078e+00 1.339192789358663704e+00 9.115454287279977086e-01 5.375266875917737996e-01 2.389267291259202508e-01 2.738832520480076124e-02 -9.610871236472653956e-02 -1.404116592908764005e-01 -1.221730113707692467e-01 -6.296188892476665966e-02 1.406504257324108290e-02 8.746084896295396038e-02 1.403018777026798225e-01 1.621485709311134005e-01 1.499174106918298721e-01 1.075912363553675616e-01 4.486544588871773515e-02 -2.501958160344392584e-02 -8.789578281309143315e-02 -1.313116651528570544e-01 -1.467850172873277625e-01 -1.313116651528578871e-01 -8.789578281309211316e-02 -2.501958160344457116e-02 4.486544588871664574e-02 1.075912363553668399e-01 1.499174106918301219e-01 1.621485709311137613e-01 1.403018777026797947e-01 8.746084896295526490e-02
1.179436119778193987e-01 1.896713722059370846e-02 -8.490602006251123102e-02 -1.647540175762362280e-01 -1.893493884055358900e-01 -1.296055185061613380e-01 3.693398862438736913e-02 3.221999530680544344e-01 7.248710688355901599e-01 1.229246704334931994e+00 1.805942162515591143e+00 2.414386951318321817e+00 3.006862137197130913e+00 3.533600223916057104e+00 3.948319833125566891e+00 4.213499087418957956e+00 4.304716042619029182e+00 4.213499087418960620e+00 3.948319833125570000e+00 3.533600223916060212e+00 3.006862137197126028e+00 2.414386951318325814e+00 1.805942162515595806e+00 1.229246704334936879e+00 7.248710688355934906e-01 3.221999530680584312e-01 3.693398862438909691e-02 -1.296055185061617265e-01 -1.893493884055372500e-01 -1.647540175762380876e-01 -8.490602006251324330e-02 1.896713722059241436e-02 1.179436119778165953e-01 1.892013445985750997e-01 2.186622741423117078e-01 2.021681829643085515e-01 1.450900509585291431e-01 6.050241683970378898e-02 -3.373966591306953172e-02 -1.185301334884645286e-01 -1.770777698431589831e-01 -1.979440552929739305e-01 -1.770777698431598435e-01 -1.185301334884676788e-01 -3.373966591307282770e-02 6.050241683970061790e-02 1.450900509585273668e-01 2.021681829643085793e-01 2.186622741423126237e-01 1.892013445985766540e-01 8.746084896295641675e-02 1.406504257324341957e-02 -6.296188892476532739e-02 -1.221730113707677062e-01 -1.404116592908761785e-01 -9.610871236472741386e-02 2.738832520479966143e-02 2.389267291259191683e-01 5.375266875917736886e-01 9.115454287279981527e-01 1.339192789358664593e+00 1.790383802448729744e+00 2.229732588512618463e+00 2.620334160509798949e+00 2.927868655128048392e+00 3.124511799414872559e+00 3.192153549636280285e+00 3.124511799414872559e+00 2.927868655128049280e+00 2.620334160509801613e+00 2.229732588512621572e+00 1.790383802448730854e+00 1.339192789358667479e+00 9.115454287280011503e-01 5.375266875917757980e-01 2.389267291259221104e-01 2.738832520480052879e-02 -9.610871236472673385e-02 -1.404116592908770944e-01 -1.221730113707694271e-01 -6.296188892476739518e-02 1.406504257324047921e-02 8.746084896295427957e-02 1.403018777026779074e-01 1.621485709311136780e-01 1.499174106918308713e-01 1.075912363553681583e-01 4.486544588871899802e-02 -2.501958160344189275e-02 -8.789578281309036456e-02 -1.313116651528559164e-01 -1.467850172873259862e-01 -1.313116651528557499e-01 -8.789578281309087804e-02 -2.501958160344373849e-02 4.486544588871870659e-02 1.075912363553688245e-01 1.499174106918318705e-01 1.621485709311162871e-01 1.403018777026814601e-01
1.892013445985777087e-01 1.179436119778174974e-01 1.896713722059474930e-02 -8.490602006251030121e-02 -1.647540175762342574e-01 -1.893493884055333087e-01 -1.296055185061609771e-01 3.693398862438974223e-02 3.221999530680580426e-01 7.248710688355923804e-01 1.229246704334932883e+00 1.805942162515593807e+00 2.414386951318332475e+00 3.006862137197123808e+00 3.533600223916054883e+00 3.948319833125566891e+00 4.213499087418957956e+00 4.304716042619029182e+00 4.213499087418957956e+00 3.948319833125569556e+00 3.533600223916057992e+00 3.006862137197122475e+00 2.414386951318324925e+00 1.805942162515596250e+00 1.229246704334935325e+00 7.248710688355923804e-01 3.221999530680563772e-01 3.693398862438978386e-02 -1.296055185061624759e-01 -1.893493884055366394e-01 -1.647540175762372272e-01 -8.490602006251182776e-02 1.896713722059400684e-02 1.179436119778171366e-01 1.892013445985762932e-01 2.186622741423123184e-01 2.021681829643103001e-01 1.450900509585301146e-01 6.050241683970340734e-02 -3.373966591307107910e-02 -1.185301334884664992e-01 -1.770777698431613700e-01 -1.979440552929752073e-01 -1.770777698431625913e-01 -1.185301334884692054e-01 -3.373966591307513141e-02 6.050241683969849460e-02 1.450900509585259235e-01 2.021681829643077744e-01 2.186622741423119298e-01 1.403018777026810160e-01 8.746084896295622246e-02 1.406504257324309344e-02 -6.296188892476446697e-02 -1.221730113707672066e-01 -1.404116592908753458e-01 -9.610871236472523504e-02 2.738832520480084798e-02 2.389267291259213610e-01 5.375266875917746878e-01 9.115454287279994849e-01 1.339192789358665925e+00 1.790383802448729522e+00 2.229732588512619795e+00 2.620334160509799393e+00 2.927868655128045283e+00 3.124511799414872559e+00 3.192153549636278065e+00 3.124511799414873892e+00 2.927868655128048836e+00 2.620334160509798949e+00 2.229732588512619795e+00 1.790383802448731299e+00 1.339192789358667479e+00 9.115454287280003731e-01 5.375266875917757980e-01 2.389267291259205006e-01 2.738832520480015409e-02 -9.610871236472695589e-02 -1.404116592908762895e-01 -1.221730113707690663e-01 -6.296188892476693721e-02 1.406504257324198842e-02 8.746084896295354405e-02 1.403018777026791564e-01 1.621485709311146495e-01 1.499174106918311211e-01 1.075912363553686718e-01 4.486544588871996253e-02 -2.501958160344273582e-02 -8.789578281309146091e-02 -1.313116651528568879e-01 -1.467850172873271519e-01 -1.313116651528576373e-01 -8.789578281309386176e-02 -2.501958160344533097e-02 4.486544588871733269e-02 1.075912363553676171e-01 1.499174106918312599e-01 1.621485709311159262e-01
2.186622741423141780e-01 1.892013445985760711e-01 1.179436119778175668e-01 1.896713722059312560e-02 -8.490602006250966283e-02 -1.647540175762358117e-01 -1.893493884055355569e-01 -1.296055185061613935e-01 3.693398862439135899e-02 3.221999530680593193e-01 7.248710688355929355e-01 1.229246704334936213e+00 1.805942162515604243e+00 2.414386951318328034e+00 3.006862137197124696e+00 3.533600223916058436e+00 3.948319833125570888e+00 4.213499087418961508e+00 4.304716042619029182e+00 4.213499087418960620e+00 3.948319833125569112e+00 3.533600223916056216e+00 3.006862137197124252e+00 2.414386951318327590e+00 1.805942162515596694e+00 1.229246704334935325e+00 7.248710688355912701e-01 3.221999530680583201e-01 3.693398862439015856e-02 -1.296055185061614490e-01 -1.893493884055347798e-01 -1.647540175762355896e-01 -8.490602006251013467e-02 1.896713722059441970e-02 1.179436119778180109e-01 1.892013445985758213e-01 2.186622741423130678e-01 2.021681829643103001e-01 1.450900509585290876e-01 6.050241683970198486e-02 -3.373966591307210605e-02 -1.185301334884676649e-01 -1.770777698431610370e-01 -1.979440552929752628e-01 -1.770777698431612590e-01 -1.185301334884680535e-01 -3.373966591307378526e-02 6.050241683970074280e-02 1.450900509585279774e-01 2.021681829643094119e-01 1.621485709311162315e-01 1.403018777026809882e-01 8.746084896295537592e-02 1.406504257324251404e-02 -6.296188892476579924e-02 -1.221730113707683724e-01 -1.404116592908751793e-01 -9.610871236472566526e-02 2.738832520480185065e-02 2.389267291259219439e-01 5.375266875917761311e-01 9.115454287280010393e-01 1.339192789358667035e+00 1.790383802448732187e+00 2.229732588512622904e+00 2.620334160509798505e+00 2.927868655128049280e+00 3.124511799414873892e+00 3.192153549636281618e+00 3.124511799414874780e+00 2.927868655128048392e+00 2.620334160509798949e+00 2.229732588512620683e+00 1.790383802448731965e+00 1.339192789358667479e+00 9.115454287280005952e-01 5.375266875917746878e-01 2.389267291259213888e-01 2.738832520480065369e-02 -9.610871236472591506e-02 -1.404116592908754291e-01 -1.221730113707684695e-01 -6.296188892476543841e-02 1.406504257324108637e-02 8.746084896295440447e-02 1.403018777026790176e-01 1.621485709311141499e-01 1.499174106918308991e-01 1.075912363553689632e-01 4.486544588871878292e-02 -2.501958160344354073e-02 -8.789578281309136376e-02 -1.313116651528569434e-01 -1.467850172873270131e-01 -1.313116651528581647e-01 -8.789578281309270991e-02 -2.501958160344373502e-02 4.486544588871874129e-02 1.075912363553687967e-01 1.499174106918327032e-01
2.021681829643106332e-01 2.186622741423122351e-01 1.892013445985762932e-01 1.179436119778164566e-01 1.896713722059657076e-02 -8.490602006251106448e-02 -1.647540175762353121e-01 -1.893493884055342247e-01 -1.296055185061583681e-01 3.693398862439400965e-02 3.221999530680606516e-01 7.248710688355962661e-01 1.229246704334944873e+00 1.805942162515598914e+00 2.414386951318328478e+00 3.006862137197126028e+00 3.533600223916060656e+00 3.948319833125572220e+00 4.213499087418958844e+00 4.304716042619029182e+00 4.213499087418958844e+00 3.948319833125567335e+00 3.533600223916057104e+00 3.006862137197125140e+00 2.414386951318326258e+00 1.805942162515595362e+00 1.229246704334933771e+00 7.248710688355929355e-01 3.221999530680580981e-01 3.693398862439035285e-02 -1.296055185061595616e-01 -1.893493884055340859e-01 -1.647540175762348680e-01 -8.490602006251066203e-02 1.896713722059447868e-02 1.179436119778166508e-01 1.892013445985760156e-01 2.186622741423124849e-01 2.021681829643083850e-01 1.450900509585271725e-01 6.050241683970044443e-02 -3.373966591307422241e-02 -1.185301334884689556e-01 -1.770777698431622582e-01 -1.979440552929755404e-01 -1.770777698431618696e-01 -1.185301334884686641e-01 -3.373966591307326485e-02 6.050241683970096485e-02 1.450900509585281162e-01 1.499174106918325367e-01 1.621485709311162038e-01 1.403018777026804886e-01 8.746084896295551470e-02 1.406504257324246200e-02 -6.296188892476548005e-02 -1.221730113707666376e-01 -1.404116592908742356e-01 -9.610871236472386114e-02 2.738832520480311353e-02 2.389267291259236370e-01 5.375266875917777964e-01 9.115454287280010393e-01 1.339192789358668589e+00 1.790383802448733963e+00 2.229732588512620239e+00 2.620334160509801169e+00 2.927868655128048836e+00 3.124511799414874780e+00 3.192153549636280729e+00 3.124511799414873892e+00 2.927868655128047504e+00 2.620334160509799837e+00 2.229732588512621572e+00 1.790383802448731965e+00 1.339192789358667479e+00 9.115454287279997070e-01 5.375266875917756870e-01 2.389267291259211112e-01 2.738832520480117411e-02 -9.610871236472523504e-02 -1.404116592908755123e-01 -1.221730113707677201e-01 -6.296188892476654864e-02 1.406504257324152178e-02 8.746084896295357181e-02 1.403018777026782682e-01 1.621485709311136780e-01 1.499174106918308158e-01 1.075912363553675338e-01 4.486544588871778372e-02 -2.501958160344397442e-02 -8.789578281309268215e-02 -1.313116651528577206e-01 -1.467850172873288450e-01 -1.313116651528585810e-01 -8.789578281309230745e-02 -2.501958160344376278e-02 4.486544588871857475e-02 1.075912363553694490e-01
1.450900509585292264e-01 2.021681829643084960e-01 2.186622741423113747e-01 1.892013445985735454e-01 1.179436119778193709e-01 1.896713722059157128e-02 -8.490602006251174450e-02 -1.647540175762365888e-01 -1.893493884055340581e-01 -1.296055185061592840e-01 3.693398862439163655e-02 3.221999530680598745e-01 7.248710688355995968e-01 1.229246704334936435e+00 1.805942162515595362e+00 2.414386951318325369e+00 3.006862137197125140e+00 3.533600223916059768e+00 3.948319833125568223e+00 4.213499087418957956e+00 4.304716042619028293e+00 4.213499087418957956e+00 3.948319833125569112e+00 3.533600223916058880e+00 3.006862137197126028e+00 2.414386951318326702e+00 1.805942162515595140e+00 1.229246704334935769e+00 7.248710688355931575e-01 3.221999530680574875e-01 3.693398862439257330e-02 -1.296055185061597559e-01 -1.893493884055342247e-01 -1.647540175762359227e-01 -8.490602006251106448e-02 1.896713722059282028e-02 1.179436119778170255e-01 1.892013445985762377e-01 2.186622741423115690e-01 2.021681829643083295e-01 1.450900509585279496e-01 6.050241683970056239e-02 -3.373966591307372975e-02 -1.185301334884681645e-01 -1.770777698431610647e-01 -1.979440552929748742e-01 -1.770777698431612590e-01 -1.185301334884674151e-01 -3.373966591307249463e-02 6.050241683970133261e-02 1.075912363553691853e-01 1.499174106918321203e-01 1.621485709311152601e-01 1.403018777026796282e-01 8.746084896295433508e-02 1.406504257324125116e-02 -6.296188892476543841e-02 -1.221730113707678034e-01 -1.404116592908745964e-01 -9.610871236472495749e-02 2.738832520480219759e-02 2.389267291259222770e-01 5.375266875917746878e-01 9.115454287279999290e-01 1.339192789358667257e+00 1.790383802448728856e+00 2.229732588512621128e+00 2.620334160509798505e+00 2.927868655128048392e+00 3.124511799414873892e+00 3.192153549636280285e+00 3.124511799414873892e+00 2.927868655128048836e+00 2.620334160509800725e+00 2.229732588512622016e+00 1.790383802448732631e+00 1.339192789358667035e+00 9.115454287280011503e-01 5.375266875917752429e-01 2.389267291259214998e-01 2.738832520480197555e-02 -9.610871236472574852e-02 -1.404116592908756789e-01 -1.221730113707687748e-01 -6.296188892476631271e-02 1.406504257324071167e-02 8.746084896295323874e-02 1.403018777026784070e-01 1.621485709311142609e-01 1.499174106918306493e-01 1.075912363553682000e-01 4.486544588871877598e-02 -2.501958160344383217e-02 -8.789578281309184948e-02 -1.313116651528581369e-01 -1.467850172873282621e-01 -1.313116651528571099e-01 -8.789578281309190499e-02 -2.501958160344367257e-02 4.486544588871922007e-02
6.050241683970211670e-02 1.450900509585273668e-01 2.021681829643074413e-01 2.186622741423087379e-01 1.892013445985781528e-01 1.179436119778138198e-01 1.896713722059339621e-02 -8.490602006251142531e-02 -1.647540175762348957e-01 -1.893493884055333365e-01 -1.296055185061596449e-01 3.693398862439230268e-02 3.221999530680632051e-01 7.248710688355922693e-01 1.229246704334933771e+00 1.805942162515592919e+00 2.414386951318325369e+00 3.006862137197125140e+00 3.533600223916055771e+00 3.948319833125567779e+00 4.213499087418958844e+00 4.304716042619030070e+00 4.213499087418961508e+00 3.948319833125571776e+00 3.533600223916061545e+00 3.006862137197128249e+00 2.414386951318328478e+00 1.805942162515598914e+00 1.229246704334937323e+00 7.248710688355932685e-01 3.221999530680609847e-01 3.693398862439154634e-02 -1.296055185061610882e-01 -1.893493884055362786e-01 -1.647540175762373937e-01 -8.490602006251363187e-02 1.896713722059223048e-02 1.179436119778165953e-01 1.892013445985747389e-01 2.186622741423117633e-01 2.021681829643096617e-01 1.450900509585283937e-01 6.050241683970118689e-02 -3.373966591307225177e-02 -1.185301334884664853e-01 -1.770777698431600933e-01 -1.979440552929737918e-01 -1.770777698431601488e-01 -1.185301334884667213e-01 -3.373966591307252932e-02 4.486544588871896333e-02 1.075912363553688245e-01 1.499174106918314264e-01 1.621485709311144829e-01 1.403018777026790731e-01 8.746084896295382161e-02 1.406504257324251057e-02 -6.296188892476510535e-02 -1.221730113707667487e-01 -1.404116592908744021e-01 -9.610871236472455503e-02 2.738832520480179514e-02 2.389267291259203063e-01 5.375266875917743548e-01 9.115454287279993739e-01 1.339192789358663482e+00 1.790383802448730854e+00 2.229732588512619795e+00 2.620334160509798949e+00 2.927868655128047504e+00 3.124511799414873892e+00 3.192153549636281618e+00 3.124511799414876112e+00 2.927868655128051056e+00 2.620334160509802501e+00 2.229732588512624236e+00 1.790383802448733741e+00 1.339192789358669700e+00 9.115454287280014833e-01 5.375266875917761311e-01 2.389267291259227488e-01 2.738832520480087573e-02 -9.610871236472674772e-02 -1.404116592908772332e-01 -1.221730113707694965e-01 -6.296188892476801968e-02 1.406504257323975236e-02 8.746084896295293343e-02 1.403018777026786290e-01 1.621485709311142331e-01 1.499174106918317040e-01 1.075912363553693518e-01 4.486544588871937272e-02 -2.501958160344246174e-02 -8.789578281309159968e-02 -1.313116651528571932e-01 -1.467850172873263470e-01 -1.313116651528569434e-01 -8.789578281309194663e-02 -2.501958160344319032e-02
-3.373966591307255014e-02 6.050241683970027096e-02 1.450900509585257292e-01 2.021681829643046935e-01 2.186622741423140670e-01 1.892013445985711306e-01 1.179436119778168313e-01 1.896713722059386112e-02 -8.490602006250960732e-02 -1.647540175762340908e-01 -1.893493884055333087e-01 -1.296055185061582571e-01 3.693398862439547375e-02 3.221999530680583756e-01 7.248710688355921583e-01 1.229246704334933549e+00 1.805942162515595806e+00 2.414386951318327146e+00 3.006862137197123808e+00 3.533600223916057548e+00 3.948319833125569112e+00 4.213499087418960620e+00 4.304716042619030958e+00 4.213499087418961508e+00 3.948319833125572220e+00 3.533600223916060656e+00 3.006862137197125140e+00 2.414386951318328034e+00 1.805942162515596250e+00 1.229246704334934437e+00 7.248710688355949339e-01 3.221999530680584867e-01 3.693398862438957569e-02 -1.296055185061624482e-01 -1.893493884055364451e-01 -1.647540175762375880e-01 -8.490602006251209144e-02 1.896713722059410745e-02 1.179436119778169145e-01 1.892013445985764042e-01 2.186622741423137062e-01 2.021681829643099115e-01 1.450900509585280607e-01 6.050241683970131873e-02 -3.373966591307252932e-02 -1.185301334884677066e-01 -1.770777698431608982e-01 -1.979440552929747910e-01 -1.770777698431606761e-01 -1.185301334884678731e-01 -2.501958160344390156e-02 4.486544588871846373e-02 1.075912363553681028e-01 1.499174106918305382e-01 1.621485709311142331e-01 1.403018777026787678e-01 8.746084896295529265e-02 1.406504257324293558e-02 -6.296188892476416166e-02 -1.221730113707666099e-01 -1.404116592908736527e-01 -9.610871236472437462e-02 2.738832520480077512e-02 2.389267291259212778e-01 5.375266875917750209e-01 9.115454287279974865e-01 1.339192789358667257e+00 1.790383802448731076e+00 2.229732588512621128e+00 2.620334160509799837e+00 2.927868655128048836e+00 3.124511799414876112e+00 3.192153549636282506e+00 3.124511799414876112e+00 2.927868655128051056e+00 2.620334160509802501e+00 2.229732588512622016e+00 1.790383802448733297e+00 1.339192789358667257e+00 9.115454287280001511e-01 5.375266875917763532e-01 2.389267291259209725e-01 2.738832520479925897e-02 -9.610871236472758039e-02 -1.404116592908768169e-01 -1.221730113707698573e-01 -6.296188892476727028e-02 1.406504257324113667e-02 8.746084896295430733e-02 1.403018777026797392e-01 1.621485709311159540e-01 1.499174106918325922e-01 1.075912363553694212e-01 4.486544588871960865e-02 -2.501958160344348869e-02 -8.789578281309236296e-02 -1.313116651528568324e-01 -1.467850172873275960e-01 -1.313116651528578593e-01 -8.789578281309227969e-02
-1.185301334884664159e-01 -3.373966591307221013e-02 6.050241683969970197e-02 1.450900509585242859e-01 2.021681829643114103e-01 2.186622741423067673e-01 1.892013445985758768e-01 1.179436119778179137e-01 1.896713722059575891e-02 -8.490602006250907996e-02 -1.647540175762340631e-01 -1.893493884055321985e-01 -1.296055185061566750e-01 3.693398862439160879e-02 3.221999530680585977e-01 7.248710688355920473e-01 1.229246704334935991e+00 1.805942162515598026e+00 2.414386951318326258e+00 3.006862137197123808e+00 3.533600223916059324e+00 3.948319833125571776e+00 4.213499087418962397e+00 4.304716042619030958e+00 4.213499087418961508e+00 3.948319833125570888e+00 3.533600223916058880e+00 3.006862137197125584e+00 2.414386951318325369e+00 1.805942162515593363e+00 1.229246704334936435e+00 7.248710688355926024e-01 3.221999530680556556e-01 3.693398862438752178e-02 -1.296055185061638082e-01 -1.893493884055371945e-01 -1.647540175762376158e-01 -8.490602006251170286e-02 1.896713722059276130e-02 1.179436119778172753e-01 1.892013445985771536e-01 2.186622741423126792e-01 2.021681829643086625e-01 1.450900509585275056e-01 6.050241683970073586e-02 -3.373966591307352852e-02 -1.185301334884675400e-01 -1.770777698431611202e-01 -1.979440552929738195e-01 -1.770777698431604819e-01 -8.789578281309154417e-02 -2.501958160344304460e-02 4.486544588871892864e-02 1.075912363553681861e-01 1.499174106918311766e-01 1.621485709311144829e-01 1.403018777026807662e-01 8.746084896295615307e-02 1.406504257324401978e-02 -6.296188892476412002e-02 -1.221730113707658050e-01 -1.404116592908737360e-01 -9.610871236472535994e-02 2.738832520480150717e-02 2.389267291259214721e-01 5.375266875917737996e-01 9.115454287280011503e-01 1.339192789358667701e+00 1.790383802448732187e+00 2.229732588512621572e+00 2.620334160509800725e+00 2.927868655128050612e+00 3.124511799414876112e+00 3.192153549636282506e+00 3.124511799414876112e+00 2.927868655128050612e+00 2.620334160509800725e+00 2.229732588512622016e+00 1.790383802448731521e+00 1.339192789358666147e+00 9.115454287280007062e-01 5.375266875917744658e-01 2.389267291259187243e-01 2.738832520479814875e-02 -9.610871236472805224e-02 -1.404116592908777328e-01 -1.221730113707697601e-01 -6.296188892476685395e-02 1.406504257324117831e-02 8.746084896295461264e-02 1.403018777026805997e-01 1.621485709311155654e-01 1.499174106918321481e-01 1.075912363553690604e-01 4.486544588871858169e-02 -2.501958160344412013e-02 -8.789578281309141927e-02 -1.313116651528574708e-01 -1.467850172873274295e-01 -1.313116651528571932e-01
-1.770777698431609259e-01 -1.185301334884671792e-01 -3.373966591307462487e-02 6.050241683969721784e-02 1.450900509585302534e-01 2.021681829643029449e-01 2.186622741423126237e-01 1.892013445985775977e-01 1.179436119778201342e-01 1.896713722059658810e-02 -8.490602006250849709e-02 -1.647540175762330916e-01 -1.893493884055319487e-01 -1.296055185061601167e-01 3.693398862439107450e-02 3.221999530680571544e-01 7.248710688355927134e-01 1.229246704334936657e+00 1.805942162515595140e+00 2.414386951318325814e+00 3.006862137197126028e+00 3.533600223916061545e+00 3.948319833125572220e+00 4.213499087418961508e+00 4.304716042619032734e+00 4.213499087418962397e+00 3.948319833125571332e+00 3.533600223916060212e+00 3.006862137197124696e+00 2.414386951318324925e+00 1.805942162515598470e+00 1.229246704334935547e+00 7.248710688355897158e-01 3.221999530680543788e-01 3.693398862438666136e-02 -1.296055185061632531e-01 -1.893493884055366949e-01 -1.647540175762365056e-01 -8.490602006251211920e-02 1.896713722059406582e-02 1.179436119778188991e-01 1.892013445985768760e-01 2.186622741423125404e-01 2.021681829643084682e-01 1.450900509585271725e-01 6.050241683969962564e-02 -3.373966591307384078e-02 -1.185301334884689001e-01 -1.770777698431612590e-01 -1.979440552929751240e-01 -1.313116651528574985e-01 -8.789578281309172458e-02 -2.501958160344362400e-02 4.486544588871824168e-02 1.075912363553684498e-01 1.499174106918313154e-01 1.621485709311165924e-01 1.403018777026819597e-01 8.746084896295752698e-02 1.406504257324439448e-02 -6.296188892476289878e-02 -1.221730113707657217e-01 -1.404116592908744576e-01 -9.610871236472483259e-02 2.738832520480085492e-02 2.389267291259200288e-01 5.375266875917757980e-01 9.115454287280003731e-01 1.339192789358667479e+00 1.790383802448731743e+00 2.229732588512622016e+00 2.620334160509802501e+00 2.927868655128051056e+00 3.124511799414876112e+00 3.192153549636283838e+00 3.124511799414877000e+00 2.927868655128050612e+00 2.620334160509802057e+00 2.229732588512621128e+00 1.790383802448731521e+00 1.339192789358668145e+00 9.115454287280000401e-01 5.375266875917725784e-01 2.389267291259185022e-01 2.738832520479832569e-02 -9.610871236472796897e-02 -1.404116592908771222e-01 -1.221730113707688442e-01 -6.296188892476618781e-02 1.406504257324233016e-02 8.746084896295608369e-02 1.403018777026805719e-01 1.621485709311160650e-01 1.499174106918319538e-01 1.075912363553684359e-01 4.486544588871786005e-02 -2.501958160344361012e-02 -8.789578281309282093e-02 -1.313116651528578316e-01 -1.467850172873279013e-01
-1.979440552929736252e-01 -1.770777698431590108e-01 -1.185301334884678731e-01 -3.373966591307545754e-02 6.050241683970389306e-02 1.450900509585221765e-01 2.021681829643094119e-01 2.186622741423140948e-01 1.892013445985788467e-01 1.179436119778198011e-01 1.896713722059656035e-02 -8.490602006250870526e-02 -1.647540175762342296e-01 -1.893493884055344745e-01 -1.296055185061602000e-01 3.693398862439005448e-02 3.221999530680583756e-01 7.248710688355937126e-01 1.229246704334935103e+00 1.805942162515595362e+00 2.414386951318328034e+00 3.006862137197128693e+00 3.533600223916061989e+00 3.948319833125571332e+00 4.213499087418962397e+00 4.304716042619032734e+00 4.213499087418962397e+00 3.948319833125571332e+00 3.533600223916059324e+00 3.006862137197124696e+00 2.414386951318329810e+00 1.805942162515597582e+00 1.229246704334932883e+00 7.248710688355894938e-01 3.221999530680539348e-01 3.693398862438861119e-02 -1.296055185061626702e-01 -1.893493884055362508e-01 -1.647540175762373382e-01 -8.490602006251181388e-02 1.896713722059419072e-02 1.179436119778169700e-01 1.892013445985754327e-01 2.186622741423107086e-01 2.021681829643071915e-01 1.450900509585257570e-01 6.050241683969957707e-02 -3.373966591307434038e-02 -1.185301334884675123e-01 -1.770777698431604541e-01 -1.467850172873265691e-01 -1.313116651528560552e-01 -8.789578281309096131e-02 -2.501958160344328400e-02 4.486544588871914374e-02 1.075912363553687690e-01 1.499174106918333416e-01 1.621485709311173973e-01 1.403018777026826813e-01 8.746084896295711064e-02 1.406504257324495653e-02 -6.296188892476352328e-02 -1.221730113707666793e-01 -1.404116592908743189e-01 -9.610871236472569301e-02 2.738832520480070920e-02 2.389267291259221382e-01 5.375266875917757980e-01 9.115454287280008172e-01 1.339192789358667701e+00 1.790383802448732853e+00 2.229732588512624236e+00 2.620334160509802501e+00 2.927868655128050612e+00 3.124511799414877000e+00 3.192153549636283838e+00 3.124511799414877000e+00 2.927868655128051500e+00 2.620334160509801169e+00 2.229732588512622460e+00 1.790383802448733963e+00 1.339192789358668145e+00 9.115454287279984857e-01 5.375266875917730225e-01 2.389267291259187520e-01 2.738832520479928326e-02 -9.610871236472727508e-02 -1.404116592908762617e-01 -1.221730113707685111e-01 -6.296188892476577148e-02 1.406504257324280027e-02 8.746084896295475142e-02 1.403018777026801001e-01 1.621485709311146217e-01 1.499174106918307880e-01 1.075912363553674367e-01 4.486544588871844291e-02 -2.501958160344424503e-02 -8.789578281309191887e-02 -1.313116651528570544e-01
-1.770777698431607039e-01 -1.979440552929730979e-01 -1.770777698431616753e-01 -1.185301334884704821e-01 -3.373966591307092644e-02 6.050241683969501127e-02 1.450900509585280884e-01 2.021681829643105499e-01 2.186622741423147054e-01 1.892013445985779307e-01 1.179436119778195513e-01 1.896713722059520726e-02 -8.490602006251159184e-02 -1.647540175762364778e-01 -1.893493884055354182e-01 -1.296055185061628368e-01 3.693398862438905528e-02 3.221999530680573764e-01 7.248710688355908260e-01 1.229246704334933771e+00 1.805942162515595584e+00 2.414386951318328922e+00 3.006862137197126916e+00 3.533600223916058880e+00 3.948319833125571332e+00 4.213499087418963285e+00 4.304716042619032734e+00 4.213499087418962397e+00 3.948319833125570444e+00 3.533600223916057992e+00 3.006862137197128249e+00 2.414386951318327590e+00 1.805942162515593585e+00 1.229246704334931772e+00 7.248710688355881615e-01 3.221999530680566548e-01 3.693398862438940222e-02 -1.296055185061615600e-01 -1.893493884055347520e-01 -1.647540175762352288e-01 -8.490602006250948242e-02 1.896713722059498522e-02 1.179436119778183439e-01 1.892013445985755715e-01 2.186622741423111804e-01 2.021681829643073025e-01 1.450900509585263953e-01 6.050241683969939666e-02 -3.373966591307337587e-02 -1.185301334884675678e-01 -1.313116651528568046e-01 -1.467850172873264025e-01 -1.313116651528568601e-01 -8.789578281309190499e-02 -2.501958160344341237e-02 4.486544588871861639e-02 1.075912363553701706e-01 1.499174106918338134e-01 1.621485709311178136e-01 1.403018777026820429e-01 8.746084896295745759e-02 1.406504257324388794e-02 -6.296188892476473065e-02 -1.221730113707673177e-01 -1.404116592908762617e-01 -9.610871236472662282e-02 2.738832520480034838e-02 2.389267291259205284e-01 5.375266875917747988e-01 9.115454287279997070e-01 1.339192789358667035e+00 1.790383802448733741e+00 2.229732588512622016e+00 2.620334160509800725e+00 2.927868655128050612e+00 3.124511799414876556e+00 3.192153549636283394e+00 3.124511799414876556e+00 2.927868655128050168e+00 2.620334160509801169e+00 2.229732588512623348e+00 1.790383802448733297e+00 1.339192789358665259e+00 9.115454287279982637e-01 5.375266875917726894e-01 2.389267291259201675e-01 2.738832520479999103e-02 -9.610871236472587342e-02 -1.404116592908747907e-01 -1.221730113707667348e-01 -6.296188892476382859e-02 1.406504257324306048e-02 8.746084896295633349e-02 1.403018777026802388e-01 1.621485709311150658e-01 1.499174106918309546e-01 1.075912363553683526e-01 4.486544588871797107e-02 -2.501958160344358931e-02 -8.789578281309178009e-02
-1.185301334884671931e-01 -1.770777698431586222e-01 -1.979440552929744579e-01 -1.770777698431629243e-01 -1.185301334884655833e-01 -3.373966591307817064e-02 6.050241683970125628e-02 1.450900509585292542e-01 2.021681829643102168e-01 2.186622741423125404e-01 1.892013445985765707e-01 1.179436119778163733e-01 1.896713722059018004e-02 -8.490602006251363187e-02 -1.647540175762380599e-01 -1.893493884055383603e-01 -1.296055185061632808e-01 3.693398862438908997e-02 3.221999530680565993e-01 7.248710688355923804e-01 1.229246704334936213e+00 1.805942162515599136e+00 2.414386951318329810e+00 3.006862137197125584e+00 3.533600223916060212e+00 3.948319833125573108e+00 4.213499087418962397e+00 4.304716042619031846e+00 4.213499087418960620e+00 3.948319833125568667e+00 3.533600223916060656e+00 3.006862137197125140e+00 2.414386951318322705e+00 1.805942162515591143e+00 1.229246704334930218e+00 7.248710688355917142e-01 3.221999530680573764e-01 3.693398862439029734e-02 -1.296055185061593118e-01 -1.893493884055326704e-01 -1.647540175762332026e-01 -8.490602006250878853e-02 1.896713722059595666e-02 1.179436119778175945e-01 1.892013445985753495e-01 2.186622741423110416e-01 2.021681829643074413e-01 1.450900509585263398e-01 6.050241683970061096e-02 -3.373966591307245300e-02 -8.789578281309080865e-02 -1.313116651528557499e-01 -1.467850172873263193e-01 -1.313116651528567769e-01 -8.789578281309136376e-02 -2.501958160344344359e-02 4.486544588872021233e-02 1.075912363553704620e-01 1.499174106918335914e-01 1.621485709311163981e-01 1.403018777026813491e-01 8.746084896295523714e-02 1.406504257324196761e-02 -6.296188892476622945e-02 -1.221730113707698018e-01 -1.404116592908764560e-01 -9.610871236472685875e-02 2.738832520480009164e-02 2.389267291259213333e-01 5.375266875917757980e-01 9.115454287280011503e-01 1.339192789358669478e+00 1.790383802448733297e+00 2.229732588512622016e+00 2.620334160509802057e+00 2.927868655128051500e+00 3.124511799414876556e+00 3.192153549636282506e+00 3.124511799414875668e+00 2.927868655128049280e+00 2.620334160509801613e+00 2.229732588512622016e+00 1.790383802448729522e+00 1.339192789358664593e+00 9.115454287279973755e-01 5.375266875917746878e-01 2.389267291259209169e-01 2.738832520480141697e-02 -9.610871236472381951e-02 -1.404116592908729866e-01 -1.221730113707650278e-01 -6.296188892476373145e-02 1.406504257324444479e-02 8.746084896295568123e-02 1.403018777026802111e-01 1.621485709311148438e-01 1.499174106918312599e-01 1.075912363553681306e-01 4.486544588871891476e-02 -2.501958160344296481e-02
-3.373966591307304974e-02 -1.185301334884659580e-01 -1.770777698431614533e-01 -1.979440552929775665e-01 -1.770777698431610647e-01 -1.185301334884734659e-01 -3.373966591307456242e-02 6.050241683970055545e-02 1.450900509585270060e-01 2.021681829643069972e-01 2.186622741423107918e-01 1.892013445985728515e-01 1.179436119778104336e-01 1.896713722058997534e-02 -8.490602006251440903e-02 -1.647540175762405856e-01 -1.893493884055385545e-01 -1.296055185061631698e-01 3.693398862438814628e-02 3.221999530680567103e-01 7.248710688355927134e-01 1.229246704334937323e+00 1.805942162515596916e+00 2.414386951318325369e+00 3.006862137197125584e+00 3.533600223916060212e+00 3.948319833125570444e+00 4.213499087418959732e+00 4.304716042619029182e+00 4.213499087418957956e+00 3.948319833125570000e+00 3.533600223916058436e+00 3.006862137197121587e+00 2.414386951318322261e+00 1.805942162515591365e+00 1.229246704334935769e+00 7.248710688355933796e-01 3.221999530680590418e-01 3.693398862439440516e-02 -1.296055185061566750e-01 -1.893493884055305332e-01 -1.647540175762318981e-01 -8.490602006250755340e-02 1.896713722059514481e-02 1.179436119778174558e-01 1.892013445985754327e-01 2.186622741423108196e-01 2.021681829643077188e-01 1.450900509585272002e-01 6.050241683970133261e-02 -2.501958160344264909e-02 -8.789578281309093355e-02 -1.313116651528568879e-01 -1.467850172873277070e-01 -1.313116651528578038e-01 -8.789578281309302910e-02 -2.501958160344347482e-02 4.486544588871893557e-02 1.075912363553689910e-01 1.499174106918312321e-01 1.621485709311150936e-01 1.403018777026788233e-01 8.746084896295361344e-02 1.406504257324072554e-02 -6.296188892476836663e-02 -1.221730113707693022e-01 -1.404116592908772054e-01 -9.610871236472706691e-02 2.738832520480038654e-02 2.389267291259211112e-01 5.375266875917755760e-01 9.115454287280014833e-01 1.339192789358667035e+00 1.790383802448731521e+00 2.229732588512621572e+00 2.620334160509801169e+00 2.927868655128050168e+00 3.124511799414875668e+00 3.192153549636281173e+00 3.124511799414874780e+00 2.927868655128050168e+00 2.620334160509801169e+00 2.229732588512620239e+00 1.790383802448730188e+00 1.339192789358665259e+00 9.115454287280008172e-01 5.375266875917762421e-01 2.389267291259230264e-01 2.738832520480471294e-02 -9.610871236472184886e-02 -1.404116592908712935e-01 -1.221730113707646115e-01 -6.296188892476238530e-02 1.406504257324371968e-02 8.746084896295572286e-02 1.403018777026801833e-01 1.621485709311147327e-01 1.499174106918313987e-01 1.075912363553686996e-01 4.486544588871931027e-02
6.050241683970135342e-02 -3.373966591307086399e-02 -1.185301334884672070e-01 -1.770777698431632574e-01 -1.979440552929747077e-01 -1.770777698431654779e-01 -1.185301334884689001e-01 -3.373966591307310525e-02 6.050241683969991707e-02 1.450900509585257292e-01 2.021681829643073025e-01 2.186622741423085992e-01 1.892013445985677167e-01 1.179436119778133757e-01 1.896713722059115842e-02 -8.490602006251535272e-02 -1.647540175762395309e-01 -1.893493884055370002e-01 -1.296055185061628368e-01 3.693398862438927732e-02 3.221999530680577095e-01 7.248710688355936016e-01 1.229246704334935547e+00 1.805942162515593363e+00 2.414386951318325369e+00 3.006862137197125584e+00 3.533600223916058436e+00 3.948319833125569112e+00 4.213499087418958844e+00 4.304716042619030070e+00 4.213499087418959732e+00 3.948319833125570000e+00 3.533600223916056660e+00 3.006862137197122919e+00 2.414386951318323593e+00 1.805942162515598026e+00 1.229246704334937546e+00 7.248710688355947118e-01 3.221999530680630386e-01 3.693398862439563335e-02 -1.296055185061562587e-01 -1.893493884055302279e-01 -1.647540175762323145e-01 -8.490602006250967670e-02 1.896713722059395479e-02 1.179436119778171921e-01 1.892013445985747944e-01 2.186622741423117355e-01 2.021681829643084682e-01 1.450900509585289488e-01 4.486544588872023315e-02 -2.501958160344185805e-02 -8.789578281309119723e-02 -1.313116651528572765e-01 -1.467850172873275127e-01 -1.313116651528581091e-01 -8.789578281309180785e-02 -2.501958160344340196e-02 4.486544588871875516e-02 1.075912363553681028e-01 1.499174106918312599e-01 1.621485709311139556e-01 1.403018777026788233e-01 8.746084896295355793e-02 1.406504257323968124e-02 -6.296188892476652088e-02 -1.221730113707694132e-01 -1.404116592908764560e-01 -9.610871236472591506e-02 2.738832520480101104e-02 2.389267291259214998e-01 5.375266875917761311e-01 9.115454287279999290e-01 1.339192789358665925e+00 1.790383802448731521e+00 2.229732588512622460e+00 2.620334160509800725e+00 2.927868655128049280e+00 3.124511799414874780e+00 3.192153549636282062e+00 3.124511799414875668e+00 2.927868655128050612e+00 2.620334160509800281e+00 2.229732588512622016e+00 1.790383802448731299e+00 1.339192789358669256e+00 9.115454287280023715e-01 5.375266875917780185e-01 2.389267291259258852e-01 2.738832520480542071e-02 -9.610871236472150192e-02 -1.404116592908715988e-01 -1.221730113707646809e-01 -6.296188892476392573e-02 1.406504257324301538e-02 8.746084896295529265e-02 1.403018777026794894e-01 1.621485709311153989e-01 1.499174106918320371e-01 1.075912363553698375e-01
1.450900509585278664e-01 6.050241683970226242e-02 -3.373966591307332730e-02 -1.185301334884704266e-01 -1.770777698431624247e-01 -1.979440552929784547e-01 -1.770777698431625913e-01 -1.185301334884677482e-01 -3.373966591307409751e-02 6.050241683969890399e-02 1.450900509585262843e-01 2.021681829643049155e-01 2.186622741423022709e-01 1.892013445985716580e-01 1.179436119778143610e-01 1.896713722058891716e-02 -8.490602006251515843e-02 -1.647540175762386150e-01 -1.893493884055371945e-01 -1.296055185061615878e-01 3.693398862439091490e-02 3.221999530680603741e-01 7.248710688355947118e-01 1.229246704334935769e+00 1.805942162515597360e+00 2.414386951318328922e+00 3.006862137197126916e+00 3.533600223916059324e+00 3.948319833125569556e+00 4.213499087418958844e+00 4.304716042619028293e+00 4.213499087418957068e+00 3.948319833125564671e+00 3.533600223916053551e+00 3.006862137197118479e+00 2.414386951318324481e+00 1.805942162515594029e+00 1.229246704334933105e+00 7.248710688355950449e-01 3.221999530680612067e-01 3.693398862439371821e-02 -1.296055185061560089e-01 -1.893493884055311716e-01 -1.647540175762337300e-01 -8.490602006251006528e-02 1.896713722059473195e-02 1.179436119778168035e-01 1.892013445985763487e-01 2.186622741423120408e-01 2.021681829643101336e-01 1.075912363553699069e-01 4.486544588871986539e-02 -2.501958160344331175e-02 -8.789578281309252950e-02 -1.313116651528580814e-01 -1.467850172873285952e-01 -1.313116651528573875e-01 -8.789578281309209928e-02 -2.501958160344382870e-02 4.486544588871809597e-02 1.075912363553680751e-01 1.499174106918301219e-01 1.621485709311137335e-01 1.403018777026781572e-01 8.746084896295200362e-02 1.406504257324105514e-02 -6.296188892476760335e-02 -1.221730113707691218e-01 -1.404116592908754013e-01 -9.610871236472517953e-02 2.738832520480202065e-02 2.389267291259226100e-01 5.375266875917762421e-01 9.115454287280004841e-01 1.339192789358667923e+00 1.790383802448733741e+00 2.229732588512623348e+00 2.620334160509801169e+00 2.927868655128049280e+00 3.124511799414875668e+00 3.192153549636280729e+00 3.124511799414874336e+00 2.927868655128047948e+00 2.620334160509798505e+00 2.229732588512618019e+00 1.790383802448731299e+00 1.339192789358666591e+00 9.115454287280002621e-01 5.375266875917782405e-01 2.389267291259245252e-01 2.738832520480426191e-02 -9.610871236472193213e-02 -1.404116592908723482e-01 -1.221730113707656940e-01 -6.296188892476413390e-02 1.406504257324334671e-02 8.746084896295484856e-02 1.403018777026806829e-01 1.621485709311155654e-01 1.499174106918327587e-01
2.021681829643093009e-01 1.450900509585289766e-01 6.050241683970043749e-02 -3.373966591307641510e-02 -1.185301334884700242e-01 -1.770777698431643399e-01 -1.979440552929766783e-01 -1.770777698431613423e-01 -1.185301334884691360e-01 -3.373966591307477059e-02 6.050241683970004197e-02 1.450900509585244524e-01 2.021681829642982542e-01 2.186622741423082938e-01 1.892013445985736009e-01 1.179436119778127512e-01 1.896713722058983309e-02 -8.490602006251413147e-02 -1.647540175762393921e-01 -1.893493884055369447e-01 -1.296055185061620596e-01 3.693398862439065122e-02 3.221999530680576540e-01 7.248710688355914922e-01 1.229246704334934881e+00 1.805942162515596916e+00 2.414386951318327146e+00 3.006862137197126028e+00 3.533600223916059324e+00 3.948319833125570444e+00 4.213499087418957956e+00 4.304716042619029182e+00 4.213499087418957068e+00 3.948319833125567335e+00 3.533600223916054883e+00 3.006862137197125140e+00 2.414386951318326258e+00 1.805942162515594474e+00 1.229246704334938434e+00 7.248710688355963772e-01 3.221999530680615953e-01 3.693398862439634805e-02 -1.296055185061568693e-01 -1.893493884055318099e-01 -1.647540175762342296e-01 -8.490602006250914935e-02 1.896713722059415949e-02 1.179436119778187464e-01 1.892013445985765152e-01 2.186622741423141225e-01 1.499174106918330363e-01 1.075912363553696849e-01 4.486544588871859557e-02 -2.501958160344471341e-02 -8.789578281309318175e-02 -1.313116651528591639e-01 -1.467850172873280956e-01 -1.313116651528579704e-01 -8.789578281309261276e-02 -2.501958160344422769e-02 4.486544588871816536e-02 1.075912363553673951e-01 1.499174106918306493e-01 1.621485709311137891e-01 1.403018777026774910e-01 8.746084896295408528e-02 1.406504257324030054e-02 -6.296188892476693721e-02 -1.221730113707684279e-01 -1.404116592908755679e-01 -9.610871236472573464e-02 2.738832520480076124e-02 2.389267291259206671e-01 5.375266875917744658e-01 9.115454287280000401e-01 1.339192789358668145e+00 1.790383802448733075e+00 2.229732588512622016e+00 2.620334160509800725e+00 2.927868655128050612e+00 3.124511799414874336e+00 3.192153549636282062e+00 3.124511799414875224e+00 2.927868655128049280e+00 2.620334160509798949e+00 2.229732588512622460e+00 1.790383802448732187e+00 1.339192789358667479e+00 9.115454287280041479e-01 5.375266875917787956e-01 2.389267291259246362e-01 2.738832520480554214e-02 -9.610871236472273704e-02 -1.404116592908726813e-01 -1.221730113707658605e-01 -6.296188892476389798e-02 1.406504257324255915e-02 8.746084896295627797e-02 1.403018777026805441e-01 1.621485709311166756e-01
2.186622741423123184e-01 2.021681829643098005e-01 1.450900509585274223e-01 6.050241683969783540e-02 -3.373966591307542978e-02 -1.185301334884694274e-01 -1.770777698431626745e-01 -1.979440552929750408e-01 -1.770777698431626190e-01 -1.185301334884693303e-01 -3.373966591307361873e-02 6.050241683969814072e-02 1.450900509585165143e-01 2.021681829643053041e-01 2.186622741423105698e-01 1.892013445985723241e-01 1.179436119778144304e-01 1.896713722059188353e-02 -8.490602006251365963e-02 -1.647540175762379211e-01 -1.893493884055364729e-01 -1.296055185061621984e-01 3.693398862438807689e-02 3.221999530680546009e-01 7.248710688355890497e-01 1.229246704334931994e+00 1.805942162515592697e+00 2.414386951318323593e+00 3.006862137197123364e+00 3.533600223916057104e+00 3.948319833125566447e+00 4.213499087418958844e+00 4.304716042619029182e+00 4.213499087418960620e+00 3.948319833125570000e+00 3.533600223916061989e+00 3.006862137197128249e+00 2.414386951318328922e+00 1.805942162515602245e+00 1.229246704334941098e+00 7.248710688355975984e-01 3.221999530680651480e-01 3.693398862439421088e-02 -1.296055185061582293e-01 -1.893493884055343079e-01 -1.647540175762355619e-01 -8.490602006251246614e-02 1.896713722059388540e-02 1.179436119778164427e-01 1.892013445985770703e-01 1.621485709311161205e-01 1.499174106918323979e-01 1.075912363553684775e-01 4.486544588871767963e-02 -2.501958160344447749e-02 -8.789578281309355645e-02 -1.313116651528579426e-01 -1.467850172873281511e-01 -1.313116651528583312e-01 -8.789578281309272378e-02 -2.501958160344449136e-02 4.486544588871717310e-02 1.075912363553677004e-01 1.499174106918303717e-01 1.621485709311133450e-01 1.403018777026798503e-01 8.746084896295421018e-02 1.406504257324190515e-02 -6.296188892476554944e-02 -1.221730113707678034e-01 -1.404116592908757344e-01 -9.610871236472671997e-02 2.738832520479923122e-02 2.389267291259188353e-01 5.375266875917726894e-01 9.115454287279982637e-01 1.339192789358665259e+00 1.790383802448729522e+00 2.229732588512620239e+00 2.620334160509800281e+00 2.927868655128047948e+00 3.124511799414875224e+00 3.192153549636283394e+00 3.124511799414877000e+00 2.927868655128051056e+00 2.620334160509804278e+00 2.229732588512624680e+00 1.790383802448734629e+00 1.339192789358673474e+00 9.115454287280057022e-01 5.375266875917795728e-01 2.389267291259264681e-01 2.738832520480309618e-02 -9.610871236472354195e-02 -1.404116592908743189e-01 -1.221730113707672621e-01 -6.296188892476639598e-02 1.406504257324231802e-02 8.746084896295433508e-02 1.403018777026805997e-01
1.892013445985763487e-01 2.186622741423129845e-01 2.021681829643081074e-01 1.450900509585240916e-01 6.050241683969764805e-02 -3.373966591307480528e-02 -1.185301334884702740e-01 -1.770777698431623137e-01 -1.979440552929778441e-01 -1.770777698431640623e-01 -1.185301334884693580e-01 -3.373966591307690083e-02 6.050241683968697604e-02 1.450900509585222320e-01 2.021681829643054151e-01 2.186622741423065452e-01 1.892013445985713804e-01 1.179436119778139308e-01 1.896713722058978105e-02 -8.490602006251440903e-02 -1.647540175762388093e-01 -1.893493884055373888e-01 -1.296055185061639470e-01 3.693398862438673075e-02 3.221999530680537127e-01 7.248710688355889387e-01 1.229246704334931328e+00 1.805942162515592253e+00 2.414386951318324481e+00 3.006862137197124252e+00 3.533600223916054439e+00 3.948319833125567779e+00 4.213499087418959732e+00 4.304716042619031846e+00 4.213499087418961508e+00 3.948319833125574885e+00 3.533600223916063765e+00 3.006862137197129137e+00 2.414386951318335139e+00 1.805942162515604021e+00 1.229246704334942875e+00 7.248710688356029275e-01 3.221999530680637602e-01 3.693398862439597335e-02 -1.296055185061577297e-01 -1.893493884055324761e-01 -1.647540175762355619e-01 -8.490602006250994038e-02 1.896713722059357315e-02 1.179436119778188158e-01 1.403018777026807939e-01 1.621485709311156764e-01 1.499174106918310656e-01 1.075912363553671730e-01 4.486544588871732575e-02 -2.501958160344574730e-02 -8.789578281309340380e-02 -1.313116651528592194e-01 -1.467850172873296499e-01 -1.313116651528594969e-01 -8.789578281309448626e-02 -2.501958160344654875e-02 4.486544588871625022e-02 1.075912363553656464e-01 1.499174106918282623e-01 1.621485709311134282e-01 1.403018777026780461e-01 8.746084896295364119e-02 1.406504257324138821e-02 -6.296188892476645149e-02 -1.221730113707687193e-01 -1.404116592908773720e-01 -9.610871236472780244e-02 2.738832520479821814e-02 2.389267291259183912e-01 5.375266875917728004e-01 9.115454287279982637e-01 1.339192789358664815e+00 1.790383802448730188e+00 2.229732588512621572e+00 2.620334160509798949e+00 2.927868655128049280e+00 3.124511799414877000e+00 3.192153549636284726e+00 3.124511799414877888e+00 2.927868655128053721e+00 2.620334160509805166e+00 2.229732588512626013e+00 1.790383802448739292e+00 1.339192789358674140e+00 9.115454287280062573e-01 5.375266875917826814e-01 2.389267291259248305e-01 2.738832520480473376e-02 -9.610871236472325052e-02 -1.404116592908734029e-01 -1.221730113707673593e-01 -6.296188892476474452e-02 1.406504257324193118e-02 8.746084896295563960e-02
1.179436119778174419e-01 1.892013445985765985e-01 2.186622741423111249e-01 2.021681829643054429e-01 1.450900509585247022e-01 6.050241683969984074e-02 -3.373966591307539509e-02 -1.185301334884688584e-01 -1.770777698431641178e-01 -1.979440552929772890e-01 -1.770777698431621749e-01 -1.185301334884707458e-01 -3.373966591308703855e-02 6.050241683969562884e-02 1.450900509585243692e-01 2.021681829643036110e-01 2.186622741423079608e-01 1.892013445985727960e-01 1.179436119778136394e-01 1.896713722059059984e-02 -8.490602006251389555e-02 -1.647540175762384207e-01 -1.893493884055379994e-01 -1.296055185061643911e-01 3.693398862438616870e-02 3.221999530680534907e-01 7.248710688355882725e-01 1.229246704334930884e+00 1.805942162515592919e+00 2.414386951318324037e+00 3.006862137197118923e+00 3.533600223916055771e+00 3.948319833125568667e+00 4.213499087418961508e+00 4.304716042619032734e+00 4.213499087418964173e+00 3.948319833125574885e+00 3.533600223916062433e+00 3.006862137197132689e+00 2.414386951318334251e+00 1.805942162515602911e+00 1.229246704334945539e+00 7.248710688355978204e-01 3.221999530680637602e-01 3.693398862439403740e-02 -1.296055185061582293e-01 -1.893493884055341692e-01 -1.647540175762352843e-01 -8.490602006251171674e-02 1.896713722059470073e-02 8.746084896295529265e-02 1.403018777026800445e-01 1.621485709311144829e-01 1.499174106918300664e-01 1.075912363553674644e-01 4.486544588871684003e-02 -2.501958160344489382e-02 -8.789578281309387564e-02 -1.313116651528596079e-01 -1.467850172873294556e-01 -1.313116651528600798e-01 -8.789578281309495811e-02 -2.501958160344616711e-02 4.486544588871561184e-02 1.075912363553653828e-01 1.499174106918298166e-01 1.621485709311136225e-01 1.403018777026789898e-01 8.746084896295432121e-02 1.406504257324149229e-02 -6.296188892476621557e-02 -1.221730113707694826e-01 -1.404116592908768724e-01 -9.610871236472821877e-02 2.738832520479823202e-02 2.389267291259183634e-01 5.375266875917725784e-01 9.115454287279973755e-01 1.339192789358665259e+00 1.790383802448731521e+00 2.229732588512618463e+00 2.620334160509798949e+00 2.927868655128051056e+00 3.124511799414878332e+00 3.192153549636284726e+00 3.124511799414879665e+00 2.927868655128053277e+00 2.620334160509803390e+00 2.229732588512628233e+00 1.790383802448738404e+00 1.339192789358672808e+00 9.115454287280078116e-01 5.375266875917777964e-01 2.389267291259250525e-01 2.738832520480328353e-02 -9.610871236472406931e-02 -1.404116592908745964e-01 -1.221730113707673177e-01 -6.296188892476621557e-02 1.406504257324235618e-02
1.896713722059404153e-02 1.179436119778175668e-01 1.892013445985736564e-01 2.186622741423076832e-01 2.021681829643043327e-01 1.450900509585256459e-01 6.050241683969712764e-02 -3.373966591307538815e-02 -1.185301334884716756e-01 -1.770777698431633684e-01 -1.979440552929747632e-01 -1.770777698431620084e-01 -1.185301334884801411e-01 -3.373966591307631796e-02 6.050241683969911910e-02 1.450900509585240361e-01 2.021681829643057760e-01 2.186622741423093763e-01 1.892013445985720466e-01 1.179436119778132230e-01 1.896713722059022861e-02 -8.490602006251457556e-02 -1.647540175762395032e-01 -1.893493884055382492e-01 -1.296055185061643356e-01 3.693398862438726504e-02 3.221999530680557111e-01 7.248710688355912701e-01 1.229246704334935769e+00 1.805942162515597582e+00 2.414386951318324481e+00 3.006862137197124696e+00 3.533600223916060656e+00 3.948319833125573997e+00 4.213499087418964173e+00 4.304716042619033622e+00 4.213499087418962397e+00 3.948319833125570000e+00 3.533600223916062877e+00 3.006862137197128693e+00 2.414386951318329810e+00 1.805942162515603577e+00 1.229246704334937990e+00 7.248710688355973764e-01 3.221999530680614288e-01 3.693398862439358638e-02 -1.296055185061585069e-01 -1.893493884055334475e-01 -1.647540175762356729e-01 -8.490602006250996814e-02 1.406504257324230414e-02 8.746084896295436284e-02 1.403018777026782959e-01 1.621485709311125678e-01 1.499174106918292615e-01 1.075912363553656464e-01 4.486544588871622941e-02 -2.501958160344645160e-02 -8.789578281309487484e-02 -1.313116651528594137e-01 -1.467850172873298442e-01 -1.313116651528595802e-01 -8.789578281309355645e-02 -2.501958160344563281e-02 4.486544588871663880e-02 1.075912363553676171e-01 1.499174106918309268e-01 1.621485709311146217e-01 1.403018777026790453e-01 8.746084896295366895e-02 1.406504257324081228e-02 -6.296188892476788090e-02 -1.221730113707696352e-01 -1.404116592908775107e-01 -9.610871236472791346e-02 2.738832520479930407e-02 2.389267291259202231e-01 5.375266875917747988e-01 9.115454287280010393e-01 1.339192789358669256e+00 1.790383802448731521e+00 2.229732588512622460e+00 2.620334160509804278e+00 2.927868655128054165e+00 3.124511799414879665e+00 3.192153549636285170e+00 3.124511799414877888e+00 2.927868655128050612e+00 2.620334160509803834e+00 2.229732588512625124e+00 1.790383802448734851e+00 1.339192789358672364e+00 9.115454287280008172e-01 5.375266875917782405e-01 2.389267291259233872e-01 2.738832520480290883e-02 -9.610871236472404155e-02 -1.404116592908743189e-01 -1.221730113707679283e-01 -6.296188892476538290e-02
-8.490602006251135592e-02 1.896713722059423929e-02 1.179436119778148190e-01 1.892013445985726849e-01 2.186622741423094041e-01 2.021681829643085238e-01 1.450900509585260900e-01 6.050241683970045831e-02 -3.373966591307529794e-02 -1.185301334884679147e-01 -1.770777698431589275e-01 -1.979440552929733477e-01 -1.770777698431720004e-01 -1.185301334884695384e-01 -3.373966591307425711e-02 6.050241683969805051e-02 1.450900509585252574e-01 2.021681829643060535e-01 2.186622741423081551e-01 1.892013445985715747e-01 1.179436119778136532e-01 1.896713722059026330e-02 -8.490602006251438127e-02 -1.647540175762387260e-01 -1.893493884055381382e-01 -1.296055185061639470e-01 3.693398862438868752e-02 3.221999530680571544e-01 7.248710688355934906e-01 1.229246704334937101e+00 1.805942162515593363e+00 2.414386951318325369e+00 3.006862137197126472e+00 3.533600223916062433e+00 3.948319833125573997e+00 4.213499087418962397e+00 4.304716042619031846e+00 4.213499087418958844e+00 3.948319833125570888e+00 3.533600223916061100e+00 3.006862137197127360e+00 2.414386951318332919e+00 1.805942162515597138e+00 1.229246704334939544e+00 7.248710688355958220e-01 3.221999530680605961e-01 3.693398862439317004e-02 -1.296055185061600334e-01 -1.893493884055348075e-01 -1.647540175762354786e-01 -6.296188892476595189e-02 1.406504257324148362e-02 8.746084896295340527e-02 1.403018777026778519e-01 1.621485709311139001e-01 1.499174106918300109e-01 1.075912363553675477e-01 4.486544588871727024e-02 -2.501958160344491464e-02 -8.789578281309257113e-02 -1.313116651528585810e-01 -1.467850172873284564e-01 -1.313116651528579704e-01 -8.789578281309336216e-02 -2.501958160344502913e-02 4.486544588871788780e-02 1.075912363553683804e-01 1.499174106918312044e-01 1.621485709311142887e-01 1.403018777026784070e-01 8.746084896295340527e-02 1.406504257323993277e-02 -6.296188892476721477e-02 -1.221730113707696908e-01 -1.404116592908770111e-01 -9.610871236472730283e-02 2.738832520480019225e-02 2.389267291259209169e-01 5.375266875917761311e-01 9.115454287280025936e-01 1.339192789358666813e+00 1.790383802448732187e+00 2.229732588512624680e+00 2.620334160509805166e+00 2.927868655128053277e+00 3.124511799414877888e+00 3.192153549636283838e+00 3.124511799414875224e+00 2.927868655128051056e+00 2.620334160509802945e+00 2.229732588512622904e+00 1.790383802448736406e+00 1.339192789358666591e+00 9.115454287280027046e-01 5.375266875917774634e-01 2.389267291259227488e-01 2.738832520480298516e-02 -9.610871236472552648e-02 -1.404116592908756789e-01 -1.221730113707681781e-01
-1.647540175762368941e-01 -8.490602006251148082e-02 1.896713722058978105e-02 1.179436119778131814e-01 1.892013445985725184e-01 2.186622741423107918e-01 2.021681829643064143e-01 1.450900509585266174e-01 6.050241683969808520e-02 -3.373966591307341056e-02 -1.185301334884651114e-01 -1.770777698431585945e-01 -1.979440552929846164e-01 -1.770777698431617586e-01 -1.185301334884683450e-01 -3.373966591307470814e-02 6.050241683969918155e-02 1.450900509585253406e-01 2.021681829643053041e-01 2.186622741423077942e-01 1.892013445985724351e-01 1.179436119778142500e-01 1.896713722059108556e-02 -8.490602006251321554e-02 -1.647540175762382819e-01 -1.893493884055372223e-01 -1.296055185061614767e-01 3.693398862439100511e-02 3.221999530680598745e-01 7.248710688355952669e-01 1.229246704334933549e+00 1.805942162515595362e+00 2.414386951318328034e+00 3.006862137197128693e+00 3.533600223916062433e+00 3.948319833125569556e+00 4.213499087418959732e+00 4.304716042619028293e+00 4.213499087418958844e+00 3.948319833125570000e+00 3.533600223916060212e+00 3.006862137197131357e+00 2.414386951318328034e+00 1.805942162515601135e+00 1.229246704334939544e+00 7.248710688355965992e-01 3.221999530680624835e-01 3.693398862439183777e-02 -1.296055185061599502e-01 -1.893493884055346688e-01 -1.221730113707686916e-01 -6.296188892476727028e-02 1.406504257323957542e-02 8.746084896295197586e-02 1.403018777026779351e-01 1.621485709311128731e-01 1.499174106918298166e-01 1.075912363553668399e-01 4.486544588871711758e-02 -2.501958160344421034e-02 -8.789578281309311236e-02 -1.313116651528579704e-01 -1.467850172873274850e-01 -1.313116651528580536e-01 -8.789578281309277930e-02 -2.501958160344389462e-02 4.486544588871915762e-02 1.075912363553686857e-01 1.499174106918308158e-01 1.621485709311135670e-01 1.403018777026784902e-01 8.746084896295296118e-02 1.406504257324108637e-02 -6.296188892476700660e-02 -1.221730113707688303e-01 -1.404116592908764283e-01 -9.610871236472590118e-02 2.738832520480143085e-02 2.389267291259229431e-01 5.375266875917780185e-01 9.115454287280002621e-01 1.339192789358667701e+00 1.790383802448734407e+00 2.229732588512626457e+00 2.620334160509803390e+00 2.927868655128050612e+00 3.124511799414875224e+00 3.192153549636279841e+00 3.124511799414874780e+00 2.927868655128050168e+00 2.620334160509801169e+00 2.229732588512625124e+00 1.790383802448730854e+00 1.339192789358669922e+00 9.115454287280033707e-01 5.375266875917777964e-01 2.389267291259249415e-01 2.738832520480166677e-02 -9.610871236472555423e-02 -1.404116592908757621e-01
-1.893493884055362508e-01 -1.647540175762360060e-01 -8.490602006251560252e-02 1.896713722059062066e-02 1.179436119778149439e-01 1.892013445985751274e-01 2.186622741423102090e-01 2.021681829643077466e-01 1.450900509585246190e-01 6.050241683970018769e-02 -3.373966591307086399e-02 -1.185301334884652363e-01 -1.770777698431706404e-01 -1.979440552929749852e-01 -1.770777698431615088e-01 -1.185301334884678454e-01 -3.373966591307302199e-02 6.050241683970007667e-02 1.450900509585258680e-01 2.021681829643055817e-01 2.186622741423094318e-01 1.892013445985734621e-01 1.179436119778151937e-01 1.896713722059214374e-02 -8.490602006251300737e-02 -1.647540175762376713e-01 -1.893493884055347243e-01 -1.296055185061588677e-01 3.693398862439455088e-02 3.221999530680634827e-01 7.248710688355952669e-01 1.229246704334938656e+00 1.805942162515601579e+00 2.414386951318334251e+00 3.006862137197132245e+00 3.533600223916061545e+00 3.948319833125571332e+00 4.213499087418958844e+00 4.304716042619028293e+00 4.213499087418959732e+00 3.948319833125568667e+00 3.533600223916061545e+00 3.006862137197122475e+00 2.414386951318328478e+00 1.805942162515596916e+00 1.229246704334935991e+00 7.248710688355949339e-01 3.221999530680567103e-01 3.693398862439038061e-02 -1.296055185061613380e-01 -1.404116592908767891e-01 -1.221730113707697046e-01 -6.296188892476800580e-02 1.406504257323980094e-02 8.746084896295333588e-02 1.403018777026781572e-01 1.621485709311134005e-01 1.499174106918298166e-01 1.075912363553668816e-01 4.486544588871779760e-02 -2.501958160344520954e-02 -8.789578281309266827e-02 -1.313116651528574430e-01 -1.467850172873278181e-01 -1.313116651528575263e-01 -8.789578281309150254e-02 -2.501958160344188928e-02 4.486544588871978906e-02 1.075912363553689216e-01 1.499174106918307880e-01 1.621485709311142054e-01 1.403018777026786845e-01 8.746084896295434896e-02 1.406504257324112106e-02 -6.296188892476606291e-02 -1.221730113707685528e-01 -1.404116592908747352e-01 -9.610871236472387502e-02 2.738832520480469560e-02 2.389267291259258852e-01 5.375266875917782405e-01 9.115454287280039258e-01 1.339192789358673252e+00 1.790383802448739292e+00 2.229732588512628233e+00 2.620334160509803834e+00 2.927868655128051056e+00 3.124511799414874780e+00 3.192153549636281173e+00 3.124511799414874780e+00 2.927868655128048836e+00 2.620334160509801169e+00 2.229732588512618019e+00 1.790383802448732187e+00 1.339192789358667479e+00 9.115454287280003731e-01 5.375266875917775744e-01 2.389267291259197790e-01 2.738832520480037960e-02 -9.610871236472702528e-02
-1.296055185061638082e-01 -1.893493884055363896e-01 -1.647540175762425008e-01 -8.490602006251496414e-02 1.896713722059146373e-02 1.179436119778162068e-01 1.892013445985748221e-01 2.186622741423119298e-01 2.021681829643066919e-01 1.450900509585281162e-01 6.050241683970393469e-02 -3.373966591306990642e-02 -1.185301334884763524e-01 -1.770777698431609259e-01 -1.979440552929761787e-01 -1.770777698431611757e-01 -1.185301334884678731e-01 -3.373966591307420160e-02 6.050241683969893175e-02 1.450900509585245357e-01 2.021681829643062478e-01 2.186622741423102367e-01 1.892013445985745723e-01 1.179436119778166786e-01 1.896713722059297641e-02 -8.490602006251193878e-02 -1.647540175762349235e-01 -1.893493884055323651e-01 -1.296055185061566195e-01 3.693398862439578600e-02 3.221999530680609292e-01 7.248710688355959331e-01 1.229246704334940876e+00 1.805942162515603355e+00 2.414386951318333807e+00 3.006862137197127804e+00 3.533600223916060656e+00 3.948319833125570444e+00 4.213499087418958844e+00 4.304716042619031846e+00 4.213499087418961508e+00 3.948319833125573997e+00 3.533600223916059324e+00 3.006862137197129581e+00 2.414386951318329810e+00 1.805942162515598470e+00 1.229246704334939322e+00 7.248710688355913812e-01 3.221999530680576540e-01 3.693398862438901364e-02 -9.610871236472842694e-02 -1.404116592908785655e-01 -1.221730113707714532e-01 -6.296188892476865806e-02 1.406504257324027625e-02 8.746084896295339139e-02 1.403018777026784902e-01 1.621485709311142054e-01 1.499174106918307325e-01 1.075912363553687134e-01 4.486544588871778372e-02 -2.501958160344355114e-02 -8.789578281309166907e-02 -1.313116651528577761e-01 -1.467850172873275127e-01 -1.313116651528571655e-01 -8.789578281309025354e-02 -2.501958160344277746e-02 4.486544588871869271e-02 1.075912363553674228e-01 1.499174106918306215e-01 1.621485709311143997e-01 1.403018777026799335e-01 8.746084896295451550e-02 1.406504257324240822e-02 -6.296188892476581311e-02 -1.221730113707666793e-01 -1.404116592908729311e-01 -9.610871236472190438e-02 2.738832520480541724e-02 2.389267291259246362e-01 5.375266875917790177e-01 9.115454287280057022e-01 1.339192789358674140e+00 1.790383802448738404e+00 2.229732588512625124e+00 2.620334160509802945e+00 2.927868655128050168e+00 3.124511799414874780e+00 3.192153549636282950e+00 3.124511799414876112e+00 2.927868655128051945e+00 2.620334160509798949e+00 2.229732588512623792e+00 1.790383802448733963e+00 1.339192789358668589e+00 9.115454287280035928e-01 5.375266875917737996e-01 2.389267291259206949e-01 2.738832520479899182e-02
3.693398862438743852e-02 -1.296055185061614767e-01 -1.893493884055414966e-01 -1.647540175762388925e-01 -8.490602006251242451e-02 1.896713722059294865e-02 1.179436119778168729e-01 1.892013445985761821e-01 2.186622741423102367e-01 2.021681829643093009e-01 1.450900509585304754e-01 6.050241683970315754e-02 -3.373966591308207030e-02 -1.185301334884685531e-01 -1.770777698431643121e-01 -1.979440552929755404e-01 -1.770777698431617586e-01 -1.185301334884691082e-01 -3.373966591307446528e-02 6.050241683969834888e-02 1.450900509585258402e-01 2.021681829643079964e-01 2.186622741423119853e-01 1.892013445985763764e-01 1.179436119778177333e-01 1.896713722059430868e-02 -8.490602006250895506e-02 -1.647540175762327586e-01 -1.893493884055306442e-01 -1.296055185061558979e-01 3.693398862439349617e-02 3.221999530680607626e-01 7.248710688355968212e-01 1.229246704334941098e+00 1.805942162515602467e+00 2.414386951318328034e+00 3.006862137197126472e+00 3.533600223916059768e+00 3.948319833125568223e+00 4.213499087418961508e+00 4.304716042619032734e+00 4.213499087418965061e+00 3.948319833125572220e+00 3.533600223916065097e+00 3.006862137197130025e+00 2.414386951318330699e+00 1.805942162515601801e+00 1.229246704334934659e+00 7.248710688355937126e-01 3.221999530680573764e-01 2.738832520479843324e-02 -9.610871236472874612e-02 -1.404116592908789540e-01 -1.221730113707702459e-01 -6.296188892476718701e-02 1.406504257324117484e-02 8.746084896295369671e-02 1.403018777026793784e-01 1.621485709311146217e-01 1.499174106918318150e-01 1.075912363553675477e-01 4.486544588871844985e-02 -2.501958160344377666e-02 -8.789578281309301522e-02 -1.313116651528579981e-01 -1.467850172873276238e-01 -1.313116651528559442e-01 -8.789578281309158581e-02 -2.501958160344370380e-02 4.486544588871760331e-02 1.075912363553680473e-01 1.499174106918316485e-01 1.621485709311159262e-01 1.403018777026804609e-01 8.746084896295613920e-02 1.406504257324269445e-02 -6.296188892476368981e-02 -1.221730113707650556e-01 -1.404116592908713212e-01 -9.610871236472147416e-02 2.738832520480428620e-02 2.389267291259246362e-01 5.375266875917796838e-01 9.115454287280062573e-01 1.339192789358672808e+00 1.790383802448734851e+00 2.229732588512622904e+00 2.620334160509801169e+00 2.927868655128048836e+00 3.124511799414876112e+00 3.192153549636284282e+00 3.124511799414877888e+00 2.927868655128049724e+00 2.620334160509803390e+00 2.229732588512625124e+00 1.790383802448734629e+00 1.339192789358672364e+00 9.115454287279998180e-01 5.375266875917754650e-01 2.389267291259201953e-01
3.221999530680527135e-01 3.693398862438897895e-02 -1.296055185061680270e-01 -1.893493884055367504e-01 -1.647540175762356451e-01 -8.490602006251055101e-02 1.896713722059491583e-02 1.179436119778186215e-01 1.892013445985752107e-01 2.186622741423131788e-01 2.021681829643114381e-01 1.450900509585293652e-01 6.050241683969177081e-02 -3.373966591307427793e-02 -1.185301334884720920e-01 -1.770777698431617586e-01 -1.979440552929750130e-01 -1.770777698431617586e-01 -1.185301334884676094e-01 -3.373966591307403506e-02 6.050241683970020851e-02 1.450900509585278109e-01 2.021681829643090234e-01 2.186622741423121796e-01 1.892013445985755993e-01 1.179436119778166925e-01 1.896713722059465909e-02 -8.490602006250935752e-02 -1.647540175762332304e-01 -1.893493884055307830e-01 -1.296055185061572024e-01 3.693398862439445374e-02 3.221999530680639823e-01 7.248710688356002629e-01 1.229246704334944651e+00 1.805942162515601135e+00 2.414386951318331587e+00 3.006862137197129581e+00 3.533600223916060212e+00 3.948319833125573108e+00 4.213499087418963285e+00 4.304716042619033622e+00 4.213499087418960620e+00 3.948319833125572664e+00 3.533600223916059324e+00 3.006862137197125140e+00 2.414386951318328034e+00 1.805942162515590477e+00 1.229246704334932661e+00 7.248710688355889387e-01 2.389267291259173087e-01 2.738832520479685811e-02 -9.610871236472977308e-02 -1.404116592908769834e-01 -1.221730113707684418e-01 -6.296188892476517474e-02 1.406504257324212373e-02 8.746084896295529265e-02 1.403018777026801556e-01 1.621485709311158707e-01 1.499174106918305105e-01 1.075912363553682000e-01 4.486544588871796413e-02 -2.501958160344512627e-02 -8.789578281309284868e-02 -1.313116651528577206e-01 -1.467850172873256531e-01 -1.313116651528566936e-01 -8.789578281309137764e-02 -2.501958160344400911e-02 4.486544588871881067e-02 1.075912363553693102e-01 1.499174106918326199e-01 1.621485709311155377e-01 1.403018777026805164e-01 8.746084896295457101e-02 1.406504257324299109e-02 -6.296188892476388410e-02 -1.221730113707646670e-01 -1.404116592908717098e-01 -9.610871236472208479e-02 2.738832520480530969e-02 2.389267291259264403e-01 5.375266875917826814e-01 9.115454287280075896e-01 1.339192789358672364e+00 1.790383802448736184e+00 2.229732588512625124e+00 2.620334160509801169e+00 2.927868655128051945e+00 3.124511799414877888e+00 3.192153549636283394e+00 3.124511799414874336e+00 2.927868655128050168e+00 2.620334160509800725e+00 2.229732588512621572e+00 1.790383802448733741e+00 1.339192789358663482e+00 9.115454287279982637e-01 5.375266875917724674e-01
7.248710688355901599e-01 3.221999530680592638e-01 3.693398862438485725e-02 -1.296055185061608384e-01 -1.893493884055336696e-01 -1.647540175762352566e-01 -8.490602006250988487e-02 1.896713722059515175e-02 1.179436119778169423e-01 1.892013445985774311e-01 2.186622741423151495e-01 2.021681829643104666e-01 1.450900509585198450e-01 6.050241683970006973e-02 -3.373966591307803187e-02 -1.185301334884683450e-01 -1.770777698431614533e-01 -1.979440552929757069e-01 -1.770777698431610647e-01 -1.185301334884687058e-01 -3.373966591307386159e-02 6.050241683970104811e-02 1.450900509585280607e-01 2.021681829643091066e-01 2.186622741423123462e-01 1.892013445985763764e-01 1.179436119778191627e-01 1.896713722059625504e-02 -8.490602006250834444e-02 -1.647540175762324532e-01 -1.893493884055322818e-01 -1.296055185061588955e-01 3.693398862439296881e-02 3.221999530680606516e-01 7.248710688355958220e-01 1.229246704334933993e+00 1.805942162515594474e+00 2.414386951318324925e+00 3.006862137197121143e+00 3.533600223916057104e+00 3.948319833125569556e+00 4.213499087418960620e+00 4.304716042619030070e+00 4.213499087418962397e+00 3.948319833125572664e+00 3.533600223916061989e+00 3.006862137197130469e+00 2.414386951318325814e+00 1.805942162515598026e+00 1.229246704334935769e+00 5.375266875917736886e-01 2.389267291259190018e-01 2.738832520479833610e-02 -9.610871236472610935e-02 -1.404116592908753736e-01 -1.221730113707670123e-01 -6.296188892476567434e-02 1.406504257324278119e-02 8.746084896295537592e-02 1.403018777026811548e-01 1.621485709311146495e-01 1.499174106918317873e-01 1.075912363553684914e-01 4.486544588871773515e-02 -2.501958160344407503e-02 -8.789578281309212704e-02 -1.313116651528555001e-01 -1.467850172873270409e-01 -1.313116651528570544e-01 -8.789578281309270991e-02 -2.501958160344379747e-02 4.486544588871933109e-02 1.075912363553694767e-01 1.499174106918321203e-01 1.621485709311161483e-01 1.403018777026801833e-01 8.746084896295647226e-02 1.406504257324449163e-02 -6.296188892476220489e-02 -1.221730113707645698e-01 -1.404116592908723204e-01 -9.610871236472279255e-02 2.738832520480329047e-02 2.389267291259244974e-01 5.375266875917780185e-01 9.115454287280008172e-01 1.339192789358666591e+00 1.790383802448730854e+00 2.229732588512618463e+00 2.620334160509798949e+00 2.927868655128049280e+00 3.124511799414874336e+00 3.192153549636280729e+00 3.124511799414876556e+00 2.927868655128051500e+00 2.620334160509802945e+00 2.229732588512626457e+00 1.790383802448731521e+00 1.339192789358668367e+00 9.115454287280009282e-01
1.229246704334931328e+00 7.248710688355930465e-01 3.221999530680523804e-01 3.693398862439166430e-02 -1.296055185061578963e-01 -1.893493884055326149e-01 -1.647540175762329251e-01 -8.490602006250838607e-02 1.896713722059449256e-02 1.179436119778192599e-01 1.892013445985788744e-01 2.186622741423129013e-01 2.021681829643006967e-01 1.450900509585257014e-01 6.050241683969400514e-02 -3.373966591307495794e-02 -1.185301334884690944e-01 -1.770777698431624525e-01 -1.979440552929743746e-01 -1.770777698431611757e-01 -1.185301334884677343e-01 -3.373966591307206442e-02 6.050241683970172119e-02 1.450900509585278109e-01 2.021681829643083572e-01 2.186622741423114580e-01 1.892013445985762377e-01 1.179436119778176084e-01 1.896713722059443011e-02 -8.490602006250975997e-02 -1.647540175762344239e-01 -1.893493884055335585e-01 -1.296055185061583959e-01 3.693398862439371128e-02 3.221999530680627610e-01 7.248710688355952669e-01 1.229246704334938434e+00 1.805942162515599581e+00 2.414386951318327146e+00 3.006862137197127360e+00 3.533600223916062433e+00 3.948319833125572220e+00 4.213499087418962397e+00 4.304716042619033622e+00 4.213499087418963285e+00 3.948319833125572220e+00 3.533600223916061545e+00 3.006862137197122475e+00 2.414386951318326258e+00 1.805942162515594918e+00 9.115454287279979306e-01 5.375266875917725784e-01 2.389267291259184189e-01 2.738832520480151411e-02 -9.610871236472491586e-02 -1.404116592908730143e-01 -1.221730113707666376e-01 -6.296188892476382859e-02 1.406504257324326691e-02 8.746084896295656941e-02 1.403018777026795172e-01 1.621485709311151491e-01 1.499174106918307048e-01 1.075912363553668816e-01 4.486544588871735351e-02 -2.501958160344451565e-02 -8.789578281309078089e-02 -1.313116651528575540e-01 -1.467850172873271242e-01 -1.313116651528577761e-01 -8.789578281309173846e-02 -2.501958160344240623e-02 4.486544588871970579e-02 1.075912363553690188e-01 1.499174106918319538e-01 1.621485709311146495e-01 1.403018777026802943e-01 8.746084896295565347e-02 1.406504257324389141e-02 -6.296188892476399512e-02 -1.221730113707656107e-01 -1.404116592908725702e-01 -9.610871236472352808e-02 2.738832520480497662e-02 2.389267291259254133e-01 5.375266875917783516e-01 9.115454287280027046e-01 1.339192789358669922e+00 1.790383802448732187e+00 2.229732588512623792e+00 2.620334160509803390e+00 2.927868655128050612e+00 3.124511799414876556e+00 3.192153549636283838e+00 3.124511799414877444e+00 2.927868655128051056e+00 2.620334160509803834e+00 2.229732588512620239e+00 1.790383802448731521e+00 1.339192789358667035e+00
1.805942162515592031e+00 1.229246704334936435e+00 7.248710688355882725e-01 3.221999530680606516e-01 3.693398862439521008e-02 -1.296055185061563420e-01 -1.893493884055304222e-01 -1.647540175762320647e-01 -8.490602006250892730e-02 1.896713722059703566e-02 1.179436119778209113e-01 1.892013445985765152e-01 2.186622741423047966e-01 2.021681829643063588e-01 1.450900509585195119e-01 6.050241683969729417e-02 -3.373966591307637347e-02 -1.185301334884709124e-01 -1.770777698431622305e-01 -1.979440552929760400e-01 -1.770777698431622305e-01 -1.185301334884678176e-01 -3.373966591307314689e-02 6.050241683970020851e-02 1.450900509585266174e-01 2.021681829643075523e-01 2.186622741423115690e-01 1.892013445985753495e-01 1.179436119778168868e-01 1.896713722059410398e-02 -8.490602006251062039e-02 -1.647540175762358672e-01 -1.893493884055339471e-01 -1.296055185061595061e-01 3.693398862439328106e-02 3.221999530680593748e-01 7.248710688355949339e-01 1.229246704334937990e+00 1.805942162515596250e+00 2.414386951318329366e+00 3.006862137197129581e+00 3.533600223916060656e+00 3.948319833125573997e+00 4.213499087418963285e+00 4.304716042619033622e+00 4.213499087418962397e+00 3.948319833125571776e+00 3.533600223916056216e+00 3.006862137197125140e+00 2.414386951318326702e+00 1.339192789358665259e+00 9.115454287279981527e-01 5.375266875917731335e-01 2.389267291259228598e-01 2.738832520480261393e-02 -9.610871236472200152e-02 -1.404116592908729033e-01 -1.221730113707648613e-01 -6.296188892476331511e-02 1.406504257324479000e-02 8.746084896295533428e-02 1.403018777026802943e-01 1.621485709311141499e-01 1.499174106918294835e-01 1.075912363553665624e-01 4.486544588871674288e-02 -2.501958160344362053e-02 -8.789578281309369523e-02 -1.313116651528582202e-01 -1.467850172873289560e-01 -1.313116651528581369e-01 -8.789578281309165519e-02 -2.501958160344344012e-02 4.486544588871849149e-02 1.075912363553683665e-01 1.499174106918307603e-01 1.621485709311150103e-01 1.403018777026800723e-01 8.746084896295579225e-02 1.406504257324290783e-02 -6.296188892476424492e-02 -1.221730113707659993e-01 -1.404116592908745131e-01 -9.610871236472337542e-02 2.738832520480331822e-02 2.389267291259234149e-01 5.375266875917772413e-01 9.115454287280031487e-01 1.339192789358667479e+00 1.790383802448733741e+00 2.229732588512625124e+00 2.620334160509800725e+00 2.927868655128051500e+00 3.124511799414877000e+00 3.192153549636283838e+00 3.124511799414877000e+00 2.927868655128051945e+00 2.620334160509799837e+00 2.229732588512621128e+00 1.790383802448732853e+00
2.414386951318323149e+00 1.805942162515596916e+00 1.229246704334931772e+00 7.248710688355948228e-01 3.221999530680625390e-01 3.693398862439437741e-02 -1.296055185061573689e-01 -1.893493884055322540e-01 -1.647540175762348125e-01 -8.490602006250919098e-02 1.896713722059611973e-02 1.179436119778169423e-01 1.892013445985690490e-01 2.186622741423096816e-01 2.021681829643008077e-01 1.450900509585241749e-01 6.050241683969771744e-02 -3.373966591307598489e-02 -1.185301334884687197e-01 -1.770777698431619529e-01 -1.979440552929758179e-01 -1.770777698431611757e-01 -1.185301334884680813e-01 -3.373966591307400731e-02 6.050241683969937584e-02 1.450900509585260900e-01 2.021681829643076356e-01 2.186622741423107918e-01 1.892013445985750719e-01 1.179436119778171366e-01 1.896713722059413174e-02 -8.490602006251106448e-02 -1.647540175762353398e-01 -1.893493884055343357e-01 -1.296055185061589510e-01 3.693398862439172675e-02 3.221999530680599300e-01 7.248710688355951559e-01 1.229246704334935769e+00 1.805942162515597804e+00 2.414386951318329810e+00 3.006862137197126028e+00 3.533600223916062433e+00 3.948319833125571776e+00 4.213499087418961508e+00 4.304716042619032734e+00 4.213499087418961508e+00 3.948319833125568223e+00 3.533600223916059324e+00 3.006862137197125584e+00 1.790383802448730410e+00 1.339192789358665259e+00 9.115454287279982637e-01 5.375266875917770193e-01 2.389267291259224435e-01 2.738832520480417518e-02 -9.610871236472404155e-02 -1.404116592908729588e-01 -1.221730113707664711e-01 -6.296188892476363430e-02 1.406504257324210638e-02 8.746084896295489020e-02 1.403018777026788233e-01 1.621485709311130952e-01 1.499174106918297888e-01 1.075912363553669648e-01 4.486544588871881761e-02 -2.501958160344521301e-02 -8.789578281309270991e-02 -1.313116651528586920e-01 -1.467850172873280401e-01 -1.313116651528572487e-01 -8.789578281309221031e-02 -2.501958160344406462e-02 4.486544588871790862e-02 1.075912363553674922e-01 1.499174106918310101e-01 1.621485709311148438e-01 1.403018777026803776e-01 8.746084896295529265e-02 1.406504257324333457e-02 -6.296188892476388410e-02 -1.221730113707673038e-01 -1.404116592908734584e-01 -9.610871236472395829e-02 2.738832520480296087e-02 2.389267291259226378e-01 5.375266875917777964e-01 9.115454287280003731e-01 1.339192789358668367e+00 1.790383802448734629e+00 2.229732588512621572e+00 2.620334160509802945e+00 2.927868655128051056e+00 3.124511799414877444e+00 3.192153549636283394e+00 3.124511799414877444e+00 2.927868655128049280e+00 2.620334160509800281e+00 2.229732588512623792e+00
3.006862137197119811e+00 2.414386951318324037e+00 1.805942162515589589e+00 1.229246704334934437e+00 7.248710688355944898e-01 3.221999530680597079e-01 3.693398862439186553e-02 -1.296055185061600890e-01 -1.893493884055348631e-01 -1.647540175762348402e-01 -8.490602006250951017e-02 1.896713722059267110e-02 1.179436119778113357e-01 1.892013445985736841e-01 2.186622741423048244e-01 2.021681829643055262e-01 1.450900509585249520e-01 6.050241683969860562e-02 -3.373966591307355628e-02 -1.185301334884677066e-01 -1.770777698431608704e-01 -1.979440552929737085e-01 -1.770777698431601210e-01 -1.185301334884670682e-01 -3.373966591307308444e-02 6.050241683970036810e-02 1.450900509585269782e-01 2.021681829643071637e-01 2.186622741423104865e-01 1.892013445985746001e-01 1.179436119778161929e-01 1.896713722059223395e-02 -8.490602006251227185e-02 -1.647540175762368941e-01 -1.893493884055343635e-01 -1.296055185061595616e-01 3.693398862439339903e-02 3.221999530680619284e-01 7.248710688355956000e-01 1.229246704334939988e+00 1.805942162515601801e+00 2.414386951318329366e+00 3.006862137197132245e+00 3.533600223916062433e+00 3.948319833125572664e+00 4.213499087418962397e+00 4.304716042619030070e+00 4.213499087418957956e+00 3.948319833125567779e+00 3.533600223916057548e+00 2.229732588512618019e+00 1.790383802448727524e+00 1.339192789358662816e+00 9.115454287280001511e-01 5.375266875917742437e-01 2.389267291259224990e-01 2.738832520480140656e-02 -9.610871236472461054e-02 -1.404116592908751238e-01 -1.221730113707665544e-01 -6.296188892476600740e-02 1.406504257324203006e-02 8.746084896295350242e-02 1.403018777026781017e-01 1.621485709311135670e-01 1.499174106918300109e-01 1.075912363553688106e-01 4.486544588871729800e-02 -2.501958160344385992e-02 -8.789578281309248786e-02 -1.313116651528572210e-01 -1.467850172873264580e-01 -1.313116651528566936e-01 -8.789578281309134988e-02 -2.501958160344360318e-02 4.486544588871843597e-02 1.075912363553683249e-01 1.499174106918311489e-01 1.621485709311150103e-01 1.403018777026794617e-01 8.746084896295487632e-02 1.406504257324261119e-02 -6.296188892476634047e-02 -1.221730113707672344e-01 -1.404116592908745131e-01 -9.610871236472399992e-02 2.738832520480288801e-02 2.389267291259247472e-01 5.375266875917773524e-01 9.115454287280037038e-01 1.339192789358672142e+00 1.790383802448733741e+00 2.229732588512626457e+00 2.620334160509803390e+00 2.927868655128051945e+00 3.124511799414877444e+00 3.192153549636282506e+00 3.124511799414874780e+00 2.927868655128047948e+00 2.620334160509801169e+00
3.533600223916058880e+00 3.006862137197128249e+00 2.414386951318327146e+00 1.805942162515600247e+00 1.229246704334941542e+00 7.248710688355980425e-01 3.221999530680614843e-01 3.693398862439222635e-02 -1.296055185061606996e-01 -1.893493884055348908e-01 -1.647540175762362280e-01 -8.490602006251413147e-02 1.896713722058748428e-02 1.179436119778142777e-01 1.892013445985691877e-01 2.186622741423088490e-01 2.021681829643063033e-01 1.450900509585260345e-01 6.050241683970049300e-02 -3.373966591307312607e-02 -1.185301334884678176e-01 -1.770777698431607039e-01 -1.979440552929747354e-01 -1.770777698431613978e-01 -1.185301334884684143e-01 -3.373966591307417384e-02 6.050241683969959788e-02 1.450900509585256459e-01 2.021681829643074413e-01 2.186622741423115690e-01 1.892013445985757658e-01 1.179436119778170394e-01 1.896713722059404847e-02 -8.490602006251134204e-02 -1.647540175762358672e-01 -1.893493884055348908e-01 -1.296055185061606163e-01 3.693398862439042918e-02 3.221999530680558776e-01 7.248710688355909371e-01 1.229246704334933771e+00 1.805942162515590699e+00 2.414386951318326258e+00 3.006862137197122031e+00 3.533600223916056660e+00 3.948319833125569556e+00 4.213499087418957956e+00 4.304716042619030958e+00 4.213499087418960620e+00 3.948319833125573108e+00 2.620334160509801613e+00 2.229732588512622460e+00 1.790383802448732409e+00 1.339192789358671254e+00 9.115454287280025936e-01 5.375266875917790177e-01 2.389267291259231651e-01 2.738832520480264515e-02 -9.610871236472583179e-02 -1.404116592908747352e-01 -1.221730113707689275e-01 -6.296188892476681231e-02 1.406504257323993451e-02 8.746084896295254485e-02 1.403018777026781572e-01 1.621485709311135670e-01 1.499174106918318705e-01 1.075912363553676171e-01 4.486544588871874822e-02 -2.501958160344381135e-02 -8.789578281309186336e-02 -1.313116651528569434e-01 -1.467850172873274295e-01 -1.313116651528573042e-01 -8.789578281309283481e-02 -2.501958160344428667e-02 4.486544588871794331e-02 1.075912363553680473e-01 1.499174106918315930e-01 1.621485709311153156e-01 1.403018777026806829e-01 8.746084896295625022e-02 1.406504257324234577e-02 -6.296188892476466126e-02 -1.221730113707672621e-01 -1.404116592908745964e-01 -9.610871236472555423e-02 2.738832520480145166e-02 2.389267291259197512e-01 5.375266875917737996e-01 9.115454287279993739e-01 1.339192789358663482e+00 1.790383802448731299e+00 2.229732588512619795e+00 2.620334160509799837e+00 2.927868655128049280e+00 3.124511799414874780e+00 3.192153549636282950e+00 3.124511799414874780e+00 2.927868655128053721e+00
3.948319833125563338e+00 3.533600223916053995e+00 3.006862137197118034e+00 2.414386951318323149e+00 1.805942162515594918e+00 1.229246704334934437e+00 7.248710688355906040e-01 3.221999530680554891e-01 3.693398862438845159e-02 -1.296055185061617820e-01 -1.893493884055351961e-01 -1.647540175762378656e-01 -8.490602006251447842e-02 1.896713722059296600e-02 1.179436119778142084e-01 1.892013445985747111e-01 2.186622741423112082e-01 2.021681829643082740e-01 1.450900509585274223e-01 6.050241683970059708e-02 -3.373966591307359791e-02 -1.185301334884679841e-01 -1.770777698431613700e-01 -1.979440552929748187e-01 -1.770777698431611480e-01 -1.185301334884680119e-01 -3.373966591307341750e-02 6.050241683969967421e-02 1.450900509585270892e-01 2.021681829643085515e-01 2.186622741423113470e-01 1.892013445985748776e-01 1.179436119778165537e-01 1.896713722059243518e-02 -8.490602006251252165e-02 -1.647540175762370052e-01 -1.893493884055355292e-01 -1.296055185061612547e-01 3.693398862438926344e-02 3.221999530680573764e-01 7.248710688355929355e-01 1.229246704334932661e+00 1.805942162515597804e+00 2.414386951318324925e+00 3.006862137197124696e+00 3.533600223916058880e+00 3.948319833125566003e+00 4.213499087418957956e+00 4.304716042619026517e+00 4.213499087418957956e+00 2.927868655128046171e+00 2.620334160509795840e+00 2.229732588512616243e+00 1.790383802448730188e+00 1.339192789358664148e+00 9.115454287279994849e-01 5.375266875917732445e-01 2.389267291259201120e-01 2.738832520479907509e-02 -9.610871236472588730e-02 -1.404116592908761230e-01 -1.221730113707680115e-01 -6.296188892476634047e-02 1.406504257324162413e-02 8.746084896295493183e-02 1.403018777026797947e-01 1.621485709311163148e-01 1.499174106918313154e-01 1.075912363553687967e-01 4.486544588871856087e-02 -2.501958160344372809e-02 -8.789578281309186336e-02 -1.313116651528576373e-01 -1.467850172873272629e-01 -1.313116651528578871e-01 -8.789578281309198826e-02 -2.501958160344376972e-02 4.486544588871869965e-02 1.075912363553687967e-01 1.499174106918318983e-01 1.621485709311154266e-01 1.403018777026805441e-01 8.746084896295432121e-02 1.406504257324194679e-02 -6.296188892476616006e-02 -1.221730113707680671e-01 -1.404116592908756789e-01 -9.610871236472551260e-02 2.738832520480037613e-02 2.389267291259205839e-01 5.375266875917755760e-01 9.115454287279982637e-01 1.339192789358668589e+00 1.790383802448731521e+00 2.229732588512621572e+00 2.620334160509800281e+00 2.927868655128047948e+00 3.124511799414874780e+00 3.192153549636277621e+00 3.124511799414875224e+00
4.213499087418961508e+00 3.948319833125572220e+00 3.533600223916059324e+00 3.006862137197126916e+00 2.414386951318331587e+00 1.805942162515598914e+00 1.229246704334935547e+00 7.248710688355911591e-01 3.221999530680557666e-01 3.693398862438869446e-02 -1.296055185061626980e-01 -1.893493884055377774e-01 -1.647540175762390868e-01 -8.490602006251235512e-02 1.896713722059243171e-02 1.179436119778171782e-01 1.892013445985764597e-01 2.186622741423133731e-01 2.021681829643096617e-01 1.450900509585282550e-01 6.050241683970117995e-02 -3.373966591307295260e-02 -1.185301334884679703e-01 -1.770777698431610925e-01 -1.979440552929745412e-01 -1.770777698431610647e-01 -1.185301334884676094e-01 -3.373966591307361873e-02 6.050241683970125628e-02 1.450900509585287546e-01 2.021681829643092454e-01 2.186622741423125682e-01 1.892013445985768205e-01 1.179436119778175807e-01 1.896713722059355234e-02 -8.490602006251159184e-02 -1.647540175762366166e-01 -1.893493884055364451e-01 -1.296055185061632531e-01 3.693398862438808383e-02 3.221999530680564328e-01 7.248710688355889387e-01 1.229246704334936435e+00 1.805942162515594696e+00 2.414386951318327146e+00 3.006862137197127804e+00 3.533600223916058436e+00 3.948319833125573552e+00 4.213499087418962397e+00 4.304716042619034511e+00 3.124511799414877444e+00 2.927868655128050612e+00 2.620334160509801169e+00 2.229732588512624680e+00 1.790383802448732187e+00 1.339192789358668589e+00 9.115454287280003731e-01 5.375266875917749099e-01 2.389267291259190018e-01 2.738832520479987653e-02 -9.610871236472739998e-02 -1.404116592908763173e-01 -1.221730113707692605e-01 -6.296188892476634047e-02 1.406504257324237527e-02 8.746084896295537592e-02 1.403018777026816544e-01 1.621485709311161205e-01 1.499174106918328420e-01 1.075912363553695184e-01 4.486544588871939354e-02 -2.501958160344302726e-02 -8.789578281309194663e-02 -1.313116651528569157e-01 -1.467850172873276793e-01 -1.313116651528569989e-01 -8.789578281309169683e-02 -2.501958160344296134e-02 4.486544588871956701e-02 1.075912363553698237e-01 1.499174106918328420e-01 1.621485709311167589e-01 1.403018777026806829e-01 8.746084896295577837e-02 1.406504257324254006e-02 -6.296188892476542454e-02 -1.221730113707681364e-01 -1.404116592908758177e-01 -9.610871236472692813e-02 2.738832520479896060e-02 2.389267291259200843e-01 5.375266875917724674e-01 9.115454287280007062e-01 1.339192789358667035e+00 1.790383802448732853e+00 2.229732588512623348e+00 2.620334160509801169e+00 2.927868655128053721e+00 3.124511799414875224e+00 3.192153549636287835e+00
