-0.0000393858 -0.0000330910 -0.0000176219 0.0000011142 0.0000180811 0.0000303647 0.0000372101 0.0000393729 0.0000383212 0.0000356129 0.0000325470 0.0000300445 0.0000286647 0.0000286647 0.0000300445 0.0000325470 0.0000356129 0.0000383212 0.0000393729 0.0000372101 0.0000303647 0.0000180811 0.0000011142 -0.0000176219 -0.0000330910 -0.0000393858 -0.0000322738 -0.0000122114 0.0000139546 0.0000345332 0.0000383297 0.0000216192 -0.0000077271 -0.0000330098 -0.0000383121 -0.0000193737 0.0000122570 0.0000359842 0.0000359842 0.0000122570 -0.0000193737 -0.0000383121 -0.0000330098 -0.0000077271 0.0000216192 0.0000383297 0.0000345332 0.0000139546 -0.0000122114 -0.0000322738
-0.0000373020 -0.0000937886 -0.0001195340 -0.0001127723 -0.0000814127 -0.0000373749 0.0000082579 0.0000479016 0.0000780086 0.0000982636 0.0001102964 0.0001164941 0.0001191634 0.0001200531 0.0001201341 0.0001195233 0.0001174763 0.0001124405 0.0001022256 0.0000843999 0.0000570248 0.0000197606 -0.0000248303 -0.0000702727 -0.0001062636 -0.0001207117 -0.0001040606 -0.0000549634 0.0000152532 0.0000828661 0.0001192420 0.0001043252 0.0000399804 -0.0000457174 -0.0001092502 -0.0001146636 -0.0000562290 0.0000347383 0.0001060856 0.0001158059 0.0000581240 -0.0000328655 -0.0001045023 -0.0001173579 -0.0000668920 0.0000172697 0.0000911085 0.0001206718 0.0000968722 0.0000349508
0.0002550527 0.0001123352 -0.0000577624 -0.0002033696 -0.0002919995 -0.0003146791 -0.0002809545 -0.0002100004 -0.0001223498 -0.0000345934 0.0000426485 0.0001043661 0.0001495933 0.0001795800 0.0001962431 0.0002010924 0.0001946346 0.0001762019 0.0001441805 0.0000966711 0.0000326324 -0.0000465112 -0.0001350378 -0.0002214648 -0.0002884536 -0.0003152625 -0.0002835232 -0.0001857959 -0.0000342238 0.0001354574 0.0002696653 0.0003146066 0.0002414985 0.0000678655 -0.0001394389 -0.0002877689 -0.0003025250 -0.0001696802 0.0000494057 0.0002447083 0.0003148405 0.0002228959 0.0000172113 -0.0001957848 -0.0003098875 -0.0002737131 -0.0001116105 0.0000963735 0.0002588697 0.0003151799
0.0005676302 0.0007008318 0.0006129150 0.0003566635 0.0000230977 -0.0002966495 -0.0005377546 -0.0006712758 -0.0006998611 -0.0006462905 -0.0005411965 -0.0004138409 -0.0002871535 -0.0001764291 -0.0000903363 -0.0000329095 -0.0000055722 -0.0000086478 -0.0000421112 -0.0001055039 -0.0001970181 -0.0003118552 -0.0004401529 -0.0005651013 -0.0006622854 -0.0007016295 -0.0006532130 -0.0004972859 -0.0002367879 0.0000920743 0.0004178477 0.0006467747 0.0006923174 0.0005141198 0.0001498180 -0.0002805969 -0.0006103558 -0.0006945441 -0.0004827006 -0.0000558143 0.0003995998 0.0006751743 0.0006420806 0.0003158779 -0.0001513863 -0.0005473682 -0.0007016067 -0.0005597923 -0.0001961575 0.0002336751
-0.0004111863 0.0003535715 0.0009840617 0.0013049348 0.0012627812 0.0009153479 0.0003870184 -0.0001837443 -0.0006848523 -0.0010502224 -0.0012602092 -0.0013300962 -0.0012946429 -0.0011944413 -0.0010667550 -0.0009410437 -0.0008380159 -0.0007706660 -0.0007459453 -0.0007661316 -0.0008293754 -0.0009292523 -0.0010534601 -0.0011821424 -0.0012867323 -0.0013306269 -0.0012732378 -0.0010786525 -0.0007288949 -0.0002394057 0.0003287038 0.0008674916 0.0012396496 0.0013170376 0.0010327579 0.0004276572 -0.0003343701 -0.0010021455 -0.0013234478 -0.0011528184 -0.0005312633 0.0003089165 0.0010294342 0.0013298946 0.0010830647 0.0003935429 -0.0004505250 -0.0011076715 -0.0013295246 -0.0010543008
-0.0021503921 -0.0017921101 -0.0008656998 0.0002991884 0.0013426875 0.0019946457 0.0021380324 0.0018077610 0.0011432838 0.0003243247 -0.0004847246 -0.0011680822 -0.0016680915 -0.0019774134 -0.0021228143 -0.0021480604 -0.0021003456 -0.0020217202 -0.0019449870 -0.0018926324 -0.0018772456 -0.0019022145 -0.0019619749 -0.0020416153 -0.0021161621 -0.0021503921 -0.0021004873 -0.0019191049 -0.0015651649 -0.0010185095 -0.0002973244 0.0005268938 0.0013249116 0.0019246318 0.0021503102 0.0018820114 0.0011184809 0.0000159350 -0.0011254634 -0.0019406477 -0.0021283087 -0.0015820728 -0.0004621979 0.0008384318 0.0018349347 0.0021442836 0.0016460326 0.0005338435 -0.0007671514 -0.0017772373
-0.0009151120 -0.0023238096 -0.0029493105 -0.0026321633 -0.0015296668 -0.0000215382 0.0014448739 0.0025015342 0.0029491267 0.0027732190 0.0021021070 0.0011368768 0.0000835104 -0.0008941552 -0.0016951383 -0.0022801259 -0.0026572594 -0.0028635837 -0.0029481830 -0.0029598489 -0.0029396454 -0.0029173304 -0.0029101429 -0.0029226250 -0.0029466414 -0.0029613646 -0.0029336357 -0.0028196975 -0.0025697191 -0.0021365537 -0.0014894799 -0.0006319653 0.0003802610 0.0014277284 0.0023314327 0.0028808883 0.0028881820 0.0022589430 0.0010577282 -0.0004635909 -0.0019023357 -0.0028138790 -0.0028671195 -0.0019891943 -0.0004311435 0.0012909705 0.0025727079 0.0029505394 0.0022860999 0.0008222227
0.0028114907 0.0011979377 -0.0008051376 -0.0025228322 -0.0034132051 -0.0032420424 -0.0021271359 -0.0004539299 0.0012846073 0.0026520826 0.0033795847 0.0033999195 0.0028151164 0.0018268023 0.0006616456 -0.0004854229 -0.0014811412 -0.0022592091 -0.0028091651 -0.0031580532 -0.0033519517 -0.0034412744 -0.0034709908 -0.0034751610 -0.0034744383 -0.0034751936 -0.0034693403 -0.0034345638 -0.0033353314 -0.0031256665 -0.0027550628 -0.0021788413 -0.0013734051 -0.0003549606 0.0008025783 0.0019579191 0.0029102492 0.0034324200 0.0033305797 0.0025195877 0.0010900015 -0.0006660366 -0.0022981937 -0.0033171356 -0.0033616848 -0.0023536692 -0.0005689990 0.0014232591 0.0029482950 0.0034730300
0.0028114907 0.0034730300 0.0029482950 0.0014232591 -0.0005689990 -0.0023536692 -0.0033616848 -0.0033171356 -0.0022981937 -0.0006660366 0.0010900015 0.0025195877 0.0033305797 0.0034324200 0.0029102492 0.0019579191 0.0008025783 -0.0003549606 -0.0013734051 -0.0021788413 -0.0027550628 -0.0031256665 -0.0033353314 -0.0034345638 -0.0034693403 -0.0034751936 -0.0034744383 -0.0034751610 -0.0034709908 -0.0034412744 -0.0033519517 -0.0031580532 -0.0028091651 -0.0022592091 -0.0014811412 -0.0004854229 0.0006616456 0.0018268023 0.0028151164 0.0033999195 0.0033795847 0.0026520826 0.0012846073 -0.0004539299 -0.0021271359 -0.0032420424 -0.0034132051 -0.0025228322 -0.0008051376 0.0011979377
-0.0009151120 0.0008222227 0.0022860999 0.0029505394 0.0025727079 0.0012909705 -0.0004311435 -0.0019891943 -0.0028671195 -0.0028138790 -0.0019023357 -0.0004635909 0.0010577282 0.0022589430 0.0028881820 0.0028808883 0.0023314327 0.0014277284 0.0003802610 -0.0006319653 -0.0014894799 -0.0021365537 -0.0025697191 -0.0028196975 -0.0029336357 -0.0029613646 -0.0029466414 -0.0029226250 -0.0029101429 -0.0029173304 -0.0029396454 -0.0029598489 -0.0029481830 -0.0028635837 -0.0026572594 -0.0022801259 -0.0016951383 -0.0008941552 0.0000835104 0.0011368768 0.0021021070 0.0027732190 0.0029491267 0.0025015342 0.0014448739 -0.0000215382 -0.0015296668 -0.0026321633 -0.0029493105 -0.0023238096
-0.0021503921 -0.0017772373 -0.0007671514 0.0005338435 0.0016460326 0.0021442836 0.0018349347 0.0008384318 -0.0004621979 -0.0015820728 -0.0021283087 -0.0019406477 -0.0011254634 0.0000159350 0.0011184809 0.0018820114 0.0021503102 0.0019246318 0.0013249116 0.0005268938 -0.0002973244 -0.0010185095 -0.0015651649 -0.0019191049 -0.0021004873 -0.0021503921 -0.0021161621 -0.0020416153 -0.0019619749 -0.0019022145 -0.0018772456 -0.0018926324 -0.0019449870 -0.0020217202 -0.0021003456 -0.0021480604 -0.0021228143 -0.0019774134 -0.0016680915 -0.0011680822 -0.0004847246 0.0003243247 0.0011432838 0.0018077610 0.0021380324 0.0019946457 0.0013426875 0.0002991884 -0.0008656998 -0.0017921101
-0.0004111863 -0.0010543008 -0.0013295246 -0.0011076715 -0.0004505250 0.0003935429 0.0010830647 0.0013298946 0.0010294342 0.0003089165 -0.0005312633 -0.0011528184 -0.0013234478 -0.0010021455 -0.0003343701 0.0004276572 0.0010327579 0.0013170376 0.0012396496 0.0008674916 0.0003287038 -0.0002394057 -0.0007288949 -0.0010786525 -0.0012732378 -0.0013306269 -0.0012867323 -0.0011821424 -0.0010534601 -0.0009292523 -0.0008293754 -0.0007661316 -0.0007459453 -0.0007706660 -0.0008380159 -0.0009410437 -0.0010667550 -0.0011944413 -0.0012946429 -0.0013300962 -0.0012602092 -0.0010502224 -0.0006848523 -0.0001837443 0.0003870184 0.0009153479 0.0012627812 0.0013049348 0.0009840617 0.0003535715
0.0005676302 0.0002336751 -0.0001961575 -0.0005597923 -0.0007016067 -0.0005473682 -0.0001513863 0.0003158779 0.0006420806 0.0006751743 0.0003995998 -0.0000558143 -0.0004827006 -0.0006945441 -0.0006103558 -0.0002805969 0.0001498180 0.0005141198 0.0006923174 0.0006467747 0.0004178477 0.0000920743 -0.0002367879 -0.0004972859 -0.0006532130 -0.0007016295 -0.0006622854 -0.0005651013 -0.0004401529 -0.0003118552 -0.0001970181 -0.0001055039 -0.0000421112 -0.0000086478 -0.0000055722 -0.0000329095 -0.0000903363 -0.0001764291 -0.0002871535 -0.0004138409 -0.0005411965 -0.0006462905 -0.0006998611 -0.0006712758 -0.0005377546 -0.0002966495 0.0000230977 0.0003566635 0.0006129150 0.0007008318
0.0002550527 0.0003151799 0.0002588697 0.0000963735 -0.0001116105 -0.0002737131 -0.0003098875 -0.0001957848 0.0000172113 0.0002228959 0.0003148405 0.0002447083 0.0000494057 -0.0001696802 -0.0003025250 -0.0002877689 -0.0001394389 0.0000678655 0.0002414985 0.0003146066 0.0002696653 0.0001354574 -0.0000342238 -0.0001857959 -0.0002835232 -0.0003152625 -0.0002884536 -0.0002214648 -0.0001350378 -0.0000465112 0.0000326324 0.0000966711 0.0001441805 0.0001762019 0.0001946346 0.0002010924 0.0001962431 0.0001795800 0.0001495933 0.0001043661 0.0000426485 -0.0000345934 -0.0001223498 -0.0002100004 -0.0002809545 -0.0003146791 -0.0002919995 -0.0002033696 -0.0000577624 0.0001123352
-0.0000373020 0.0000349508 0.0000968722 0.0001206718 0.0000911085 0.0000172697 -0.0000668920 -0.0001173579 -0.0001045023 -0.0000328655 0.0000581240 0.0001158059 0.0001060856 0.0000347383 -0.0000562290 -0.0001146636 -0.0001092502 -0.0000457174 0.0000399804 0.0001043252 0.0001192420 0.0000828661 0.0000152532 -0.0000549634 -0.0001040606 -0.0001207117 -0.0001062636 -0.0000702727 -0.0000248303 0.0000197606 0.0000570248 0.0000843999 0.0001022256 0.0001124405 0.0001174763 0.0001195233 0.0001201341 0.0001200531 0.0001191634 0.0001164941 0.0001102964 0.0000982636 0.0000780086 0.0000479016 0.0000082579 -0.0000373749 -0.0000814127 -0.0001127723 -0.0001195340 -0.0000937886
-0.0000393858 -0.0000322738 -0.0000122114 0.0000139546 0.0000345332 0.0000383297 0.0000216192 -0.0000077271 -0.0000330098 -0.0000383121 -0.0000193737 0.0000122570 0.0000359842 0.0000359842 0.0000122570 -0.0000193737 -0.0000383121 -0.0000330098 -0.0000077271 0.0000216192 0.0000383297 0.0000345332 0.0000139546 -0.0000122114 -0.0000322738 -0.0000393858 -0.0000330910 -0.0000176219 0.0000011142 0.0000180811 0.0000303647 0.0000372101 0.0000393729 0.0000383212 0.0000356129 0.0000325470 0.0000300445 0.0000286647 0.0000286647 0.0000300445 0.0000325470 0.0000356129 0.0000383212 0.0000393729 0.0000372101 0.0000303647 0.0000180811 0.0000011142 -0.0000176219 -0.0000330910
-0.0001207117 -0.0001062636 -0.0000702727 -0.0000248303 0.0000197606 0.0000570248 0.0000843999 0.0001022256 0.0001124405 0.0001174763 0.0001195233 0.0001201341 0.0001200531 0.0001191634 0.0001164941 0.0001102964 0.0000982636 0.0000780086 0.0000479016 0.0000082579 -0.0000373749 -0.0000814127 -0.0001127723 -0.0001195340 -0.0000937886 -0.0000373020 0.0000349508 0.0000968722 0.0001206718 0.0000911085 0.0000172697 -0.0000668920 -0.0001173579 -0.0001045023 -0.0000328655 0.0000581240 0.0001158059 0.0001060856 0.0000347383 -0.0000562290 -0.0001146636 -0.0001092502 -0.0000457174 0.0000399804 0.0001043252 0.0001192420 0.0000828661 0.0000152532 -0.0000549634 -0.0001040606
-0.0001143251 -0.0002681955 -0.0003537335 -0.0003668788 -0.0003214146 -0.0002392184 -0.0001420702 -0.0000468572 0.0000359239 0.0001014323 0.0001487268 0.0001788800 0.0001934456 0.0001934456 0.0001788800 0.0001487268 0.0001014323 0.0000359239 -0.0000468572 -0.0001420702 -0.0002392184 -0.0003214146 -0.0003668788 -0.0003537335 -0.0002681955 -0.0001143251 0.0000788732 0.0002586023 0.0003618582 0.0003403267 0.0001876293 -0.0000460286 -0.0002652570 -0.0003687465 -0.0003007378 -0.0000865954 0.0001720564 0.0003458769 0.0003458769 0.0001720564 -0.0000865954 -0.0003007378 -0.0003687465 -0.0002652570 -0.0000460286 0.0001876293 0.0003403267 0.0003618582 0.0002586023 0.0000788732
0.0007816993 0.0004143822 -0.0000258557 -0.0004338492 -0.0007395909 -0.0009148939 -0.0009662023 -0.0009211277 -0.0008151124 -0.0006817894 -0.0005479176 -0.0004320724 -0.0003456438 -0.0002947638 -0.0002821757 -0.0003084628 -0.0003723644 -0.0004701210 -0.0005939744 -0.0007301919 -0.0008573320 -0.0009458911 -0.0009607875 -0.0008680134 -0.0006458036 -0.0002985826 0.0001309414 0.0005586522 0.0008720549 0.0009622821 0.0007688568 0.0003202788 -0.0002525152 -0.0007473156 -0.0009649477 -0.0007996941 -0.0003014733 0.0003292567 0.0008221148 0.0009594205 0.0006797977 0.0001079244 -0.0005056720 -0.0009023410 -0.0009292259 -0.0005948947 -0.0000476709 0.0005018518 0.0008700760 0.0009612314
0.0017397037 0.0021331838 0.0020194073 0.0014949895 0.0007281445 -0.0001036317 -0.0008584966 -0.0014508119 -0.0018506322 -0.0020704646 -0.0021478376 -0.0021296729 -0.0020612666 -0.0019801737 -0.0019138724 -0.0018796424 -0.0018852492 -0.0019294657 -0.0020019808 -0.0020827653 -0.0021414913 -0.0021381092 -0.0020260712 -0.0017597242 -0.0013067116 -0.0006645077 0.0001225719 0.0009527196 0.0016711963 0.0020976079 0.0020768598 0.0015432905 0.0005749061 -0.0005918876 -0.0016096162 -0.0021285307 -0.0019339923 -0.0010544618 0.0002179753 0.0014201629 0.0020956017 0.0019824390 0.0011247741 -0.0001462320 -0.0013522756 -0.0020620802 -0.0020516108 -0.0013658887 -0.0002699175 0.0008737757
-0.0012602261 0.0007703750 0.0025481213 0.0037030012 0.0040780459 0.0037172751 0.0028027961 0.0015750358 0.0002638848 -0.0009546339 -0.0019743897 -0.0027543293 -0.0033021688 -0.0036548752 -0.0038613217 -0.0039694869 -0.0040183579 -0.0040335313 -0.0040252166 -0.0039876229 -0.0038992944 -0.0037246430 -0.0034175546 -0.0029283334 -0.0022151453 -0.0012602261 -0.0000891997 0.0012110010 0.0024831847 0.0035092824 0.0040458289 0.0038865992 0.0029416329 0.0013081664 -0.0006999584 -0.0025941503 -0.0038329853 -0.0039984487 -0.0029664265 -0.0009966193 0.0013135032 0.0032138155 0.0040648689 0.0035753960 0.0019132481 -0.0003587193 -0.0024936990 -0.0038283740 -0.0039983260 -0.0030251090
-0.0065906382 -0.0057625857 -0.0035666649 -0.0006309799 0.0023330533 0.0047257187 0.0061789834 0.0065860824 0.0060578848 0.0048399776 0.0032246904 0.0014818101 -0.0001819978 -0.0016363311 -0.0028203627 -0.0037255207 -0.0043752143 -0.0048065180 -0.0050560689 -0.0051505720 -0.0051013852 -0.0049025053 -0.0045316135 -0.0039543630 -0.0031325224 -0.0020366192 -0.0006630747 0.0009457427 0.0026825692 0.0043642737 0.0057378294 0.0065117791 0.0064170123 0.0052908060 0.0031646466 0.0003240896 -0.0026949550 -0.0051978309 -0.0065067184 -0.0061781803 -0.0041886562 -0.0010069022 0.0024981471 0.0053050585 0.0065663425 0.0058945905 0.0034965971 0.0001015373 -0.0032878158 -0.0057224899
-0.0028046849 -0.0066565208 -0.0087990047 -0.0088148684 -0.0068505066 -0.0034975699 0.0004272535 0.0041185226 0.0069631070 0.0086297108 0.0090678202 0.0084428898 0.0070438600 0.0051943973 0.0031871463 0.0012473502 -0.0004773453 -0.0019088714 -0.0030212080 -0.0038203643 -0.0043263567 -0.0045593874 -0.0045308911 -0.0042393954 -0.0036710262 -0.0028046849 -0.0016220775 -0.0001225557 0.0016581647 0.0036280565 0.0056226548 0.0074002608 0.0086572912 0.0090710840 0.0083716527 0.0064333859 0.0033644777 -0.0004392184 -0.0043113484 -0.0074257541 -0.0089941232 -0.0085057968 -0.0059329051 -0.0018162314 0.0028248058 0.0067548769 0.0088850112 0.0086125210 0.0060149396 0.0018248704
0.0086168090 0.0044481659 -0.0008119573 -0.0058097865 -0.0093385198 -0.0106488648 -0.0095929786 -0.0065810341 -0.0023945441 0.0020619924 0.0059879856 0.0088355579 0.0103614861 0.0105964350 0.0097640667 0.0081853253 0.0061948538 0.0040837402 0.0020711364 0.0002996452 -0.0011538216 -0.0022598549 -0.0030172244 -0.0034362554 -0.0035267817 -0.0032913282 -0.0027236278 -0.0018124713 -0.0005508767 0.0010496976 0.0029411974 0.0050195414 0.0071087821 0.0089560412 0.0102457410 0.0106405130 0.0098510665 0.0077276904 0.0043533909 0.0001070643 -0.0043391248 -0.0081146066 -0.0103384727 -0.0103649238 -0.0080152238 -0.0037094835 0.0015710284 0.0065086323 0.0098086316 0.0105815891
0.0086168090 0.0105815891 0.0098086316 0.0065086323 0.0015710284 -0.0037094835 -0.0080152238 -0.0103649238 -0.0103384727 -0.0081146066 -0.0043391248 0.0001070643 0.0043533909 0.0077276904 0.0098510665 0.0106405130 0.0102457410 0.0089560412 0.0071087821 0.0050195414 0.0029411974 0.0010496976 -0.0005508767 -0.0018124713 -0.0027236278 -0.0032913282 -0.0035267817 -0.0034362554 -0.0030172244 -0.0022598549 -0.0011538216 0.0002996452 0.0020711364 0.0040837402 0.0061948538 0.0081853253 0.0097640667 0.0105964350 0.0103614861 0.0088355579 0.0059879856 0.0020619924 -0.0023945441 -0.0065810341 -0.0095929786 -0.0106488648 -0.0093385198 -0.0058097865 -0.0008119573 0.0044481659
-0.0028046849 0.0018248704 0.0060149396 0.0086125210 0.0088850112 0.0067548769 0.0028248058 -0.0018162314 -0.0059329051 -0.0085057968 -0.0089941232 -0.0074257541 -0.0043113484 -0.0004392184 0.0033644777 0.0064333859 0.0083716527 0.0090710840 0.0086572912 0.0074002608 0.0056226548 0.0036280565 0.0016581647 -0.0001225557 -0.0016220775 -0.0028046849 -0.0036710262 -0.0042393954 -0.0045308911 -0.0045593874 -0.0043263567 -0.0038203643 -0.0030212080 -0.0019088714 -0.0004773453 0.0012473502 0.0031871463 0.0051943973 0.0070438600 0.0084428898 0.0090678202 0.0086297108 0.0069631070 0.0041185226 0.0004272535 -0.0034975699 -0.0068505066 -0.0088148684 -0.0087990047 -0.0066565208
-0.0065906382 -0.0057224899 -0.0032878158 0.0001015373 0.0034965971 0.0058945905 0.0065663425 0.0053050585 0.0024981471 -0.0010069022 -0.0041886562 -0.0061781803 -0.0065067184 -0.0051978309 -0.0026949550 0.0003240896 0.0031646466 0.0052908060 0.0064170123 0.0065117791 0.0057378294 0.0043642737 0.0026825692 0.0009457427 -0.0006630747 -0.0020366192 -0.0031325224 -0.0039543630 -0.0045316135 -0.0049025053 -0.0051013852 -0.0051505720 -0.0050560689 -0.0048065180 -0.0043752143 -0.0037255207 -0.0028203627 -0.0016363311 -0.0001819978 0.0014818101 0.0032246904 0.0048399776 0.0060578848 0.0065860824 0.0061789834 0.0047257187 0.0023330533 -0.0006309799 -0.0035666649 -0.0057625857
-0.0012602261 -0.0030251090 -0.0039983260 -0.0038283740 -0.0024936990 -0.0003587193 0.0019132481 0.0035753960 0.0040648689 0.0032138155 0.0013135032 -0.0009966193 -0.0029664265 -0.0039984487 -0.0038329853 -0.0025941503 -0.0006999584 0.0013081664 0.0029416329 0.0038865992 0.0040458289 0.0035092824 0.0024831847 0.0012110010 -0.0000891997 -0.0012602261 -0.0022151453 -0.0029283334 -0.0034175546 -0.0037246430 -0.0038992944 -0.0039876229 -0.0040252166 -0.0040335313 -0.0040183579 -0.0039694869 -0.0038613217 -0.0036548752 -0.0033021688 -0.0027543293 -0.0019743897 -0.0009546339 0.0002638848 0.0015750358 0.0028027961 0.0037172751 0.0040780459 0.0037030012 0.0025481213 0.0007703750
0.0017397037 0.0008737757 -0.0002699175 -0.0013658887 -0.0020516108 -0.0020620802 -0.0013522756 -0.0001462320 0.0011247741 0.0019824390 0.0020956017 0.0014201629 0.0002179753 -0.0010544618 -0.0019339923 -0.0021285307 -0.0016096162 -0.0005918876 0.0005749061 0.0015432905 0.0020768598 0.0020976079 0.0016711963 0.0009527196 0.0001225719 -0.0006645077 -0.0013067116 -0.0017597242 -0.0020260712 -0.0021381092 -0.0021414913 -0.0020827653 -0.0020019808 -0.0019294657 -0.0018852492 -0.0018796424 -0.0019138724 -0.0019801737 -0.0020612666 -0.0021296729 -0.0021478376 -0.0020704646 -0.0018506322 -0.0014508119 -0.0008584966 -0.0001036317 0.0007281445 0.0014949895 0.0020194073 0.0021331838
0.0007816993 0.0009612314 0.0008700760 0.0005018518 -0.0000476709 -0.0005948947 -0.0009292259 -0.0009023410 -0.0005056720 0.0001079244 0.0006797977 0.0009594205 0.0008221148 0.0003292567 -0.0003014733 -0.0007996941 -0.0009649477 -0.0007473156 -0.0002525152 0.0003202788 0.0007688568 0.0009622821 0.0008720549 0.0005586522 0.0001309414 -0.0002985826 -0.0006458036 -0.0008680134 -0.0009607875 -0.0009458911 -0.0008573320 -0.0007301919 -0.0005939744 -0.0004701210 -0.0003723644 -0.0003084628 -0.0002821757 -0.0002947638 -0.0003456438 -0.0004320724 -0.0005479176 -0.0006817894 -0.0008151124 -0.0009211277 -0.0009662023 -0.0009148939 -0.0007395909 -0.0004338492 -0.0000258557 0.0004143822
-0.0001143251 0.0000788732 0.0002586023 0.0003618582 0.0003403267 0.0001876293 -0.0000460286 -0.0002652570 -0.0003687465 -0.0003007378 -0.0000865954 0.0001720564 0.0003458769 0.0003458769 0.0001720564 -0.0000865954 -0.0003007378 -0.0003687465 -0.0002652570 -0.0000460286 0.0001876293 0.0003403267 0.0003618582 0.0002586023 0.0000788732 -0.0001143251 -0.0002681955 -0.0003537335 -0.0003668788 -0.0003214146 -0.0002392184 -0.0001420702 -0.0000468572 0.0000359239 0.0001014323 0.0001487268 0.0001788800 0.0001934456 0.0001934456 0.0001788800 0.0001487268 0.0001014323 0.0000359239 -0.0000468572 -0.0001420702 -0.0002392184 -0.0003214146 -0.0003668788 -0.0003537335 -0.0002681955
-0.0001207117 -0.0001040606 -0.0000549634 0.0000152532 0.0000828661 0.0001192420 0.0001043252 0.0000399804 -0.0000457174 -0.0001092502 -0.0001146636 -0.0000562290 0.0000347383 0.0001060856 0.0001158059 0.0000581240 -0.0000328655 -0.0001045023 -0.0001173579 -0.0000668920 0.0000172697 0.0000911085 0.0001206718 0.0000968722 0.0000349508 -0.0000373020 -0.0000937886 -0.0001195340 -0.0001127723 -0.0000814127 -0.0000373749 0.0000082579 0.0000479016 0.0000780086 0.0000982636 0.0001102964 0.0001164941 0.0001191634 0.0001200531 0.0001201341 0.0001195233 0.0001174763 0.0001124405 0.0001022256 0.0000843999 0.0000570248 0.0000197606 -0.0000248303 -0.0000702727 -0.0001062636
-0.0003152625 -0.0002884536 -0.0002214648 -0.0001350378 -0.0000465112 0.0000326324 0.0000966711 0.0001441805 0.0001762019 0.0001946346 0.0002010924 0.0001962431 0.0001795800 0.0001495933 0.0001043661 0.0000426485 -0.0000345934 -0.0001223498 -0.0002100004 -0.0002809545 -0.0003146791 -0.0002919995 -0.0002033696 -0.0000577624 0.0001123352 0.0002550527 0.0003151799 0.0002588697 0.0000963735 -0.0001116105 -0.0002737131 -0.0003098875 -0.0001957848 0.0000172113 0.0002228959 0.0003148405 0.0002447083 0.0000494057 -0.0001696802 -0.0003025250 -0.0002877689 -0.0001394389 0.0000678655 0.0002414985 0.0003146066 0.0002696653 0.0001354574 -0.0000342238 -0.0001857959 -0.0002835232
-0.0002985826 -0.0006458036 -0.0008680134 -0.0009607875 -0.0009458911 -0.0008573320 -0.0007301919 -0.0005939744 -0.0004701210 -0.0003723644 -0.0003084628 -0.0002821757 -0.0002947638 -0.0003456438 -0.0004320724 -0.0005479176 -0.0006817894 -0.0008151124 -0.0009211277 -0.0009662023 -0.0009148939 -0.0007395909 -0.0004338492 -0.0000258557 0.0004143822 0.0007816993 0.0009612314 0.0008700760 0.0005018518 -0.0000476709 -0.0005948947 -0.0009292259 -0.0009023410 -0.0005056720 0.0001079244 0.0006797977 0.0009594205 0.0008221148 0.0003292567 -0.0003014733 -0.0007996941 -0.0009649477 -0.0007473156 -0.0002525152 0.0003202788 0.0007688568 0.0009622821 0.0008720549 0.0005586522 0.0001309414
0.0020415612 0.0012585631 0.0003289744 -0.0005757635 -0.0013387560 -0.0019042047 -0.0022675164 -0.0024580422 -0.0025216395 -0.0025070851 -0.0024575041 -0.0024061448 -0.0023750364 -0.0023750364 -0.0024061448 -0.0024575041 -0.0025070851 -0.0025216395 -0.0024580422 -0.0022675164 -0.0019042047 -0.0013387560 -0.0005757635 0.0003289744 0.0012585631 0.0020415612 0.0024824198 0.0024163829 0.0017776128 0.0006564395 -0.0006850831 -0.0018630812 -0.0024874144 -0.0023096763 -0.0013434695 0.0001053318 0.0015291023 0.0024055096 0.0024055096 0.0015291023 0.0001053318 -0.0013434695 -0.0023096763 -0.0024874144 -0.0018630812 -0.0006850831 0.0006564395 0.0017776128 0.0024163829 0.0024824198
0.0045435781 0.0054980024 0.0055115414 0.0047385265 0.0034342794 0.0018735148 0.0002914905 -0.0011458546 -0.0023466234 -0.0032812250 -0.0039632238 -0.0044296024 -0.0047243014 -0.0048863769 -0.0049425303 -0.0049031172 -0.0047608036 -0.0044915064 -0.0040578770 -0.0034161029 -0.0025269492 -0.0013714609 0.0000296710 0.0015964527 0.0031759669 0.0045435781 0.0054279776 0.0055651319 0.0047769762 0.0030574263 0.0006354654 -0.0020200579 -0.0042795404 -0.0055143160 -0.0053020452 -0.0036046255 -0.0008396112 0.0022053913 0.0046064118 0.0056096017 0.0048948879 0.0026905856 -0.0003085035 -0.0031855119 -0.0051092989 -0.0055877112 -0.0045813223 -0.0024568525 0.0001777018 0.0026794279
-0.0032913282 0.0011812993 0.0052682083 0.0083631665 0.0101615963 0.0106442500 0.0100034901 0.0085480218 0.0066152892 0.0045083658 0.0024619688 0.0006336682 -0.0008876847 -0.0020646733 -0.0028918384 -0.0033783033 -0.0035347225 -0.0033653889 -0.0028656739 -0.0020247985 -0.0008339359 0.0007005427 0.0025395582 0.0045918352 0.0066968283 0.0086168090 0.0100465152 0.0106482524 0.0101161292 0.0082643715 0.0051223660 0.0010068063 -0.0034649612 -0.0074500402 -0.0100508377 -0.0105536638 -0.0086703071 -0.0046967488 0.0004867703 0.0056046048 0.0093253925 0.0106504290 0.0092189207 0.0054205405 0.0002739133 -0.0048843261 -0.0087884492 -0.0105789542 -0.0099841931 -0.0073130514
-0.0172127466 -0.0156617063 -0.0114700358 -0.0055997497 0.0008486907 0.0068803537 0.0117691750 0.0151236556 0.0168678060 0.0171672876 0.0163341155 0.0147368266 0.0127321134 0.0106232508 0.0086428997 0.0069538097 0.0056599476 0.0048215072 0.0044689851 0.0046132574 0.0052500104 0.0063579143 0.0078907843 0.0097649032 0.0118439238 0.0139254045 0.0157348400 0.0169344335 0.0171538214 0.0160473050 0.0133759554 0.0091033059 0.0034820724 -0.0028996423 -0.0091455640 -0.0141736827 -0.0169307035 -0.0166609743 -0.0131598970 -0.0069262053 0.0008588731 0.0085521164 0.0144294256 0.0171264841 0.0160059793 0.0113334791 0.0042038435 -0.0037573996 -0.0108203524 -0.0155719713
-0.0073249856 -0.0160605808 -0.0217841283 -0.0237038684 -0.0218055362 -0.0167365598 -0.0095682978 -0.0015173334 0.0063010070 0.0130400062 0.0181947908 0.0215930535 0.0233302391 0.0236797391 0.0230035705 0.0216797663 0.0200532209 0.0184094186 0.0169661720 0.0158768965 0.0152392283 0.0151040552 0.0154816109 0.0163428346 0.0176156302 0.0191770611 0.0208439991 0.0223663388 0.0234283814 0.0236648877 0.0226978057 0.0201968788 0.0159615893 0.0100133448 0.0026770460 -0.0053766467 -0.0131585212 -0.0194787185 -0.0231554786 -0.0232846710 -0.0195092270 -0.0122085605 -0.0025326165 0.0077614115 0.0166553235 0.0223228419 0.0235688331 0.0201276633 0.0127305042 0.0029209016
0.0225044897 0.0135733716 0.0022560211 -0.0093154377 -0.0190952156 -0.0255309875 -0.0278147462 -0.0259376703 -0.0205673910 -0.0128086706 -0.0039254411 0.0049060984 0.0127684603 0.0190828909 0.0236083827 0.0263844108 0.0276461232 0.0277366101 0.0270326467 0.0258915071 0.0246193983 0.0234576484 0.0225808900 0.0221014238 0.0220749675 0.0225044897 0.0233404344 0.0244772438 0.0257476897 0.0269181331 0.0276893532 0.0277086847 0.0265993092 0.0240108939 0.0196916717 0.0135752870 0.0058670498 -0.0028942191 -0.0118273555 -0.0197787413 -0.0254831187 -0.0278035306 -0.0260088929 -0.0200217137 -0.0105577946 0.0009064169 0.0123631625 0.0216665502 0.0270006613 0.0273000660
0.0225044897 0.0273000660 0.0270006613 0.0216665502 0.0123631625 0.0009064169 -0.0105577946 -0.0200217137 -0.0260088929 -0.0278035306 -0.0254831187 -0.0197787413 -0.0118273555 -0.0028942191 0.0058670498 0.0135752870 0.0196916717 0.0240108939 0.0265993092 0.0277086847 0.0276893532 0.0269181331 0.0257476897 0.0244772438 0.0233404344 0.0225044897 0.0220749675 0.0221014238 0.0225808900 0.0234576484 0.0246193983 0.0258915071 0.0270326467 0.0277366101 0.0276461232 0.0263844108 0.0236083827 0.0190828909 0.0127684603 0.0049060984 -0.0039254411 -0.0128086706 -0.0205673910 -0.0259376703 -0.0278147462 -0.0255309875 -0.0190952156 -0.0093154377 0.0022560211 0.0135733716
-0.0073249856 0.0029209016 0.0127305042 0.0201276633 0.0235688331 0.0223228419 0.0166553235 0.0077614115 -0.0025326165 -0.0122085605 -0.0195092270 -0.0232846710 -0.0231554786 -0.0194787185 -0.0131585212 -0.0053766467 0.0026770460 0.0100133448 0.0159615893 0.0201968788 0.0226978057 0.0236648877 0.0234283814 0.0223663388 0.0208439991 0.0191770611 0.0176156302 0.0163428346 0.0154816109 0.0151040552 0.0152392283 0.0158768965 0.0169661720 0.0184094186 0.0200532209 0.0216797663 0.0230035705 0.0236797391 0.0233302391 0.0215930535 0.0181947908 0.0130400062 0.0063010070 -0.0015173334 -0.0095682978 -0.0167365598 -0.0218055362 -0.0237038684 -0.0217841283 -0.0160605808
-0.0172127466 -0.0155719713 -0.0108203524 -0.0037573996 0.0042038435 0.0113334791 0.0160059793 0.0171264841 0.0144294256 0.0085521164 0.0008588731 -0.0069262053 -0.0131598970 -0.0166609743 -0.0169307035 -0.0141736827 -0.0091455640 -0.0028996423 0.0034820724 0.0091033059 0.0133759554 0.0160473050 0.0171538214 0.0169344335 0.0157348400 0.0139254045 0.0118439238 0.0097649032 0.0078907843 0.0063579143 0.0052500104 0.0046132574 0.0044689851 0.0048215072 0.0056599476 0.0069538097 0.0086428997 0.0106232508 0.0127321134 0.0147368266 0.0163341155 0.0171672876 0.0168678060 0.0151236556 0.0117691750 0.0068803537 0.0008486907 -0.0055997497 -0.0114700358 -0.0156617063
-0.0032913282 -0.0073130514 -0.0099841931 -0.0105789542 -0.0087884492 -0.0048843261 0.0002739133 0.0054205405 0.0092189207 0.0106504290 0.0093253925 0.0056046048 0.0004867703 -0.0046967488 -0.0086703071 -0.0105536638 -0.0100508377 -0.0074500402 -0.0034649612 0.0010068063 0.0051223660 0.0082643715 0.0101161292 0.0106482524 0.0100465152 0.0086168090 0.0066968283 0.0045918352 0.0025395582 0.0007005427 -0.0008339359 -0.0020247985 -0.0028656739 -0.0033653889 -0.0035347225 -0.0033783033 -0.0028918384 -0.0020646733 -0.0008876847 0.0006336682 0.0024619688 0.0045083658 0.0066152892 0.0085480218 0.0100034901 0.0106442500 0.0101615963 0.0083631665 0.0052682083 0.0011812993
0.0045435781 0.0026794279 0.0001777018 -0.0024568525 -0.0045813223 -0.0055877112 -0.0051092989 -0.0031855119 -0.0003085035 0.0026905856 0.0048948879 0.0056096017 0.0046064118 0.0022053913 -0.0008396112 -0.0036046255 -0.0053020452 -0.0055143160 -0.0042795404 -0.0020200579 0.0006354654 0.0030574263 0.0047769762 0.0055651319 0.0054279776 0.0045435781 0.0031759669 0.0015964527 0.0000296710 -0.0013714609 -0.0025269492 -0.0034161029 -0.0040578770 -0.0044915064 -0.0047608036 -0.0049031172 -0.0049425303 -0.0048863769 -0.0047243014 -0.0044296024 -0.0039632238 -0.0032812250 -0.0023466234 -0.0011458546 0.0002914905 0.0018735148 0.0034342794 0.0047385265 0.0055115414 0.0054980024
0.0020415612 0.0024824198 0.0024163829 0.0017776128 0.0006564395 -0.0006850831 -0.0018630812 -0.0024874144 -0.0023096763 -0.0013434695 0.0001053318 0.0015291023 0.0024055096 0.0024055096 0.0015291023 0.0001053318 -0.0013434695 -0.0023096763 -0.0024874144 -0.0018630812 -0.0006850831 0.0006564395 0.0017776128 0.0024163829 0.0024824198 0.0020415612 0.0012585631 0.0003289744 -0.0005757635 -0.0013387560 -0.0019042047 -0.0022675164 -0.0024580422 -0.0025216395 -0.0025070851 -0.0024575041 -0.0024061448 -0.0023750364 -0.0023750364 -0.0024061448 -0.0024575041 -0.0025070851 -0.0025216395 -0.0024580422 -0.0022675164 -0.0019042047 -0.0013387560 -0.0005757635 0.0003289744 0.0012585631
-0.0002985826 0.0001309414 0.0005586522 0.0008720549 0.0009622821 0.0007688568 0.0003202788 -0.0002525152 -0.0007473156 -0.0009649477 -0.0007996941 -0.0003014733 0.0003292567 0.0008221148 0.0009594205 0.0006797977 0.0001079244 -0.0005056720 -0.0009023410 -0.0009292259 -0.0005948947 -0.0000476709 0.0005018518 0.0008700760 0.0009612314 0.0007816993 0.0004143822 -0.0000258557 -0.0004338492 -0.0007395909 -0.0009148939 -0.0009662023 -0.0009211277 -0.0008151124 -0.0006817894 -0.0005479176 -0.0004320724 -0.0003456438 -0.0002947638 -0.0002821757 -0.0003084628 -0.0003723644 -0.0004701210 -0.0005939744 -0.0007301919 -0.0008573320 -0.0009458911 -0.0009607875 -0.0008680134 -0.0006458036
-0.0003152625 -0.0002835232 -0.0001857959 -0.0000342238 0.0001354574 0.0002696653 0.0003146066 0.0002414985 0.0000678655 -0.0001394389 -0.0002877689 -0.0003025250 -0.0001696802 0.0000494057 0.0002447083 0.0003148405 0.0002228959 0.0000172113 -0.0001957848 -0.0003098875 -0.0002737131 -0.0001116105 0.0000963735 0.0002588697 0.0003151799 0.0002550527 0.0001123352 -0.0000577624 -0.0002033696 -0.0002919995 -0.0003146791 -0.0002809545 -0.0002100004 -0.0001223498 -0.0000345934 0.0000426485 0.0001043661 0.0001495933 0.0001795800 0.0001962431 0.0002010924 0.0001946346 0.0001762019 0.0001441805 0.0000966711 0.0000326324 -0.0000465112 -0.0001350378 -0.0002214648 -0.0002884536
-0.0007016295 -0.0006622854 -0.0005651013 -0.0004401529 -0.0003118552 -0.0001970181 -0.0001055039 -0.0000421112 -0.0000086478 -0.0000055722 -0.0000329095 -0.0000903363 -0.0001764291 -0.0002871535 -0.0004138409 -0.0005411965 -0.0006462905 -0.0006998611 -0.0006712758 -0.0005377546 -0.0002966495 0.0000230977 0.0003566635 0.0006129150 0.0007008318 0.0005676302 0.0002336751 -0.0001961575 -0.0005597923 -0.0007016067 -0.0005473682 -0.0001513863 0.0003158779 0.0006420806 0.0006751743 0.0003995998 -0.0000558143 -0.0004827006 -0.0006945441 -0.0006103558 -0.0002805969 0.0001498180 0.0005141198 0.0006923174 0.0006467747 0.0004178477 0.0000920743 -0.0002367879 -0.0004972859 -0.0006532130
-0.0006645077 -0.0013067116 -0.0017597242 -0.0020260712 -0.0021381092 -0.0021414913 -0.0020827653 -0.0020019808 -0.0019294657 -0.0018852492 -0.0018796424 -0.0019138724 -0.0019801737 -0.0020612666 -0.0021296729 -0.0021478376 -0.0020704646 -0.0018506322 -0.0014508119 -0.0008584966 -0.0001036317 0.0007281445 0.0014949895 0.0020194073 0.0021331838 0.0017397037 0.0008737757 -0.0002699175 -0.0013658887 -0.0020516108 -0.0020620802 -0.0013522756 -0.0001462320 0.0011247741 0.0019824390 0.0020956017 0.0014201629 0.0002179753 -0.0010544618 -0.0019339923 -0.0021285307 -0.0016096162 -0.0005918876 0.0005749061 0.0015432905 0.0020768598 0.0020976079 0.0016711963 0.0009527196 0.0001225719
0.0045435781 0.0031759669 0.0015964527 0.0000296710 -0.0013714609 -0.0025269492 -0.0034161029 -0.0040578770 -0.0044915064 -0.0047608036 -0.0049031172 -0.0049425303 -0.0048863769 -0.0047243014 -0.0044296024 -0.0039632238 -0.0032812250 -0.0023466234 -0.0011458546 0.0002914905 0.0018735148 0.0034342794 0.0047385265 0.0055115414 0.0054980024 0.0045435781 0.0026794279 0.0001777018 -0.0024568525 -0.0045813223 -0.0055877112 -0.0051092989 -0.0031855119 -0.0003085035 0.0026905856 0.0048948879 0.0056096017 0.0046064118 0.0022053913 -0.0008396112 -0.0036046255 -0.0053020452 -0.0055143160 -0.0042795404 -0.0020200579 0.0006354654 0.0030574263 0.0047769762 0.0055651319 0.0054279776
0.0101119191 0.0119969194 0.0124910008 0.0118200090 0.0103135590 0.0083206334 0.0061510381 0.0040452618 0.0021679537 0.0006170837 -0.0005591327 -0.0013437427 -0.0017350146 -0.0017350146 -0.0013437427 -0.0005591327 0.0006170837 0.0021679537 0.0040452618 0.0061510381 0.0083206334 0.0103135590 0.0118200090 0.0124910008 0.0119969194 0.0101119191 0.0068104789 0.0023500536 -0.0026947369 -0.0074792814 -0.0110338669 -0.0124916173 -0.0113474007 -0.0076668133 -0.0021606314 0.0039289362 0.0091232092 0.0121067628 0.0121067628 0.0091232092 0.0039289362 -0.0021606314 -0.0076668133 -0.0113474007 -0.0124916173 -0.0110338669 -0.0074792814 -0.0026947369 0.0023500536 0.0068104789
-0.0073249856 0.0007639440 0.0083481938 0.0146744380 0.0193359440 0.0222444688 0.0235553640 0.0235756857 0.0226783946 0.0212360751 0.0195785635 0.0179723882 0.0166164473 0.0156473832 0.0151487510 0.0151594872 0.0156787814 0.0166659676 0.0180354642 0.0196482071 0.0213025399 0.0227291202 0.0235957885 0.0235289402 0.0221568812 0.0191770611 0.0144424631 0.0080533117 0.0004306454 -0.0076581967 -0.0151510137 -0.0208355634 -0.0235800080 -0.0226097595 -0.0177626804 -0.0096412207 0.0004073062 0.0105100744 0.0186554019 0.0231551252 0.0230559998 0.0183791690 0.0101148020 -0.0000264475 -0.0100295688 -0.0180368241 -0.0227289122 -0.0235362062 -0.0206503900 -0.0148664553
-0.0383076720 -0.0359999693 -0.0296911428 -0.0205696026 -0.0099661061 0.0008769070 0.0109646580 0.0196274750 0.0265257307 0.0316032878 0.0350136437 0.0370398462 0.0380228163 0.0383056658 0.0381957242 0.0379420735 0.0377244739 0.0376492284 0.0377482758 0.0379791461 0.0382250459 0.0382960447 0.0379339393 0.0368246616 0.0346227091 0.0309915576 0.0256618255 0.0185047564 0.0096124756 -0.0006306149 -0.0115070824 -0.0219805471 -0.0307845215 -0.0365930368 -0.0382591351 -0.0350823781 -0.0270450645 -0.0149479321 -0.0003870500 0.0144538015 0.0271729258 0.0356105300 0.0382919191 0.0347422020 0.0255894244 0.0124283619 -0.0025184183 -0.0168531559 -0.0284559342 -0.0358348485
-0.0163020552 -0.0325739265 -0.0446191394 -0.0513604697 -0.0525389711 -0.0486198540 -0.0405963440 -0.0297485435 -0.0174107000 -0.0047856023 0.0071744572 0.0178187070 0.0267923588 0.0339924319 0.0395036225 0.0435297762 0.0463315824 0.0481760722 0.0492994345 0.0498820221 0.0500331991 0.0497836142 0.0490832213 0.0478045512 0.0457520419 0.0426793345 0.0383170223 0.0324130234 0.0247862043 0.0153908828 0.0043854710 -0.0078066237 -0.0204603979 -0.0325558882 -0.0428449703 -0.0499872246 -0.0527494469 -0.0502446368 -0.0421675316 -0.0289711560 -0.0119287372 0.0069584615 0.0252151671 0.0402752735 0.0499233748 0.0527006528 0.0481819649 0.0370578807 0.0210017052 0.0023537752
0.0500846630 0.0343735252 0.0146368964 -0.0065505510 -0.0265980163 -0.0432836229 -0.0550346084 -0.0610638161 -0.0613592904 -0.0565542970 -0.0477237498 -0.0361576714 -0.0231549985 -0.0098664496 0.0028013813 0.0142227901 0.0240421750 0.0321315383 0.0385319945 0.0433920603 0.0469113857 0.0492945459 0.0507163607 0.0512982211 0.0510940602 0.0500846630 0.0481796563 0.0452274194 0.0410339639 0.0353922154 0.0281227536 0.0191256387 0.0084403437 -0.0036928703 -0.0167809962 -0.0300502937 -0.0424585119 -0.0527615722 -0.0596420067 -0.0618942764 -0.0586462066 -0.0495796202 -0.0351018053 -0.0164179216 0.0045336100 0.0252952874 0.0432325363 0.0559472938 0.0616825716 0.0596319259
0.0500846630 0.0596319259 0.0616825716 0.0559472938 0.0432325363 0.0252952874 0.0045336100 -0.0164179216 -0.0351018053 -0.0495796202 -0.0586462066 -0.0618942764 -0.0596420067 -0.0527615722 -0.0424585119 -0.0300502937 -0.0167809962 -0.0036928703 0.0084403437 0.0191256387 0.0281227536 0.0353922154 0.0410339639 0.0452274194 0.0481796563 0.0500846630 0.0510940602 0.0512982211 0.0507163607 0.0492945459 0.0469113857 0.0433920603 0.0385319945 0.0321315383 0.0240421750 0.0142227901 0.0028013813 -0.0098664496 -0.0231549985 -0.0361576714 -0.0477237498 -0.0565542970 -0.0613592904 -0.0610638161 -0.0550346084 -0.0432836229 -0.0265980163 -0.0065505510 0.0146368964 0.0343735252
-0.0163020552 0.0023537752 0.0210017052 0.0370578807 0.0481819649 0.0527006528 0.0499233748 0.0402752735 0.0252151671 0.0069584615 -0.0119287372 -0.0289711560 -0.0421675316 -0.0502446368 -0.0527494469 -0.0499872246 -0.0428449703 -0.0325558882 -0.0204603979 -0.0078066237 0.0043854710 0.0153908828 0.0247862043 0.0324130234 0.0383170223 0.0426793345 0.0457520419 0.0478045512 0.0490832213 0.0497836142 0.0500331991 0.0498820221 0.0492994345 0.0481760722 0.0463315824 0.0435297762 0.0395036225 0.0339924319 0.0267923588 0.0178187070 0.0071744572 -0.0047856023 -0.0174107000 -0.0297485435 -0.0405963440 -0.0486198540 -0.0525389711 -0.0513604697 -0.0446191394 -0.0325739265
-0.0383076720 -0.0358348485 -0.0284559342 -0.0168531559 -0.0025184183 0.0124283619 0.0255894244 0.0347422020 0.0382919191 0.0356105300 0.0271729258 0.0144538015 -0.0003870500 -0.0149479321 -0.0270450645 -0.0350823781 -0.0382591351 -0.0365930368 -0.0307845215 -0.0219805471 -0.0115070824 -0.0006306149 0.0096124756 0.0185047564 0.0256618255 0.0309915576 0.0346227091 0.0368246616 0.0379339393 0.0382960447 0.0382250459 0.0379791461 0.0377482758 0.0376492284 0.0377244739 0.0379420735 0.0381957242 0.0383056658 0.0380228163 0.0370398462 0.0350136437 0.0316032878 0.0265257307 0.0196274750 0.0109646580 0.0008769070 -0.0099661061 -0.0205696026 -0.0296911428 -0.0359999693
-0.0073249856 -0.0148664553 -0.0206503900 -0.0235362062 -0.0227289122 -0.0180368241 -0.0100295688 -0.0000264475 0.0101148020 0.0183791690 0.0230559998 0.0231551252 0.0186554019 0.0105100744 0.0004073062 -0.0096412207 -0.0177626804 -0.0226097595 -0.0235800080 -0.0208355634 -0.0151510137 -0.0076581967 0.0004306454 0.0080533117 0.0144424631 0.0191770611 0.0221568812 0.0235289402 0.0235957885 0.0227291202 0.0213025399 0.0196482071 0.0180354642 0.0166659676 0.0156787814 0.0151594872 0.0151487510 0.0156473832 0.0166164473 0.0179723882 0.0195785635 0.0212360751 0.0226783946 0.0235756857 0.0235553640 0.0222444688 0.0193359440 0.0146744380 0.0083481938 0.0007639440
0.0101119191 0.0068104789 0.0023500536 -0.0026947369 -0.0074792814 -0.0110338669 -0.0124916173 -0.0113474007 -0.0076668133 -0.0021606314 0.0039289362 0.0091232092 0.0121067628 0.0121067628 0.0091232092 0.0039289362 -0.0021606314 -0.0076668133 -0.0113474007 -0.0124916173 -0.0110338669 -0.0074792814 -0.0026947369 0.0023500536 0.0068104789 0.0101119191 0.0119969194 0.0124910008 0.0118200090 0.0103135590 0.0083206334 0.0061510381 0.0040452618 0.0021679537 0.0006170837 -0.0005591327 -0.0013437427 -0.0017350146 -0.0017350146 -0.0013437427 -0.0005591327 0.0006170837 0.0021679537 0.0040452618 0.0061510381 0.0083206334 0.0103135590 0.0118200090 0.0124910008 0.0119969194
0.0045435781 0.0054279776 0.0055651319 0.0047769762 0.0030574263 0.0006354654 -0.0020200579 -0.0042795404 -0.0055143160 -0.0053020452 -0.0036046255 -0.0008396112 0.0022053913 0.0046064118 0.0056096017 0.0048948879 0.0026905856 -0.0003085035 -0.0031855119 -0.0051092989 -0.0055877112 -0.0045813223 -0.0024568525 0.0001777018 0.0026794279 0.0045435781 0.0054980024 0.0055115414 0.0047385265 0.0034342794 0.0018735148 0.0002914905 -0.0011458546 -0.0023466234 -0.0032812250 -0.0039632238 -0.0044296024 -0.0047243014 -0.0048863769 -0.0049425303 -0.0049031172 -0.0047608036 -0.0044915064 -0.0040578770 -0.0034161029 -0.0025269492 -0.0013714609 0.0000296710 0.0015964527 0.0031759669
-0.0006645077 0.0001225719 0.0009527196 0.0016711963 0.0020976079 0.0020768598 0.0015432905 0.0005749061 -0.0005918876 -0.0016096162 -0.0021285307 -0.0019339923 -0.0010544618 0.0002179753 0.0014201629 0.0020956017 0.0019824390 0.0011247741 -0.0001462320 -0.0013522756 -0.0020620802 -0.0020516108 -0.0013658887 -0.0002699175 0.0008737757 0.0017397037 0.0021331838 0.0020194073 0.0014949895 0.0007281445 -0.0001036317 -0.0008584966 -0.0014508119 -0.0018506322 -0.0020704646 -0.0021478376 -0.0021296729 -0.0020612666 -0.0019801737 -0.0019138724 -0.0018796424 -0.0018852492 -0.0019294657 -0.0020019808 -0.0020827653 -0.0021414913 -0.0021381092 -0.0020260712 -0.0017597242 -0.0013067116
-0.0007016295 -0.0006532130 -0.0004972859 -0.0002367879 0.0000920743 0.0004178477 0.0006467747 0.0006923174 0.0005141198 0.0001498180 -0.0002805969 -0.0006103558 -0.0006945441 -0.0004827006 -0.0000558143 0.0003995998 0.0006751743 0.0006420806 0.0003158779 -0.0001513863 -0.0005473682 -0.0007016067 -0.0005597923 -0.0001961575 0.0002336751 0.0005676302 0.0007008318 0.0006129150 0.0003566635 0.0000230977 -0.0002966495 -0.0005377546 -0.0006712758 -0.0006998611 -0.0006462905 -0.0005411965 -0.0004138409 -0.0002871535 -0.0001764291 -0.0000903363 -0.0000329095 -0.0000055722 -0.0000086478 -0.0000421112 -0.0001055039 -0.0001970181 -0.0003118552 -0.0004401529 -0.0005651013 -0.0006622854
-0.0013306269 -0.0012867323 -0.0011821424 -0.0010534601 -0.0009292523 -0.0008293754 -0.0007661316 -0.0007459453 -0.0007706660 -0.0008380159 -0.0009410437 -0.0010667550 -0.0011944413 -0.0012946429 -0.0013300962 -0.0012602092 -0.0010502224 -0.0006848523 -0.0001837443 0.0003870184 0.0009153479 0.0012627812 0.0013049348 0.0009840617 0.0003535715 -0.0004111863 -0.0010543008 -0.0013295246 -0.0011076715 -0.0004505250 0.0003935429 0.0010830647 0.0013298946 0.0010294342 0.0003089165 -0.0005312633 -0.0011528184 -0.0013234478 -0.0010021455 -0.0003343701 0.0004276572 0.0010327579 0.0013170376 0.0012396496 0.0008674916 0.0003287038 -0.0002394057 -0.0007288949 -0.0010786525 -0.0012732378
-0.0012602261 -0.0022151453 -0.0029283334 -0.0034175546 -0.0037246430 -0.0038992944 -0.0039876229 -0.0040252166 -0.0040335313 -0.0040183579 -0.0039694869 -0.0038613217 -0.0036548752 -0.0033021688 -0.0027543293 -0.0019743897 -0.0009546339 0.0002638848 0.0015750358 0.0028027961 0.0037172751 0.0040780459 0.0037030012 0.0025481213 0.0007703750 -0.0012602261 -0.0030251090 -0.0039983260 -0.0038283740 -0.0024936990 -0.0003587193 0.0019132481 0.0035753960 0.0040648689 0.0032138155 0.0013135032 -0.0009966193 -0.0029664265 -0.0039984487 -0.0038329853 -0.0025941503 -0.0006999584 0.0013081664 0.0029416329 0.0038865992 0.0040458289 0.0035092824 0.0024831847 0.0012110010 -0.0000891997
0.0086168090 0.0066968283 0.0045918352 0.0025395582 0.0007005427 -0.0008339359 -0.0020247985 -0.0028656739 -0.0033653889 -0.0035347225 -0.0033783033 -0.0028918384 -0.0020646733 -0.0008876847 0.0006336682 0.0024619688 0.0045083658 0.0066152892 0.0085480218 0.0100034901 0.0106442500 0.0101615963 0.0083631665 0.0052682083 0.0011812993 -0.0032913282 -0.0073130514 -0.0099841931 -0.0105789542 -0.0087884492 -0.0048843261 0.0002739133 0.0054205405 0.0092189207 0.0106504290 0.0093253925 0.0056046048 0.0004867703 -0.0046967488 -0.0086703071 -0.0105536638 -0.0100508377 -0.0074500402 -0.0034649612 0.0010068063 0.0051223660 0.0082643715 0.0101161292 0.0106482524 0.0100465152
0.0191770611 0.0221568812 0.0235289402 0.0235957885 0.0227291202 0.0213025399 0.0196482071 0.0180354642 0.0166659676 0.0156787814 0.0151594872 0.0151487510 0.0156473832 0.0166164473 0.0179723882 0.0195785635 0.0212360751 0.0226783946 0.0235756857 0.0235553640 0.0222444688 0.0193359440 0.0146744380 0.0083481938 0.0007639440 -0.0073249856 -0.0148664553 -0.0206503900 -0.0235362062 -0.0227289122 -0.0180368241 -0.0100295688 -0.0000264475 0.0101148020 0.0183791690 0.0230559998 0.0231551252 0.0186554019 0.0105100744 0.0004073062 -0.0096412207 -0.0177626804 -0.0226097595 -0.0235800080 -0.0208355634 -0.0151510137 -0.0076581967 0.0004306454 0.0080533117 0.0144424631
-0.0138916950 -0.0020973104 0.0090369569 0.0188252590 0.0268991671 0.0331643831 0.0377324024 0.0408457801 0.0428100328 0.0439391242 0.0445164145 0.0447695430 0.0448560208 0.0448560208 0.0447695430 0.0445164145 0.0439391242 0.0428100328 0.0408457801 0.0377324024 0.0331643831 0.0268991671 0.0188252590 0.0090369569 -0.0020973104 -0.0138916950 -0.0253462871 -0.0352164351 -0.0421578991 -0.0449408590 -0.0427040841 -0.0351995205 -0.0229647476 -0.0073634218 0.0095442672 0.0253003814 0.0374702803 0.0440992726 0.0440992726 0.0374702803 0.0253003814 0.0095442672 -0.0073634218 -0.0229647476 -0.0351995205 -0.0427040841 -0.0449408590 -0.0421578991 -0.0352164351 -0.0253462871
-0.0726497674 -0.0700183611 -0.0628119436 -0.0522319006 -0.0395521914 -0.0259614460 -0.0124567134 0.0002095346 0.0115366517 0.0212497217 0.0292536336 0.0355792640 0.0403307176 0.0436392934 0.0456270271 0.0463806797 0.0459359835 0.0442716596 0.0413129466 0.0369448017 0.0310352386 0.0234691310 0.0141919624 0.0032612680 -0.0090991048 -0.0224500128 -0.0361045604 -0.0491254862 -0.0603654141 -0.0685591403 -0.0724690833 -0.0710731933 -0.0637709017 -0.0505704019 -0.0322138710 -0.0101999745 0.0133228901 0.0357948047 0.0545863540 0.0673889959 0.0725808100 0.0694937030 0.0585256249 0.0410735827 0.0193019429 -0.0042046673 -0.0268327354 -0.0463005517 -0.0609269490 -0.0697727570
-0.0309165359 -0.0553804157 -0.0751998002 -0.0893856911 -0.0975915231 -0.1000429478 -0.0974115012 -0.0906614051 -0.0808964911 -0.0692277969 -0.0566740753 -0.0440993394 -0.0321850904 -0.0214306972 -0.0121735191 -0.0046203118 0.0011174055 0.0049896724 0.0069800220 0.0070854829 0.0053060025 0.0016438826 -0.0038867456 -0.0112409290 -0.0203156345 -0.0309165359 -0.0427225867 -0.0552538306 -0.0678496064 -0.0796655247 -0.0896977164 -0.0968411971 -0.0999852841 -0.0981427621 -0.0906015153 -0.0770789605 -0.0578528534 -0.0338391872 -0.0065909601 0.0217985641 0.0488886409 0.0721613111 0.0893324453 0.0986543941 0.0991581096 0.0907908358 0.0744236774 0.0517276127 0.0249411234 -0.0034282354
0.0949846057 0.0726827402 0.0453080591 0.0151572715 -0.0154036810 -0.0441911886 -0.0694066668 -0.0897682310 -0.1045634678 -0.1136289178 -0.1172720772 -0.1161572833 -0.1111776478 -0.1033321849 -0.0936219125 -0.0829725518 -0.0721857866 -0.0619166763 -0.0526720661 -0.0448236279 -0.0386291542 -0.0342565110 -0.0318058119 -0.0313266110 -0.0328280512 -0.0362808910 -0.0416112037 -0.0486863948 -0.0572951054 -0.0671236374 -0.0777327416 -0.0885398324 -0.0988126964 -0.1076811846 -0.1141728009 -0.1172761308 -0.1160324600 -0.1096508247 -0.0976356709 -0.0799103656 -0.0569154589 -0.0296594038 0.0002973613 0.0309360317 0.0599496951 0.0849748938 0.1038557003 0.1149021470 0.1171022792 0.1102526039
0.0949846057 0.1102526039 0.1171022792 0.1149021470 0.1038557003 0.0849748938 0.0599496951 0.0309360317 0.0002973613 -0.0296594038 -0.0569154589 -0.0799103656 -0.0976356709 -0.1096508247 -0.1160324600 -0.1172761308 -0.1141728009 -0.1076811846 -0.0988126964 -0.0885398324 -0.0777327416 -0.0671236374 -0.0572951054 -0.0486863948 -0.0416112037 -0.0362808910 -0.0328280512 -0.0313266110 -0.0318058119 -0.0342565110 -0.0386291542 -0.0448236279 -0.0526720661 -0.0619166763 -0.0721857866 -0.0829725518 -0.0936219125 -0.1033321849 -0.1111776478 -0.1161572833 -0.1172720772 -0.1136289178 -0.1045634678 -0.0897682310 -0.0694066668 -0.0441911886 -0.0154036810 0.0151572715 0.0453080591 0.0726827402
-0.0309165359 -0.0034282354 0.0249411234 0.0517276127 0.0744236774 0.0907908358 0.0991581096 0.0986543941 0.0893324453 0.0721613111 0.0488886409 0.0217985641 -0.0065909601 -0.0338391872 -0.0578528534 -0.0770789605 -0.0906015153 -0.0981427621 -0.0999852841 -0.0968411971 -0.0896977164 -0.0796655247 -0.0678496064 -0.0552538306 -0.0427225867 -0.0309165359 -0.0203156345 -0.0112409290 -0.0038867456 0.0016438826 0.0053060025 0.0070854829 0.0069800220 0.0049896724 0.0011174055 -0.0046203118 -0.0121735191 -0.0214306972 -0.0321850904 -0.0440993394 -0.0566740753 -0.0692277969 -0.0808964911 -0.0906614051 -0.0974115012 -0.1000429478 -0.0975915231 -0.0893856911 -0.0751998002 -0.0553804157
-0.0726497674 -0.0697727570 -0.0609269490 -0.0463005517 -0.0268327354 -0.0042046673 0.0193019429 0.0410735827 0.0585256249 0.0694937030 0.0725808100 0.0673889959 0.0545863540 0.0357948047 0.0133228901 -0.0101999745 -0.0322138710 -0.0505704019 -0.0637709017 -0.0710731933 -0.0724690833 -0.0685591403 -0.0603654141 -0.0491254862 -0.0361045604 -0.0224500128 -0.0090991048 0.0032612680 0.0141919624 0.0234691310 0.0310352386 0.0369448017 0.0413129466 0.0442716596 0.0459359835 0.0463806797 0.0456270271 0.0436392934 0.0403307176 0.0355792640 0.0292536336 0.0212497217 0.0115366517 0.0002095346 -0.0124567134 -0.0259614460 -0.0395521914 -0.0522319006 -0.0628119436 -0.0700183611
-0.0138916950 -0.0253462871 -0.0352164351 -0.0421578991 -0.0449408590 -0.0427040841 -0.0351995205 -0.0229647476 -0.0073634218 0.0095442672 0.0253003814 0.0374702803 0.0440992726 0.0440992726 0.0374702803 0.0253003814 0.0095442672 -0.0073634218 -0.0229647476 -0.0351995205 -0.0427040841 -0.0449408590 -0.0421578991 -0.0352164351 -0.0253462871 -0.0138916950 -0.0020973104 0.0090369569 0.0188252590 0.0268991671 0.0331643831 0.0377324024 0.0408457801 0.0428100328 0.0439391242 0.0445164145 0.0447695430 0.0448560208 0.0448560208 0.0447695430 0.0445164145 0.0439391242 0.0428100328 0.0408457801 0.0377324024 0.0331643831 0.0268991671 0.0188252590 0.0090369569 -0.0020973104
0.0191770611 0.0144424631 0.0080533117 0.0004306454 -0.0076581967 -0.0151510137 -0.0208355634 -0.0235800080 -0.0226097595 -0.0177626804 -0.0096412207 0.0004073062 0.0105100744 0.0186554019 0.0231551252 0.0230559998 0.0183791690 0.0101148020 -0.0000264475 -0.0100295688 -0.0180368241 -0.0227289122 -0.0235362062 -0.0206503900 -0.0148664553 -0.0073249856 0.0007639440 0.0083481938 0.0146744380 0.0193359440 0.0222444688 0.0235553640 0.0235756857 0.0226783946 0.0212360751 0.0195785635 0.0179723882 0.0166164473 0.0156473832 0.0151487510 0.0151594872 0.0156787814 0.0166659676 0.0180354642 0.0196482071 0.0213025399 0.0227291202 0.0235957885 0.0235289402 0.0221568812
0.0086168090 0.0100465152 0.0106482524 0.0101161292 0.0082643715 0.0051223660 0.0010068063 -0.0034649612 -0.0074500402 -0.0100508377 -0.0105536638 -0.0086703071 -0.0046967488 0.0004867703 0.0056046048 0.0093253925 0.0106504290 0.0092189207 0.0054205405 0.0002739133 -0.0048843261 -0.0087884492 -0.0105789542 -0.0099841931 -0.0073130514 -0.0032913282 0.0011812993 0.0052682083 0.0083631665 0.0101615963 0.0106442500 0.0100034901 0.0085480218 0.0066152892 0.0045083658 0.0024619688 0.0006336682 -0.0008876847 -0.0020646733 -0.0028918384 -0.0033783033 -0.0035347225 -0.0033653889 -0.0028656739 -0.0020247985 -0.0008339359 0.0007005427 0.0025395582 0.0045918352 0.0066968283
-0.0012602261 -0.0000891997 0.0012110010 0.0024831847 0.0035092824 0.0040458289 0.0038865992 0.0029416329 0.0013081664 -0.0006999584 -0.0025941503 -0.0038329853 -0.0039984487 -0.0029664265 -0.0009966193 0.0013135032 0.0032138155 0.0040648689 0.0035753960 0.0019132481 -0.0003587193 -0.0024936990 -0.0038283740 -0.0039983260 -0.0030251090 -0.0012602261 0.0007703750 0.0025481213 0.0037030012 0.0040780459 0.0037172751 0.0028027961 0.0015750358 0.0002638848 -0.0009546339 -0.0019743897 -0.0027543293 -0.0033021688 -0.0036548752 -0.0038613217 -0.0039694869 -0.0040183579 -0.0040335313 -0.0040252166 -0.0039876229 -0.0038992944 -0.0037246430 -0.0034175546 -0.0029283334 -0.0022151453
-0.0013306269 -0.0012732378 -0.0010786525 -0.0007288949 -0.0002394057 0.0003287038 0.0008674916 0.0012396496 0.0013170376 0.0010327579 0.0004276572 -0.0003343701 -0.0010021455 -0.0013234478 -0.0011528184 -0.0005312633 0.0003089165 0.0010294342 0.0013298946 0.0010830647 0.0003935429 -0.0004505250 -0.0011076715 -0.0013295246 -0.0010543008 -0.0004111863 0.0003535715 0.0009840617 0.0013049348 0.0012627812 0.0009153479 0.0003870184 -0.0001837443 -0.0006848523 -0.0010502224 -0.0012602092 -0.0013300962 -0.0012946429 -0.0011944413 -0.0010667550 -0.0009410437 -0.0008380159 -0.0007706660 -0.0007459453 -0.0007661316 -0.0008293754 -0.0009292523 -0.0010534601 -0.0011821424 -0.0012867323
-0.0021503921 -0.0021161621 -0.0020416153 -0.0019619749 -0.0019022145 -0.0018772456 -0.0018926324 -0.0019449870 -0.0020217202 -0.0021003456 -0.0021480604 -0.0021228143 -0.0019774134 -0.0016680915 -0.0011680822 -0.0004847246 0.0003243247 0.0011432838 0.0018077610 0.0021380324 0.0019946457 0.0013426875 0.0002991884 -0.0008656998 -0.0017921101 -0.0021503921 -0.0017772373 -0.0007671514 0.0005338435 0.0016460326 0.0021442836 0.0018349347 0.0008384318 -0.0004621979 -0.0015820728 -0.0021283087 -0.0019406477 -0.0011254634 0.0000159350 0.0011184809 0.0018820114 0.0021503102 0.0019246318 0.0013249116 0.0005268938 -0.0002973244 -0.0010185095 -0.0015651649 -0.0019191049 -0.0021004873
-0.0020366192 -0.0031325224 -0.0039543630 -0.0045316135 -0.0049025053 -0.0051013852 -0.0051505720 -0.0050560689 -0.0048065180 -0.0043752143 -0.0037255207 -0.0028203627 -0.0016363311 -0.0001819978 0.0014818101 0.0032246904 0.0048399776 0.0060578848 0.0065860824 0.0061789834 0.0047257187 0.0023330533 -0.0006309799 -0.0035666649 -0.0057625857 -0.0065906382 -0.0057224899 -0.0032878158 0.0001015373 0.0034965971 0.0058945905 0.0065663425 0.0053050585 0.0024981471 -0.0010069022 -0.0041886562 -0.0061781803 -0.0065067184 -0.0051978309 -0.0026949550 0.0003240896 0.0031646466 0.0052908060 0.0064170123 0.0065117791 0.0057378294 0.0043642737 0.0026825692 0.0009457427 -0.0006630747
0.0139254045 0.0118439238 0.0097649032 0.0078907843 0.0063579143 0.0052500104 0.0046132574 0.0044689851 0.0048215072 0.0056599476 0.0069538097 0.0086428997 0.0106232508 0.0127321134 0.0147368266 0.0163341155 0.0171672876 0.0168678060 0.0151236556 0.0117691750 0.0068803537 0.0008486907 -0.0055997497 -0.0114700358 -0.0156617063 -0.0172127466 -0.0155719713 -0.0108203524 -0.0037573996 0.0042038435 0.0113334791 0.0160059793 0.0171264841 0.0144294256 0.0085521164 0.0008588731 -0.0069262053 -0.0131598970 -0.0166609743 -0.0169307035 -0.0141736827 -0.0091455640 -0.0028996423 0.0034820724 0.0091033059 0.0133759554 0.0160473050 0.0171538214 0.0169344335 0.0157348400
0.0309915576 0.0346227091 0.0368246616 0.0379339393 0.0382960447 0.0382250459 0.0379791461 0.0377482758 0.0376492284 0.0377244739 0.0379420735 0.0381957242 0.0383056658 0.0380228163 0.0370398462 0.0350136437 0.0316032878 0.0265257307 0.0196274750 0.0109646580 0.0008769070 -0.0099661061 -0.0205696026 -0.0296911428 -0.0359999693 -0.0383076720 -0.0358348485 -0.0284559342 -0.0168531559 -0.0025184183 0.0124283619 0.0255894244 0.0347422020 0.0382919191 0.0356105300 0.0271729258 0.0144538015 -0.0003870500 -0.0149479321 -0.0270450645 -0.0350823781 -0.0382591351 -0.0365930368 -0.0307845215 -0.0219805471 -0.0115070824 -0.0006306149 0.0096124756 0.0185047564 0.0256618255
-0.0224500128 -0.0090991048 0.0032612680 0.0141919624 0.0234691310 0.0310352386 0.0369448017 0.0413129466 0.0442716596 0.0459359835 0.0463806797 0.0456270271 0.0436392934 0.0403307176 0.0355792640 0.0292536336 0.0212497217 0.0115366517 0.0002095346 -0.0124567134 -0.0259614460 -0.0395521914 -0.0522319006 -0.0628119436 -0.0700183611 -0.0726497674 -0.0697727570 -0.0609269490 -0.0463005517 -0.0268327354 -0.0042046673 0.0193019429 0.0410735827 0.0585256249 0.0694937030 0.0725808100 0.0673889959 0.0545863540 0.0357948047 0.0133228901 -0.0101999745 -0.0322138710 -0.0505704019 -0.0637709017 -0.0710731933 -0.0724690833 -0.0685591403 -0.0603654141 -0.0491254862 -0.0361045604
-0.1174074294 -0.1152709700 -0.1095057248 -0.1011197727 -0.0911019136 -0.0803512896 -0.0696353242 -0.0595727521 -0.0506361584 -0.0431675691 -0.0374008570 -0.0334856258 -0.0315084333 -0.0315084333 -0.0334856258 -0.0374008570 -0.0431675691 -0.0506361584 -0.0595727521 -0.0696353242 -0.0803512896 -0.0911019136 -0.1011197727 -0.1095057248 -0.1152709700 -0.1174074294 -0.1149856821 -0.1072742857 -0.0938681671 -0.0748080783 -0.0506693847 -0.0225982210 0.0077225923 0.0381863300 0.0664494038 0.0901738601 0.1072937902 0.1162661997 0.1162661997 0.1072937902 0.0901738601 0.0664494038 0.0381863300 0.0077225923 -0.0225982210 -0.0506693847 -0.0748080783 -0.0938681671 -0.1072742857 -0.1149856821
-0.0499634223 -0.0786064797 -0.1032974099 -0.1235230119 -0.1391278467 -0.1502658363 -0.1573346546 -0.1609030830 -0.1616400089 -0.1602514452 -0.1574293826 -0.1538138825 -0.1499678687 -0.1463627234 -0.1433720587 -0.1412708240 -0.1402371195 -0.1403545727 -0.1416137984 -0.1439122265 -0.1470523775 -0.1507394598 -0.1545799094 -0.1580831335 -0.1606691605 -0.1616850308 -0.1604324516 -0.1562083827 -0.1483587485 -0.1363434262 -0.1198081881 -0.0986567117 -0.0731135748 -0.0437678967 -0.0115874820 0.0221046573 0.0556956334 0.0873886549 0.1153421540 0.1378285751 0.1533947875 0.1610040903 0.1601409685 0.1508641668 0.1338006180 0.1100810787 0.0812264934 0.0490006493 0.0152484849 -0.0182600688
0.1535021898 0.1288406598 0.0997698810 0.0677151329 0.0341435368 0.0004599991 -0.0320812890 -0.0624429266 -0.0898444897 -0.1137767329 -0.1339925694 -0.1504796072 -0.1634200522 -0.1731438896 -0.1800806221 -0.1847137257 -0.1875406568 -0.1890399206 -0.1896455761 -0.1897286827 -0.1895846482 -0.1894251957 -0.1893737005 -0.1894628877 -0.1896342677 -0.1897391413 -0.1895414818 -0.1887234393 -0.1868945588 -0.1836059889 -0.1783709236 -0.1706921914 -0.1600972711 -0.1461800602 -0.1286475284 -0.1073680419 -0.0824168527 -0.0541132279 -0.0230432489 0.0099373346 0.0437244926 0.0770135732 0.1083722224 0.1363341230 0.1595058010 0.1766761304 0.1869167929 0.1896621829 0.1847592117 0.1724809153
0.1535021898 0.1724809153 0.1847592117 0.1896621829 0.1869167929 0.1766761304 0.1595058010 0.1363341230 0.1083722224 0.0770135732 0.0437244926 0.0099373346 -0.0230432489 -0.0541132279 -0.0824168527 -0.1073680419 -0.1286475284 -0.1461800602 -0.1600972711 -0.1706921914 -0.1783709236 -0.1836059889 -0.1868945588 -0.1887234393 -0.1895414818 -0.1897391413 -0.1896342677 -0.1894628877 -0.1893737005 -0.1894251957 -0.1895846482 -0.1897286827 -0.1896455761 -0.1890399206 -0.1875406568 -0.1847137257 -0.1800806221 -0.1731438896 -0.1634200522 -0.1504796072 -0.1339925694 -0.1137767329 -0.0898444897 -0.0624429266 -0.0320812890 0.0004599991 0.0341435368 0.0677151329 0.0997698810 0.1288406598
-0.0499634223 -0.0182600688 0.0152484849 0.0490006493 0.0812264934 0.1100810787 0.1338006180 0.1508641668 0.1601409685 0.1610040903 0.1533947875 0.1378285751 0.1153421540 0.0873886549 0.0556956334 0.0221046573 -0.0115874820 -0.0437678967 -0.0731135748 -0.0986567117 -0.1198081881 -0.1363434262 -0.1483587485 -0.1562083827 -0.1604324516 -0.1616850308 -0.1606691605 -0.1580831335 -0.1545799094 -0.1507394598 -0.1470523775 -0.1439122265 -0.1416137984 -0.1403545727 -0.1402371195 -0.1412708240 -0.1433720587 -0.1463627234 -0.1499678687 -0.1538138825 -0.1574293826 -0.1602514452 -0.1616400089 -0.1609030830 -0.1573346546 -0.1502658363 -0.1391278467 -0.1235230119 -0.1032974099 -0.0786064797
-0.1174074294 -0.1149856821 -0.1072742857 -0.0938681671 -0.0748080783 -0.0506693847 -0.0225982210 0.0077225923 0.0381863300 0.0664494038 0.0901738601 0.1072937902 0.1162661997 0.1162661997 0.1072937902 0.0901738601 0.0664494038 0.0381863300 0.0077225923 -0.0225982210 -0.0506693847 -0.0748080783 -0.0938681671 -0.1072742857 -0.1149856821 -0.1174074294 -0.1152709700 -0.1095057248 -0.1011197727 -0.0911019136 -0.0803512896 -0.0696353242 -0.0595727521 -0.0506361584 -0.0431675691 -0.0374008570 -0.0334856258 -0.0315084333 -0.0315084333 -0.0334856258 -0.0374008570 -0.0431675691 -0.0506361584 -0.0595727521 -0.0696353242 -0.0803512896 -0.0911019136 -0.1011197727 -0.1095057248 -0.1152709700
-0.0224500128 -0.0361045604 -0.0491254862 -0.0603654141 -0.0685591403 -0.0724690833 -0.0710731933 -0.0637709017 -0.0505704019 -0.0322138710 -0.0101999745 0.0133228901 0.0357948047 0.0545863540 0.0673889959 0.0725808100 0.0694937030 0.0585256249 0.0410735827 0.0193019429 -0.0042046673 -0.0268327354 -0.0463005517 -0.0609269490 -0.0697727570 -0.0726497674 -0.0700183611 -0.0628119436 -0.0522319006 -0.0395521914 -0.0259614460 -0.0124567134 0.0002095346 0.0115366517 0.0212497217 0.0292536336 0.0355792640 0.0403307176 0.0436392934 0.0456270271 0.0463806797 0.0459359835 0.0442716596 0.0413129466 0.0369448017 0.0310352386 0.0234691310 0.0141919624 0.0032612680 -0.0090991048
0.0309915576 0.0256618255 0.0185047564 0.0096124756 -0.0006306149 -0.0115070824 -0.0219805471 -0.0307845215 -0.0365930368 -0.0382591351 -0.0350823781 -0.0270450645 -0.0149479321 -0.0003870500 0.0144538015 0.0271729258 0.0356105300 0.0382919191 0.0347422020 0.0255894244 0.0124283619 -0.0025184183 -0.0168531559 -0.0284559342 -0.0358348485 -0.0383076720 -0.0359999693 -0.0296911428 -0.0205696026 -0.0099661061 0.0008769070 0.0109646580 0.0196274750 0.0265257307 0.0316032878 0.0350136437 0.0370398462 0.0380228163 0.0383056658 0.0381957242 0.0379420735 0.0377244739 0.0376492284 0.0377482758 0.0379791461 0.0382250459 0.0382960447 0.0379339393 0.0368246616 0.0346227091
0.0139254045 0.0157348400 0.0169344335 0.0171538214 0.0160473050 0.0133759554 0.0091033059 0.0034820724 -0.0028996423 -0.0091455640 -0.0141736827 -0.0169307035 -0.0166609743 -0.0131598970 -0.0069262053 0.0008588731 0.0085521164 0.0144294256 0.0171264841 0.0160059793 0.0113334791 0.0042038435 -0.0037573996 -0.0108203524 -0.0155719713 -0.0172127466 -0.0156617063 -0.0114700358 -0.0055997497 0.0008486907 0.0068803537 0.0117691750 0.0151236556 0.0168678060 0.0171672876 0.0163341155 0.0147368266 0.0127321134 0.0106232508 0.0086428997 0.0069538097 0.0056599476 0.0048215072 0.0044689851 0.0046132574 0.0052500104 0.0063579143 0.0078907843 0.0097649032 0.0118439238
-0.0020366192 -0.0006630747 0.0009457427 0.0026825692 0.0043642737 0.0057378294 0.0065117791 0.0064170123 0.0052908060 0.0031646466 0.0003240896 -0.0026949550 -0.0051978309 -0.0065067184 -0.0061781803 -0.0041886562 -0.0010069022 0.0024981471 0.0053050585 0.0065663425 0.0058945905 0.0034965971 0.0001015373 -0.0032878158 -0.0057224899 -0.0065906382 -0.0057625857 -0.0035666649 -0.0006309799 0.0023330533 0.0047257187 0.0061789834 0.0065860824 0.0060578848 0.0048399776 0.0032246904 0.0014818101 -0.0001819978 -0.0016363311 -0.0028203627 -0.0037255207 -0.0043752143 -0.0048065180 -0.0050560689 -0.0051505720 -0.0051013852 -0.0049025053 -0.0045316135 -0.0039543630 -0.0031325224
-0.0021503921 -0.0021004873 -0.0019191049 -0.0015651649 -0.0010185095 -0.0002973244 0.0005268938 0.0013249116 0.0019246318 0.0021503102 0.0018820114 0.0011184809 0.0000159350 -0.0011254634 -0.0019406477 -0.0021283087 -0.0015820728 -0.0004621979 0.0008384318 0.0018349347 0.0021442836 0.0016460326 0.0005338435 -0.0007671514 -0.0017772373 -0.0021503921 -0.0017921101 -0.0008656998 0.0002991884 0.0013426875 0.0019946457 0.0021380324 0.0018077610 0.0011432838 0.0003243247 -0.0004847246 -0.0011680822 -0.0016680915 -0.0019774134 -0.0021228143 -0.0021480604 -0.0021003456 -0.0020217202 -0.0019449870 -0.0018926324 -0.0018772456 -0.0019022145 -0.0019619749 -0.0020416153 -0.0021161621
-0.0029613646 -0.0029466414 -0.0029226250 -0.0029101429 -0.0029173304 -0.0029396454 -0.0029598489 -0.0029481830 -0.0028635837 -0.0026572594 -0.0022801259 -0.0016951383 -0.0008941552 0.0000835104 0.0011368768 0.0021021070 0.0027732190 0.0029491267 0.0025015342 0.0014448739 -0.0000215382 -0.0015296668 -0.0026321633 -0.0029493105 -0.0023238096 -0.0009151120 0.0008222227 0.0022860999 0.0029505394 0.0025727079 0.0012909705 -0.0004311435 -0.0019891943 -0.0028671195 -0.0028138790 -0.0019023357 -0.0004635909 0.0010577282 0.0022589430 0.0028881820 0.0028808883 0.0023314327 0.0014277284 0.0003802610 -0.0006319653 -0.0014894799 -0.0021365537 -0.0025697191 -0.0028196975 -0.0029336357
-0.0028046849 -0.0036710262 -0.0042393954 -0.0045308911 -0.0045593874 -0.0043263567 -0.0038203643 -0.0030212080 -0.0019088714 -0.0004773453 0.0012473502 0.0031871463 0.0051943973 0.0070438600 0.0084428898 0.0090678202 0.0086297108 0.0069631070 0.0041185226 0.0004272535 -0.0034975699 -0.0068505066 -0.0088148684 -0.0087990047 -0.0066565208 -0.0028046849 0.0018248704 0.0060149396 0.0086125210 0.0088850112 0.0067548769 0.0028248058 -0.0018162314 -0.0059329051 -0.0085057968 -0.0089941232 -0.0074257541 -0.0043113484 -0.0004392184 0.0033644777 0.0064333859 0.0083716527 0.0090710840 0.0086572912 0.0074002608 0.0056226548 0.0036280565 0.0016581647 -0.0001225557 -0.0016220775
0.0191770611 0.0176156302 0.0163428346 0.0154816109 0.0151040552 0.0152392283 0.0158768965 0.0169661720 0.0184094186 0.0200532209 0.0216797663 0.0230035705 0.0236797391 0.0233302391 0.0215930535 0.0181947908 0.0130400062 0.0063010070 -0.0015173334 -0.0095682978 -0.0167365598 -0.0218055362 -0.0237038684 -0.0217841283 -0.0160605808 -0.0073249856 0.0029209016 0.0127305042 0.0201276633 0.0235688331 0.0223228419 0.0166553235 0.0077614115 -0.0025326165 -0.0122085605 -0.0195092270 -0.0232846710 -0.0231554786 -0.0194787185 -0.0131585212 -0.0053766467 0.0026770460 0.0100133448 0.0159615893 0.0201968788 0.0226978057 0.0236648877 0.0234283814 0.0223663388 0.0208439991
0.0426793345 0.0457520419 0.0478045512 0.0490832213 0.0497836142 0.0500331991 0.0498820221 0.0492994345 0.0481760722 0.0463315824 0.0435297762 0.0395036225 0.0339924319 0.0267923588 0.0178187070 0.0071744572 -0.0047856023 -0.0174107000 -0.0297485435 -0.0405963440 -0.0486198540 -0.0525389711 -0.0513604697 -0.0446191394 -0.0325739265 -0.0163020552 0.0023537752 0.0210017052 0.0370578807 0.0481819649 0.0527006528 0.0499233748 0.0402752735 0.0252151671 0.0069584615 -0.0119287372 -0.0289711560 -0.0421675316 -0.0502446368 -0.0527494469 -0.0499872246 -0.0428449703 -0.0325558882 -0.0204603979 -0.0078066237 0.0043854710 0.0153908828 0.0247862043 0.0324130234 0.0383170223
-0.0309165359 -0.0203156345 -0.0112409290 -0.0038867456 0.0016438826 0.0053060025 0.0070854829 0.0069800220 0.0049896724 0.0011174055 -0.0046203118 -0.0121735191 -0.0214306972 -0.0321850904 -0.0440993394 -0.0566740753 -0.0692277969 -0.0808964911 -0.0906614051 -0.0974115012 -0.1000429478 -0.0975915231 -0.0893856911 -0.0751998002 -0.0553804157 -0.0309165359 -0.0034282354 0.0249411234 0.0517276127 0.0744236774 0.0907908358 0.0991581096 0.0986543941 0.0893324453 0.0721613111 0.0488886409 0.0217985641 -0.0065909601 -0.0338391872 -0.0578528534 -0.0770789605 -0.0906015153 -0.0981427621 -0.0999852841 -0.0968411971 -0.0896977164 -0.0796655247 -0.0678496064 -0.0552538306 -0.0427225867
-0.1616850308 -0.1606691605 -0.1580831335 -0.1545799094 -0.1507394598 -0.1470523775 -0.1439122265 -0.1416137984 -0.1403545727 -0.1402371195 -0.1412708240 -0.1433720587 -0.1463627234 -0.1499678687 -0.1538138825 -0.1574293826 -0.1602514452 -0.1616400089 -0.1609030830 -0.1573346546 -0.1502658363 -0.1391278467 -0.1235230119 -0.1032974099 -0.0786064797 -0.0499634223 -0.0182600688 0.0152484849 0.0490006493 0.0812264934 0.1100810787 0.1338006180 0.1508641668 0.1601409685 0.1610040903 0.1533947875 0.1378285751 0.1153421540 0.0873886549 0.0556956334 0.0221046573 -0.0115874820 -0.0437678967 -0.0731135748 -0.0986567117 -0.1198081881 -0.1363434262 -0.1483587485 -0.1562083827 -0.1604324516
-0.0688060160 -0.0925773291 -0.1136258082 -0.1318941279 -0.1474393345 -0.1604063695 -0.1710006661 -0.1794617310 -0.1860390859 -0.1909714360 -0.1944694959 -0.1967025744 -0.1977888037 -0.1977888037 -0.1967025744 -0.1944694959 -0.1909714360 -0.1860390859 -0.1794617310 -0.1710006661 -0.1604063695 -0.1474393345 -0.1318941279 -0.1136258082 -0.0925773291 -0.0688060160 -0.0425067373 -0.0140290897 0.0161141236 0.0472495423 0.0785587740 0.1091074985 0.1378875081 0.1638695418 0.1860633159 0.2035799730 0.2156914576 0.2218812185 0.2218812185 0.2156914576 0.2035799730 0.1860633159 0.1638695418 0.1378875081 0.1091074985 0.0785587740 0.0472495423 0.0161141236 -0.0140290897 -0.0425067373
0.2113921275 0.1919975831 0.1705556393 0.1476250005 0.1237666224 0.0995219236 0.0753943359 0.0518350128 0.0292331196 0.0079107489 -0.0118778319 -0.0299431635 -0.0461545504 -0.0604318198 -0.0727357210 -0.0830577548 -0.0914101314 -0.0978164466 -0.1023035500 -0.1048949621 -0.1056060914 -0.1044414083 -0.1013936599 -0.0964451487 -0.0895710417 -0.0807446078 -0.0699442027 -0.0571617242 -0.0424121554 -0.0257437010 -0.0072478955 0.0129310456 0.0345884428 0.0574537784 0.0811885364 0.1053879541 0.1295871935 0.1532721626 0.1758948676 0.1968927710 0.2157112327 0.2318277488 0.2447764319 0.2541710358 0.2597248282 0.2612657764 0.2587458274 0.2522435179 0.2419597015 0.2282067527
0.2113921275 0.2282067527 0.2419597015 0.2522435179 0.2587458274 0.2612657764 0.2597248282 0.2541710358 0.2447764319 0.2318277488 0.2157112327 0.1968927710 0.1758948676 0.1532721626 0.1295871935 0.1053879541 0.0811885364 0.0574537784 0.0345884428 0.0129310456 -0.0072478955 -0.0257437010 -0.0424121554 -0.0571617242 -0.0699442027 -0.0807446078 -0.0895710417 -0.0964451487 -0.1013936599 -0.1044414083 -0.1056060914 -0.1048949621 -0.1023035500 -0.0978164466 -0.0914101314 -0.0830577548 -0.0727357210 -0.0604318198 -0.0461545504 -0.0299431635 -0.0118778319 0.0079107489 0.0292331196 0.0518350128 0.0753943359 0.0995219236 0.1237666224 0.1476250005 0.1705556393 0.1919975831
-0.0688060160 -0.0425067373 -0.0140290897 0.0161141236 0.0472495423 0.0785587740 0.1091074985 0.1378875081 0.1638695418 0.1860633159 0.2035799730 0.2156914576 0.2218812185 0.2218812185 0.2156914576 0.2035799730 0.1860633159 0.1638695418 0.1378875081 0.1091074985 0.0785587740 0.0472495423 0.0161141236 -0.0140290897 -0.0425067373 -0.0688060160 -0.0925773291 -0.1136258082 -0.1318941279 -0.1474393345 -0.1604063695 -0.1710006661 -0.1794617310 -0.1860390859 -0.1909714360 -0.1944694959 -0.1967025744 -0.1977888037 -0.1977888037 -0.1967025744 -0.1944694959 -0.1909714360 -0.1860390859 -0.1794617310 -0.1710006661 -0.1604063695 -0.1474393345 -0.1318941279 -0.1136258082 -0.0925773291
-0.1616850308 -0.1604324516 -0.1562083827 -0.1483587485 -0.1363434262 -0.1198081881 -0.0986567117 -0.0731135748 -0.0437678967 -0.0115874820 0.0221046573 0.0556956334 0.0873886549 0.1153421540 0.1378285751 0.1533947875 0.1610040903 0.1601409685 0.1508641668 0.1338006180 0.1100810787 0.0812264934 0.0490006493 0.0152484849 -0.0182600688 -0.0499634223 -0.0786064797 -0.1032974099 -0.1235230119 -0.1391278467 -0.1502658363 -0.1573346546 -0.1609030830 -0.1616400089 -0.1602514452 -0.1574293826 -0.1538138825 -0.1499678687 -0.1463627234 -0.1433720587 -0.1412708240 -0.1402371195 -0.1403545727 -0.1416137984 -0.1439122265 -0.1470523775 -0.1507394598 -0.1545799094 -0.1580831335 -0.1606691605
-0.0309165359 -0.0427225867 -0.0552538306 -0.0678496064 -0.0796655247 -0.0896977164 -0.0968411971 -0.0999852841 -0.0981427621 -0.0906015153 -0.0770789605 -0.0578528534 -0.0338391872 -0.0065909601 0.0217985641 0.0488886409 0.0721613111 0.0893324453 0.0986543941 0.0991581096 0.0907908358 0.0744236774 0.0517276127 0.0249411234 -0.0034282354 -0.0309165359 -0.0553804157 -0.0751998002 -0.0893856911 -0.0975915231 -0.1000429478 -0.0974115012 -0.0906614051 -0.0808964911 -0.0692277969 -0.0566740753 -0.0440993394 -0.0321850904 -0.0214306972 -0.0121735191 -0.0046203118 0.0011174055 0.0049896724 0.0069800220 0.0070854829 0.0053060025 0.0016438826 -0.0038867456 -0.0112409290 -0.0203156345
0.0426793345 0.0383170223 0.0324130234 0.0247862043 0.0153908828 0.0043854710 -0.0078066237 -0.0204603979 -0.0325558882 -0.0428449703 -0.0499872246 -0.0527494469 -0.0502446368 -0.0421675316 -0.0289711560 -0.0119287372 0.0069584615 0.0252151671 0.0402752735 0.0499233748 0.0527006528 0.0481819649 0.0370578807 0.0210017052 0.0023537752 -0.0163020552 -0.0325739265 -0.0446191394 -0.0513604697 -0.0525389711 -0.0486198540 -0.0405963440 -0.0297485435 -0.0174107000 -0.0047856023 0.0071744572 0.0178187070 0.0267923588 0.0339924319 0.0395036225 0.0435297762 0.0463315824 0.0481760722 0.0492994345 0.0498820221 0.0500331991 0.0497836142 0.0490832213 0.0478045512 0.0457520419
0.0191770611 0.0208439991 0.0223663388 0.0234283814 0.0236648877 0.0226978057 0.0201968788 0.0159615893 0.0100133448 0.0026770460 -0.0053766467 -0.0131585212 -0.0194787185 -0.0231554786 -0.0232846710 -0.0195092270 -0.0122085605 -0.0025326165 0.0077614115 0.0166553235 0.0223228419 0.0235688331 0.0201276633 0.0127305042 0.0029209016 -0.0073249856 -0.0160605808 -0.0217841283 -0.0237038684 -0.0218055362 -0.0167365598 -0.0095682978 -0.0015173334 0.0063010070 0.0130400062 0.0181947908 0.0215930535 0.0233302391 0.0236797391 0.0230035705 0.0216797663 0.0200532209 0.0184094186 0.0169661720 0.0158768965 0.0152392283 0.0151040552 0.0154816109 0.0163428346 0.0176156302
-0.0028046849 -0.0016220775 -0.0001225557 0.0016581647 0.0036280565 0.0056226548 0.0074002608 0.0086572912 0.0090710840 0.0083716527 0.0064333859 0.0033644777 -0.0004392184 -0.0043113484 -0.0074257541 -0.0089941232 -0.0085057968 -0.0059329051 -0.0018162314 0.0028248058 0.0067548769 0.0088850112 0.0086125210 0.0060149396 0.0018248704 -0.0028046849 -0.0066565208 -0.0087990047 -0.0088148684 -0.0068505066 -0.0034975699 0.0004272535 0.0041185226 0.0069631070 0.0086297108 0.0090678202 0.0084428898 0.0070438600 0.0051943973 0.0031871463 0.0012473502 -0.0004773453 -0.0019088714 -0.0030212080 -0.0038203643 -0.0043263567 -0.0045593874 -0.0045308911 -0.0042393954 -0.0036710262
-0.0029613646 -0.0029336357 -0.0028196975 -0.0025697191 -0.0021365537 -0.0014894799 -0.0006319653 0.0003802610 0.0014277284 0.0023314327 0.0028808883 0.0028881820 0.0022589430 0.0010577282 -0.0004635909 -0.0019023357 -0.0028138790 -0.0028671195 -0.0019891943 -0.0004311435 0.0012909705 0.0025727079 0.0029505394 0.0022860999 0.0008222227 -0.0009151120 -0.0023238096 -0.0029493105 -0.0026321633 -0.0015296668 -0.0000215382 0.0014448739 0.0025015342 0.0029491267 0.0027732190 0.0021021070 0.0011368768 0.0000835104 -0.0008941552 -0.0016951383 -0.0022801259 -0.0026572594 -0.0028635837 -0.0029481830 -0.0029598489 -0.0029396454 -0.0029173304 -0.0029101429 -0.0029226250 -0.0029466414
-0.0034751936 -0.0034744383 -0.0034751610 -0.0034709908 -0.0034412744 -0.0033519517 -0.0031580532 -0.0028091651 -0.0022592091 -0.0014811412 -0.0004854229 0.0006616456 0.0018268023 0.0028151164 0.0033999195 0.0033795847 0.0026520826 0.0012846073 -0.0004539299 -0.0021271359 -0.0032420424 -0.0034132051 -0.0025228322 -0.0008051376 0.0011979377 0.0028114907 0.0034730300 0.0029482950 0.0014232591 -0.0005689990 -0.0023536692 -0.0033616848 -0.0033171356 -0.0022981937 -0.0006660366 0.0010900015 0.0025195877 0.0033305797 0.0034324200 0.0029102492 0.0019579191 0.0008025783 -0.0003549606 -0.0013734051 -0.0021788413 -0.0027550628 -0.0031256665 -0.0033353314 -0.0034345638 -0.0034693403
-0.0032913282 -0.0035267817 -0.0034362554 -0.0030172244 -0.0022598549 -0.0011538216 0.0002996452 0.0020711364 0.0040837402 0.0061948538 0.0081853253 0.0097640667 0.0105964350 0.0103614861 0.0088355579 0.0059879856 0.0020619924 -0.0023945441 -0.0065810341 -0.0095929786 -0.0106488648 -0.0093385198 -0.0058097865 -0.0008119573 0.0044481659 0.0086168090 0.0105815891 0.0098086316 0.0065086323 0.0015710284 -0.0037094835 -0.0080152238 -0.0103649238 -0.0103384727 -0.0081146066 -0.0043391248 0.0001070643 0.0043533909 0.0077276904 0.0098510665 0.0106405130 0.0102457410 0.0089560412 0.0071087821 0.0050195414 0.0029411974 0.0010496976 -0.0005508767 -0.0018124713 -0.0027236278
0.0225044897 0.0220749675 0.0221014238 0.0225808900 0.0234576484 0.0246193983 0.0258915071 0.0270326467 0.0277366101 0.0276461232 0.0263844108 0.0236083827 0.0190828909 0.0127684603 0.0049060984 -0.0039254411 -0.0128086706 -0.0205673910 -0.0259376703 -0.0278147462 -0.0255309875 -0.0190952156 -0.0093154377 0.0022560211 0.0135733716 0.0225044897 0.0273000660 0.0270006613 0.0216665502 0.0123631625 0.0009064169 -0.0105577946 -0.0200217137 -0.0260088929 -0.0278035306 -0.0254831187 -0.0197787413 -0.0118273555 -0.0028942191 0.0058670498 0.0135752870 0.0196916717 0.0240108939 0.0265993092 0.0277086847 0.0276893532 0.0269181331 0.0257476897 0.0244772438 0.0233404344
0.0500846630 0.0510940602 0.0512982211 0.0507163607 0.0492945459 0.0469113857 0.0433920603 0.0385319945 0.0321315383 0.0240421750 0.0142227901 0.0028013813 -0.0098664496 -0.0231549985 -0.0361576714 -0.0477237498 -0.0565542970 -0.0613592904 -0.0610638161 -0.0550346084 -0.0432836229 -0.0265980163 -0.0065505510 0.0146368964 0.0343735252 0.0500846630 0.0596319259 0.0616825716 0.0559472938 0.0432325363 0.0252952874 0.0045336100 -0.0164179216 -0.0351018053 -0.0495796202 -0.0586462066 -0.0618942764 -0.0596420067 -0.0527615722 -0.0424585119 -0.0300502937 -0.0167809962 -0.0036928703 0.0084403437 0.0191256387 0.0281227536 0.0353922154 0.0410339639 0.0452274194 0.0481796563
-0.0362808910 -0.0328280512 -0.0313266110 -0.0318058119 -0.0342565110 -0.0386291542 -0.0448236279 -0.0526720661 -0.0619166763 -0.0721857866 -0.0829725518 -0.0936219125 -0.1033321849 -0.1111776478 -0.1161572833 -0.1172720772 -0.1136289178 -0.1045634678 -0.0897682310 -0.0694066668 -0.0441911886 -0.0154036810 0.0151572715 0.0453080591 0.0726827402 0.0949846057 0.1102526039 0.1171022792 0.1149021470 0.1038557003 0.0849748938 0.0599496951 0.0309360317 0.0002973613 -0.0296594038 -0.0569154589 -0.0799103656 -0.0976356709 -0.1096508247 -0.1160324600 -0.1172761308 -0.1141728009 -0.1076811846 -0.0988126964 -0.0885398324 -0.0777327416 -0.0671236374 -0.0572951054 -0.0486863948 -0.0416112037
-0.1897391413 -0.1896342677 -0.1894628877 -0.1893737005 -0.1894251957 -0.1895846482 -0.1897286827 -0.1896455761 -0.1890399206 -0.1875406568 -0.1847137257 -0.1800806221 -0.1731438896 -0.1634200522 -0.1504796072 -0.1339925694 -0.1137767329 -0.0898444897 -0.0624429266 -0.0320812890 0.0004599991 0.0341435368 0.0677151329 0.0997698810 0.1288406598 0.1535021898 0.1724809153 0.1847592117 0.1896621829 0.1869167929 0.1766761304 0.1595058010 0.1363341230 0.1083722224 0.0770135732 0.0437244926 0.0099373346 -0.0230432489 -0.0541132279 -0.0824168527 -0.1073680419 -0.1286475284 -0.1461800602 -0.1600972711 -0.1706921914 -0.1783709236 -0.1836059889 -0.1868945588 -0.1887234393 -0.1895414818
-0.0807446078 -0.0895710417 -0.0964451487 -0.1013936599 -0.1044414083 -0.1056060914 -0.1048949621 -0.1023035500 -0.0978164466 -0.0914101314 -0.0830577548 -0.0727357210 -0.0604318198 -0.0461545504 -0.0299431635 -0.0118778319 0.0079107489 0.0292331196 0.0518350128 0.0753943359 0.0995219236 0.1237666224 0.1476250005 0.1705556393 0.1919975831 0.2113921275 0.2282067527 0.2419597015 0.2522435179 0.2587458274 0.2612657764 0.2597248282 0.2541710358 0.2447764319 0.2318277488 0.2157112327 0.1968927710 0.1758948676 0.1532721626 0.1295871935 0.1053879541 0.0811885364 0.0574537784 0.0345884428 0.0129310456 -0.0072478955 -0.0257437010 -0.0424121554 -0.0571617242 -0.0699442027
0.2480709597 0.2410043535 0.2341076557 0.2274852080 0.2212346178 0.2154456663 0.2101994589 0.2055677881 0.2016126753 0.1983860591 0.1959296003 0.1942745793 0.1934418547 0.1934418547 0.1942745793 0.1959296003 0.1983860591 0.2016126753 0.2055677881 0.2101994589 0.2154456663 0.2212346178 0.2274852080 0.2341076557 0.2410043535 0.2480709597 0.2551977455 0.2622711950 0.2691758401 0.2757963069 0.2820195328 0.2877370989 0.2928475984 0.2972589554 0.3008906046 0.3036754610 0.3055616102 0.3065136550 0.3065136550 0.3055616102 0.3036754610 0.3008906046 0.2972589554 0.2928475984 0.2877370989 0.2820195328 0.2757963069 0.2691758401 0.2622711950 0.2551977455
0.2480709597 0.2551977455 0.2622711950 0.2691758401 0.2757963069 0.2820195328 0.2877370989 0.2928475984 0.2972589554 0.3008906046 0.3036754610 0.3055616102 0.3065136550 0.3065136550 0.3055616102 0.3036754610 0.3008906046 0.2972589554 0.2928475984 0.2877370989 0.2820195328 0.2757963069 0.2691758401 0.2622711950 0.2551977455 0.2480709597 0.2410043535 0.2341076557 0.2274852080 0.2212346178 0.2154456663 0.2101994589 0.2055677881 0.2016126753 0.1983860591 0.1959296003 0.1942745793 0.1934418547 0.1934418547 0.1942745793 0.1959296003 0.1983860591 0.2016126753 0.2055677881 0.2101994589 0.2154456663 0.2212346178 0.2274852080 0.2341076557 0.2410043535
-0.0807446078 -0.0699442027 -0.0571617242 -0.0424121554 -0.0257437010 -0.0072478955 0.0129310456 0.0345884428 0.0574537784 0.0811885364 0.1053879541 0.1295871935 0.1532721626 0.1758948676 0.1968927710 0.2157112327 0.2318277488 0.2447764319 0.2541710358 0.2597248282 0.2612657764 0.2587458274 0.2522435179 0.2419597015 0.2282067527 0.2113921275 0.1919975831 0.1705556393 0.1476250005 0.1237666224 0.0995219236 0.0753943359 0.0518350128 0.0292331196 0.0079107489 -0.0118778319 -0.0299431635 -0.0461545504 -0.0604318198 -0.0727357210 -0.0830577548 -0.0914101314 -0.0978164466 -0.1023035500 -0.1048949621 -0.1056060914 -0.1044414083 -0.1013936599 -0.0964451487 -0.0895710417
-0.1897391413 -0.1895414818 -0.1887234393 -0.1868945588 -0.1836059889 -0.1783709236 -0.1706921914 -0.1600972711 -0.1461800602 -0.1286475284 -0.1073680419 -0.0824168527 -0.0541132279 -0.0230432489 0.0099373346 0.0437244926 0.0770135732 0.1083722224 0.1363341230 0.1595058010 0.1766761304 0.1869167929 0.1896621829 0.1847592117 0.1724809153 0.1535021898 0.1288406598 0.0997698810 0.0677151329 0.0341435368 0.0004599991 -0.0320812890 -0.0624429266 -0.0898444897 -0.1137767329 -0.1339925694 -0.1504796072 -0.1634200522 -0.1731438896 -0.1800806221 -0.1847137257 -0.1875406568 -0.1890399206 -0.1896455761 -0.1897286827 -0.1895846482 -0.1894251957 -0.1893737005 -0.1894628877 -0.1896342677
-0.0362808910 -0.0416112037 -0.0486863948 -0.0572951054 -0.0671236374 -0.0777327416 -0.0885398324 -0.0988126964 -0.1076811846 -0.1141728009 -0.1172761308 -0.1160324600 -0.1096508247 -0.0976356709 -0.0799103656 -0.0569154589 -0.0296594038 0.0002973613 0.0309360317 0.0599496951 0.0849748938 0.1038557003 0.1149021470 0.1171022792 0.1102526039 0.0949846057 0.0726827402 0.0453080591 0.0151572715 -0.0154036810 -0.0441911886 -0.0694066668 -0.0897682310 -0.1045634678 -0.1136289178 -0.1172720772 -0.1161572833 -0.1111776478 -0.1033321849 -0.0936219125 -0.0829725518 -0.0721857866 -0.0619166763 -0.0526720661 -0.0448236279 -0.0386291542 -0.0342565110 -0.0318058119 -0.0313266110 -0.0328280512
0.0500846630 0.0481796563 0.0452274194 0.0410339639 0.0353922154 0.0281227536 0.0191256387 0.0084403437 -0.0036928703 -0.0167809962 -0.0300502937 -0.0424585119 -0.0527615722 -0.0596420067 -0.0618942764 -0.0586462066 -0.0495796202 -0.0351018053 -0.0164179216 0.0045336100 0.0252952874 0.0432325363 0.0559472938 0.0616825716 0.0596319259 0.0500846630 0.0343735252 0.0146368964 -0.0065505510 -0.0265980163 -0.0432836229 -0.0550346084 -0.0610638161 -0.0613592904 -0.0565542970 -0.0477237498 -0.0361576714 -0.0231549985 -0.0098664496 0.0028013813 0.0142227901 0.0240421750 0.0321315383 0.0385319945 0.0433920603 0.0469113857 0.0492945459 0.0507163607 0.0512982211 0.0510940602
0.0225044897 0.0233404344 0.0244772438 0.0257476897 0.0269181331 0.0276893532 0.0277086847 0.0265993092 0.0240108939 0.0196916717 0.0135752870 0.0058670498 -0.0028942191 -0.0118273555 -0.0197787413 -0.0254831187 -0.0278035306 -0.0260088929 -0.0200217137 -0.0105577946 0.0009064169 0.0123631625 0.0216665502 0.0270006613 0.0273000660 0.0225044897 0.0135733716 0.0022560211 -0.0093154377 -0.0190952156 -0.0255309875 -0.0278147462 -0.0259376703 -0.0205673910 -0.0128086706 -0.0039254411 0.0049060984 0.0127684603 0.0190828909 0.0236083827 0.0263844108 0.0276461232 0.0277366101 0.0270326467 0.0258915071 0.0246193983 0.0234576484 0.0225808900 0.0221014238 0.0220749675
-0.0032913282 -0.0027236278 -0.0018124713 -0.0005508767 0.0010496976 0.0029411974 0.0050195414 0.0071087821 0.0089560412 0.0102457410 0.0106405130 0.0098510665 0.0077276904 0.0043533909 0.0001070643 -0.0043391248 -0.0081146066 -0.0103384727 -0.0103649238 -0.0080152238 -0.0037094835 0.0015710284 0.0065086323 0.0098086316 0.0105815891 0.0086168090 0.0044481659 -0.0008119573 -0.0058097865 -0.0093385198 -0.0106488648 -0.0095929786 -0.0065810341 -0.0023945441 0.0020619924 0.0059879856 0.0088355579 0.0103614861 0.0105964350 0.0097640667 0.0081853253 0.0061948538 0.0040837402 0.0020711364 0.0002996452 -0.0011538216 -0.0022598549 -0.0030172244 -0.0034362554 -0.0035267817
-0.0034751936 -0.0034693403 -0.0034345638 -0.0033353314 -0.0031256665 -0.0027550628 -0.0021788413 -0.0013734051 -0.0003549606 0.0008025783 0.0019579191 0.0029102492 0.0034324200 0.0033305797 0.0025195877 0.0010900015 -0.0006660366 -0.0022981937 -0.0033171356 -0.0033616848 -0.0023536692 -0.0005689990 0.0014232591 0.0029482950 0.0034730300 0.0028114907 0.0011979377 -0.0008051376 -0.0025228322 -0.0034132051 -0.0032420424 -0.0021271359 -0.0004539299 0.0012846073 0.0026520826 0.0033795847 0.0033999195 0.0028151164 0.0018268023 0.0006616456 -0.0004854229 -0.0014811412 -0.0022592091 -0.0028091651 -0.0031580532 -0.0033519517 -0.0034412744 -0.0034709908 -0.0034751610 -0.0034744383
-0.0034751936 -0.0034693403 -0.0034345638 -0.0033353314 -0.0031256665 -0.0027550628 -0.0021788413 -0.0013734051 -0.0003549606 0.0008025783 0.0019579191 0.0029102492 0.0034324200 0.0033305797 0.0025195877 0.0010900015 -0.0006660366 -0.0022981937 -0.0033171356 -0.0033616848 -0.0023536692 -0.0005689990 0.0014232591 0.0029482950 0.0034730300 0.0028114907 0.0011979377 -0.0008051376 -0.0025228322 -0.0034132051 -0.0032420424 -0.0021271359 -0.0004539299 0.0012846073 0.0026520826 0.0033795847 0.0033999195 0.0028151164 0.0018268023 0.0006616456 -0.0004854229 -0.0014811412 -0.0022592091 -0.0028091651 -0.0031580532 -0.0033519517 -0.0034412744 -0.0034709908 -0.0034751610 -0.0034744383
-0.0032913282 -0.0027236278 -0.0018124713 -0.0005508767 0.0010496976 0.0029411974 0.0050195414 0.0071087821 0.0089560412 0.0102457410 0.0106405130 0.0098510665 0.0077276904 0.0043533909 0.0001070643 -0.0043391248 -0.0081146066 -0.0103384727 -0.0103649238 -0.0080152238 -0.0037094835 0.0015710284 0.0065086323 0.0098086316 0.0105815891 0.0086168090 0.0044481659 -0.0008119573 -0.0058097865 -0.0093385198 -0.0106488648 -0.0095929786 -0.0065810341 -0.0023945441 0.0020619924 0.0059879856 0.0088355579 0.0103614861 0.0105964350 0.0097640667 0.0081853253 0.0061948538 0.0040837402 0.0020711364 0.0002996452 -0.0011538216 -0.0022598549 -0.0030172244 -0.0034362554 -0.0035267817
0.0225044897 0.0233404344 0.0244772438 0.0257476897 0.0269181331 0.0276893532 0.0277086847 0.0265993092 0.0240108939 0.0196916717 0.0135752870 0.0058670498 -0.0028942191 -0.0118273555 -0.0197787413 -0.0254831187 -0.0278035306 -0.0260088929 -0.0200217137 -0.0105577946 0.0009064169 0.0123631625 0.0216665502 0.0270006613 0.0273000660 0.0225044897 0.0135733716 0.0022560211 -0.0093154377 -0.0190952156 -0.0255309875 -0.0278147462 -0.0259376703 -0.0205673910 -0.0128086706 -0.0039254411 0.0049060984 0.0127684603 0.0190828909 0.0236083827 0.0263844108 0.0276461232 0.0277366101 0.0270326467 0.0258915071 0.0246193983 0.0234576484 0.0225808900 0.0221014238 0.0220749675
0.0500846630 0.0481796563 0.0452274194 0.0410339639 0.0353922154 0.0281227536 0.0191256387 0.0084403437 -0.0036928703 -0.0167809962 -0.0300502937 -0.0424585119 -0.0527615722 -0.0596420067 -0.0618942764 -0.0586462066 -0.0495796202 -0.0351018053 -0.0164179216 0.0045336100 0.0252952874 0.0432325363 0.0559472938 0.0616825716 0.0596319259 0.0500846630 0.0343735252 0.0146368964 -0.0065505510 -0.0265980163 -0.0432836229 -0.0550346084 -0.0610638161 -0.0613592904 -0.0565542970 -0.0477237498 -0.0361576714 -0.0231549985 -0.0098664496 0.0028013813 0.0142227901 0.0240421750 0.0321315383 0.0385319945 0.0433920603 0.0469113857 0.0492945459 0.0507163607 0.0512982211 0.0510940602
-0.0362808910 -0.0416112037 -0.0486863948 -0.0572951054 -0.0671236374 -0.0777327416 -0.0885398324 -0.0988126964 -0.1076811846 -0.1141728009 -0.1172761308 -0.1160324600 -0.1096508247 -0.0976356709 -0.0799103656 -0.0569154589 -0.0296594038 0.0002973613 0.0309360317 0.0599496951 0.0849748938 0.1038557003 0.1149021470 0.1171022792 0.1102526039 0.0949846057 0.0726827402 0.0453080591 0.0151572715 -0.0154036810 -0.0441911886 -0.0694066668 -0.0897682310 -0.1045634678 -0.1136289178 -0.1172720772 -0.1161572833 -0.1111776478 -0.1033321849 -0.0936219125 -0.0829725518 -0.0721857866 -0.0619166763 -0.0526720661 -0.0448236279 -0.0386291542 -0.0342565110 -0.0318058119 -0.0313266110 -0.0328280512
-0.1897391413 -0.1895414818 -0.1887234393 -0.1868945588 -0.1836059889 -0.1783709236 -0.1706921914 -0.1600972711 -0.1461800602 -0.1286475284 -0.1073680419 -0.0824168527 -0.0541132279 -0.0230432489 0.0099373346 0.0437244926 0.0770135732 0.1083722224 0.1363341230 0.1595058010 0.1766761304 0.1869167929 0.1896621829 0.1847592117 0.1724809153 0.1535021898 0.1288406598 0.0997698810 0.0677151329 0.0341435368 0.0004599991 -0.0320812890 -0.0624429266 -0.0898444897 -0.1137767329 -0.1339925694 -0.1504796072 -0.1634200522 -0.1731438896 -0.1800806221 -0.1847137257 -0.1875406568 -0.1890399206 -0.1896455761 -0.1897286827 -0.1895846482 -0.1894251957 -0.1893737005 -0.1894628877 -0.1896342677
-0.0807446078 -0.0699442027 -0.0571617242 -0.0424121554 -0.0257437010 -0.0072478955 0.0129310456 0.0345884428 0.0574537784 0.0811885364 0.1053879541 0.1295871935 0.1532721626 0.1758948676 0.1968927710 0.2157112327 0.2318277488 0.2447764319 0.2541710358 0.2597248282 0.2612657764 0.2587458274 0.2522435179 0.2419597015 0.2282067527 0.2113921275 0.1919975831 0.1705556393 0.1476250005 0.1237666224 0.0995219236 0.0753943359 0.0518350128 0.0292331196 0.0079107489 -0.0118778319 -0.0299431635 -0.0461545504 -0.0604318198 -0.0727357210 -0.0830577548 -0.0914101314 -0.0978164466 -0.1023035500 -0.1048949621 -0.1056060914 -0.1044414083 -0.1013936599 -0.0964451487 -0.0895710417
0.2480709597 0.2551977455 0.2622711950 0.2691758401 0.2757963069 0.2820195328 0.2877370989 0.2928475984 0.2972589554 0.3008906046 0.3036754610 0.3055616102 0.3065136550 0.3065136550 0.3055616102 0.3036754610 0.3008906046 0.2972589554 0.2928475984 0.2877370989 0.2820195328 0.2757963069 0.2691758401 0.2622711950 0.2551977455 0.2480709597 0.2410043535 0.2341076557 0.2274852080 0.2212346178 0.2154456663 0.2101994589 0.2055677881 0.2016126753 0.1983860591 0.1959296003 0.1942745793 0.1934418547 0.1934418547 0.1942745793 0.1959296003 0.1983860591 0.2016126753 0.2055677881 0.2101994589 0.2154456663 0.2212346178 0.2274852080 0.2341076557 0.2410043535
0.2480709597 0.2410043535 0.2341076557 0.2274852080 0.2212346178 0.2154456663 0.2101994589 0.2055677881 0.2016126753 0.1983860591 0.1959296003 0.1942745793 0.1934418547 0.1934418547 0.1942745793 0.1959296003 0.1983860591 0.2016126753 0.2055677881 0.2101994589 0.2154456663 0.2212346178 0.2274852080 0.2341076557 0.2410043535 0.2480709597 0.2551977455 0.2622711950 0.2691758401 0.2757963069 0.2820195328 0.2877370989 0.2928475984 0.2972589554 0.3008906046 0.3036754610 0.3055616102 0.3065136550 0.3065136550 0.3055616102 0.3036754610 0.3008906046 0.2972589554 0.2928475984 0.2877370989 0.2820195328 0.2757963069 0.2691758401 0.2622711950 0.2551977455
-0.0807446078 -0.0895710417 -0.0964451487 -0.1013936599 -0.1044414083 -0.1056060914 -0.1048949621 -0.1023035500 -0.0978164466 -0.0914101314 -0.0830577548 -0.0727357210 -0.0604318198 -0.0461545504 -0.0299431635 -0.0118778319 0.0079107489 0.0292331196 0.0518350128 0.0753943359 0.0995219236 0.1237666224 0.1476250005 0.1705556393 0.1919975831 0.2113921275 0.2282067527 0.2419597015 0.2522435179 0.2587458274 0.2612657764 0.2597248282 0.2541710358 0.2447764319 0.2318277488 0.2157112327 0.1968927710 0.1758948676 0.1532721626 0.1295871935 0.1053879541 0.0811885364 0.0574537784 0.0345884428 0.0129310456 -0.0072478955 -0.0257437010 -0.0424121554 -0.0571617242 -0.0699442027
-0.1897391413 -0.1896342677 -0.1894628877 -0.1893737005 -0.1894251957 -0.1895846482 -0.1897286827 -0.1896455761 -0.1890399206 -0.1875406568 -0.1847137257 -0.1800806221 -0.1731438896 -0.1634200522 -0.1504796072 -0.1339925694 -0.1137767329 -0.0898444897 -0.0624429266 -0.0320812890 0.0004599991 0.0341435368 0.0677151329 0.0997698810 0.1288406598 0.1535021898 0.1724809153 0.1847592117 0.1896621829 0.1869167929 0.1766761304 0.1595058010 0.1363341230 0.1083722224 0.0770135732 0.0437244926 0.0099373346 -0.0230432489 -0.0541132279 -0.0824168527 -0.1073680419 -0.1286475284 -0.1461800602 -0.1600972711 -0.1706921914 -0.1783709236 -0.1836059889 -0.1868945588 -0.1887234393 -0.1895414818
-0.0362808910 -0.0328280512 -0.0313266110 -0.0318058119 -0.0342565110 -0.0386291542 -0.0448236279 -0.0526720661 -0.0619166763 -0.0721857866 -0.0829725518 -0.0936219125 -0.1033321849 -0.1111776478 -0.1161572833 -0.1172720772 -0.1136289178 -0.1045634678 -0.0897682310 -0.0694066668 -0.0441911886 -0.0154036810 0.0151572715 0.0453080591 0.0726827402 0.0949846057 0.1102526039 0.1171022792 0.1149021470 0.1038557003 0.0849748938 0.0599496951 0.0309360317 0.0002973613 -0.0296594038 -0.0569154589 -0.0799103656 -0.0976356709 -0.1096508247 -0.1160324600 -0.1172761308 -0.1141728009 -0.1076811846 -0.0988126964 -0.0885398324 -0.0777327416 -0.0671236374 -0.0572951054 -0.0486863948 -0.0416112037
0.0500846630 0.0510940602 0.0512982211 0.0507163607 0.0492945459 0.0469113857 0.0433920603 0.0385319945 0.0321315383 0.0240421750 0.0142227901 0.0028013813 -0.0098664496 -0.0231549985 -0.0361576714 -0.0477237498 -0.0565542970 -0.0613592904 -0.0610638161 -0.0550346084 -0.0432836229 -0.0265980163 -0.0065505510 0.0146368964 0.0343735252 0.0500846630 0.0596319259 0.0616825716 0.0559472938 0.0432325363 0.0252952874 0.0045336100 -0.0164179216 -0.0351018053 -0.0495796202 -0.0586462066 -0.0618942764 -0.0596420067 -0.0527615722 -0.0424585119 -0.0300502937 -0.0167809962 -0.0036928703 0.0084403437 0.0191256387 0.0281227536 0.0353922154 0.0410339639 0.0452274194 0.0481796563
0.0225044897 0.0220749675 0.0221014238 0.0225808900 0.0234576484 0.0246193983 0.0258915071 0.0270326467 0.0277366101 0.0276461232 0.0263844108 0.0236083827 0.0190828909 0.0127684603 0.0049060984 -0.0039254411 -0.0128086706 -0.0205673910 -0.0259376703 -0.0278147462 -0.0255309875 -0.0190952156 -0.0093154377 0.0022560211 0.0135733716 0.0225044897 0.0273000660 0.0270006613 0.0216665502 0.0123631625 0.0009064169 -0.0105577946 -0.0200217137 -0.0260088929 -0.0278035306 -0.0254831187 -0.0197787413 -0.0118273555 -0.0028942191 0.0058670498 0.0135752870 0.0196916717 0.0240108939 0.0265993092 0.0277086847 0.0276893532 0.0269181331 0.0257476897 0.0244772438 0.0233404344
-0.0032913282 -0.0035267817 -0.0034362554 -0.0030172244 -0.0022598549 -0.0011538216 0.0002996452 0.0020711364 0.0040837402 0.0061948538 0.0081853253 0.0097640667 0.0105964350 0.0103614861 0.0088355579 0.0059879856 0.0020619924 -0.0023945441 -0.0065810341 -0.0095929786 -0.0106488648 -0.0093385198 -0.0058097865 -0.0008119573 0.0044481659 0.0086168090 0.0105815891 0.0098086316 0.0065086323 0.0015710284 -0.0037094835 -0.0080152238 -0.0103649238 -0.0103384727 -0.0081146066 -0.0043391248 0.0001070643 0.0043533909 0.0077276904 0.0098510665 0.0106405130 0.0102457410 0.0089560412 0.0071087821 0.0050195414 0.0029411974 0.0010496976 -0.0005508767 -0.0018124713 -0.0027236278
-0.0034751936 -0.0034744383 -0.0034751610 -0.0034709908 -0.0034412744 -0.0033519517 -0.0031580532 -0.0028091651 -0.0022592091 -0.0014811412 -0.0004854229 0.0006616456 0.0018268023 0.0028151164 0.0033999195 0.0033795847 0.0026520826 0.0012846073 -0.0004539299 -0.0021271359 -0.0032420424 -0.0034132051 -0.0025228322 -0.0008051376 0.0011979377 0.0028114907 0.0034730300 0.0029482950 0.0014232591 -0.0005689990 -0.0023536692 -0.0033616848 -0.0033171356 -0.0022981937 -0.0006660366 0.0010900015 0.0025195877 0.0033305797 0.0034324200 0.0029102492 0.0019579191 0.0008025783 -0.0003549606 -0.0013734051 -0.0021788413 -0.0027550628 -0.0031256665 -0.0033353314 -0.0034345638 -0.0034693403
-0.0029613646 -0.0029336357 -0.0028196975 -0.0025697191 -0.0021365537 -0.0014894799 -0.0006319653 0.0003802610 0.0014277284 0.0023314327 0.0028808883 0.0028881820 0.0022589430 0.0010577282 -0.0004635909 -0.0019023357 -0.0028138790 -0.0028671195 -0.0019891943 -0.0004311435 0.0012909705 0.0025727079 0.0029505394 0.0022860999 0.0008222227 -0.0009151120 -0.0023238096 -0.0029493105 -0.0026321633 -0.0015296668 -0.0000215382 0.0014448739 0.0025015342 0.0029491267 0.0027732190 0.0021021070 0.0011368768 0.0000835104 -0.0008941552 -0.0016951383 -0.0022801259 -0.0026572594 -0.0028635837 -0.0029481830 -0.0029598489 -0.0029396454 -0.0029173304 -0.0029101429 -0.0029226250 -0.0029466414
-0.0028046849 -0.0016220775 -0.0001225557 0.0016581647 0.0036280565 0.0056226548 0.0074002608 0.0086572912 0.0090710840 0.0083716527 0.0064333859 0.0033644777 -0.0004392184 -0.0043113484 -0.0074257541 -0.0089941232 -0.0085057968 -0.0059329051 -0.0018162314 0.0028248058 0.0067548769 0.0088850112 0.0086125210 0.0060149396 0.0018248704 -0.0028046849 -0.0066565208 -0.0087990047 -0.0088148684 -0.0068505066 -0.0034975699 0.0004272535 0.0041185226 0.0069631070 0.0086297108 0.0090678202 0.0084428898 0.0070438600 0.0051943973 0.0031871463 0.0012473502 -0.0004773453 -0.0019088714 -0.0030212080 -0.0038203643 -0.0043263567 -0.0045593874 -0.0045308911 -0.0042393954 -0.0036710262
0.0191770611 0.0208439991 0.0223663388 0.0234283814 0.0236648877 0.0226978057 0.0201968788 0.0159615893 0.0100133448 0.0026770460 -0.0053766467 -0.0131585212 -0.0194787185 -0.0231554786 -0.0232846710 -0.0195092270 -0.0122085605 -0.0025326165 0.0077614115 0.0166553235 0.0223228419 0.0235688331 0.0201276633 0.0127305042 0.0029209016 -0.0073249856 -0.0160605808 -0.0217841283 -0.0237038684 -0.0218055362 -0.0167365598 -0.0095682978 -0.0015173334 0.0063010070 0.0130400062 0.0181947908 0.0215930535 0.0233302391 0.0236797391 0.0230035705 0.0216797663 0.0200532209 0.0184094186 0.0169661720 0.0158768965 0.0152392283 0.0151040552 0.0154816109 0.0163428346 0.0176156302
0.0426793345 0.0383170223 0.0324130234 0.0247862043 0.0153908828 0.0043854710 -0.0078066237 -0.0204603979 -0.0325558882 -0.0428449703 -0.0499872246 -0.0527494469 -0.0502446368 -0.0421675316 -0.0289711560 -0.0119287372 0.0069584615 0.0252151671 0.0402752735 0.0499233748 0.0527006528 0.0481819649 0.0370578807 0.0210017052 0.0023537752 -0.0163020552 -0.0325739265 -0.0446191394 -0.0513604697 -0.0525389711 -0.0486198540 -0.0405963440 -0.0297485435 -0.0174107000 -0.0047856023 0.0071744572 0.0178187070 0.0267923588 0.0339924319 0.0395036225 0.0435297762 0.0463315824 0.0481760722 0.0492994345 0.0498820221 0.0500331991 0.0497836142 0.0490832213 0.0478045512 0.0457520419
-0.0309165359 -0.0427225867 -0.0552538306 -0.0678496064 -0.0796655247 -0.0896977164 -0.0968411971 -0.0999852841 -0.0981427621 -0.0906015153 -0.0770789605 -0.0578528534 -0.0338391872 -0.0065909601 0.0217985641 0.0488886409 0.0721613111 0.0893324453 0.0986543941 0.0991581096 0.0907908358 0.0744236774 0.0517276127 0.0249411234 -0.0034282354 -0.0309165359 -0.0553804157 -0.0751998002 -0.0893856911 -0.0975915231 -0.1000429478 -0.0974115012 -0.0906614051 -0.0808964911 -0.0692277969 -0.0566740753 -0.0440993394 -0.0321850904 -0.0214306972 -0.0121735191 -0.0046203118 0.0011174055 0.0049896724 0.0069800220 0.0070854829 0.0053060025 0.0016438826 -0.0038867456 -0.0112409290 -0.0203156345
-0.1616850308 -0.1604324516 -0.1562083827 -0.1483587485 -0.1363434262 -0.1198081881 -0.0986567117 -0.0731135748 -0.0437678967 -0.0115874820 0.0221046573 0.0556956334 0.0873886549 0.1153421540 0.1378285751 0.1533947875 0.1610040903 0.1601409685 0.1508641668 0.1338006180 0.1100810787 0.0812264934 0.0490006493 0.0152484849 -0.0182600688 -0.0499634223 -0.0786064797 -0.1032974099 -0.1235230119 -0.1391278467 -0.1502658363 -0.1573346546 -0.1609030830 -0.1616400089 -0.1602514452 -0.1574293826 -0.1538138825 -0.1499678687 -0.1463627234 -0.1433720587 -0.1412708240 -0.1402371195 -0.1403545727 -0.1416137984 -0.1439122265 -0.1470523775 -0.1507394598 -0.1545799094 -0.1580831335 -0.1606691605
-0.0688060160 -0.0425067373 -0.0140290897 0.0161141236 0.0472495423 0.0785587740 0.1091074985 0.1378875081 0.1638695418 0.1860633159 0.2035799730 0.2156914576 0.2218812185 0.2218812185 0.2156914576 0.2035799730 0.1860633159 0.1638695418 0.1378875081 0.1091074985 0.0785587740 0.0472495423 0.0161141236 -0.0140290897 -0.0425067373 -0.0688060160 -0.0925773291 -0.1136258082 -0.1318941279 -0.1474393345 -0.1604063695 -0.1710006661 -0.1794617310 -0.1860390859 -0.1909714360 -0.1944694959 -0.1967025744 -0.1977888037 -0.1977888037 -0.1967025744 -0.1944694959 -0.1909714360 -0.1860390859 -0.1794617310 -0.1710006661 -0.1604063695 -0.1474393345 -0.1318941279 -0.1136258082 -0.0925773291
0.2113921275 0.2282067527 0.2419597015 0.2522435179 0.2587458274 0.2612657764 0.2597248282 0.2541710358 0.2447764319 0.2318277488 0.2157112327 0.1968927710 0.1758948676 0.1532721626 0.1295871935 0.1053879541 0.0811885364 0.0574537784 0.0345884428 0.0129310456 -0.0072478955 -0.0257437010 -0.0424121554 -0.0571617242 -0.0699442027 -0.0807446078 -0.0895710417 -0.0964451487 -0.1013936599 -0.1044414083 -0.1056060914 -0.1048949621 -0.1023035500 -0.0978164466 -0.0914101314 -0.0830577548 -0.0727357210 -0.0604318198 -0.0461545504 -0.0299431635 -0.0118778319 0.0079107489 0.0292331196 0.0518350128 0.0753943359 0.0995219236 0.1237666224 0.1476250005 0.1705556393 0.1919975831
0.2113921275 0.1919975831 0.1705556393 0.1476250005 0.1237666224 0.0995219236 0.0753943359 0.0518350128 0.0292331196 0.0079107489 -0.0118778319 -0.0299431635 -0.0461545504 -0.0604318198 -0.0727357210 -0.0830577548 -0.0914101314 -0.0978164466 -0.1023035500 -0.1048949621 -0.1056060914 -0.1044414083 -0.1013936599 -0.0964451487 -0.0895710417 -0.0807446078 -0.0699442027 -0.0571617242 -0.0424121554 -0.0257437010 -0.0072478955 0.0129310456 0.0345884428 0.0574537784 0.0811885364 0.1053879541 0.1295871935 0.1532721626 0.1758948676 0.1968927710 0.2157112327 0.2318277488 0.2447764319 0.2541710358 0.2597248282 0.2612657764 0.2587458274 0.2522435179 0.2419597015 0.2282067527
-0.0688060160 -0.0925773291 -0.1136258082 -0.1318941279 -0.1474393345 -0.1604063695 -0.1710006661 -0.1794617310 -0.1860390859 -0.1909714360 -0.1944694959 -0.1967025744 -0.1977888037 -0.1977888037 -0.1967025744 -0.1944694959 -0.1909714360 -0.1860390859 -0.1794617310 -0.1710006661 -0.1604063695 -0.1474393345 -0.1318941279 -0.1136258082 -0.0925773291 -0.0688060160 -0.0425067373 -0.0140290897 0.0161141236 0.0472495423 0.0785587740 0.1091074985 0.1378875081 0.1638695418 0.1860633159 0.2035799730 0.2156914576 0.2218812185 0.2218812185 0.2156914576 0.2035799730 0.1860633159 0.1638695418 0.1378875081 0.1091074985 0.0785587740 0.0472495423 0.0161141236 -0.0140290897 -0.0425067373
-0.1616850308 -0.1606691605 -0.1580831335 -0.1545799094 -0.1507394598 -0.1470523775 -0.1439122265 -0.1416137984 -0.1403545727 -0.1402371195 -0.1412708240 -0.1433720587 -0.1463627234 -0.1499678687 -0.1538138825 -0.1574293826 -0.1602514452 -0.1616400089 -0.1609030830 -0.1573346546 -0.1502658363 -0.1391278467 -0.1235230119 -0.1032974099 -0.0786064797 -0.0499634223 -0.0182600688 0.0152484849 0.0490006493 0.0812264934 0.1100810787 0.1338006180 0.1508641668 0.1601409685 0.1610040903 0.1533947875 0.1378285751 0.1153421540 0.0873886549 0.0556956334 0.0221046573 -0.0115874820 -0.0437678967 -0.0731135748 -0.0986567117 -0.1198081881 -0.1363434262 -0.1483587485 -0.1562083827 -0.1604324516
-0.0309165359 -0.0203156345 -0.0112409290 -0.0038867456 0.0016438826 0.0053060025 0.0070854829 0.0069800220 0.0049896724 0.0011174055 -0.0046203118 -0.0121735191 -0.0214306972 -0.0321850904 -0.0440993394 -0.0566740753 -0.0692277969 -0.0808964911 -0.0906614051 -0.0974115012 -0.1000429478 -0.0975915231 -0.0893856911 -0.0751998002 -0.0553804157 -0.0309165359 -0.0034282354 0.0249411234 0.0517276127 0.0744236774 0.0907908358 0.0991581096 0.0986543941 0.0893324453 0.0721613111 0.0488886409 0.0217985641 -0.0065909601 -0.0338391872 -0.0578528534 -0.0770789605 -0.0906015153 -0.0981427621 -0.0999852841 -0.0968411971 -0.0896977164 -0.0796655247 -0.0678496064 -0.0552538306 -0.0427225867
0.0426793345 0.0457520419 0.0478045512 0.0490832213 0.0497836142 0.0500331991 0.0498820221 0.0492994345 0.0481760722 0.0463315824 0.0435297762 0.0395036225 0.0339924319 0.0267923588 0.0178187070 0.0071744572 -0.0047856023 -0.0174107000 -0.0297485435 -0.0405963440 -0.0486198540 -0.0525389711 -0.0513604697 -0.0446191394 -0.0325739265 -0.0163020552 0.0023537752 0.0210017052 0.0370578807 0.0481819649 0.0527006528 0.0499233748 0.0402752735 0.0252151671 0.0069584615 -0.0119287372 -0.0289711560 -0.0421675316 -0.0502446368 -0.0527494469 -0.0499872246 -0.0428449703 -0.0325558882 -0.0204603979 -0.0078066237 0.0043854710 0.0153908828 0.0247862043 0.0324130234 0.0383170223
0.0191770611 0.0176156302 0.0163428346 0.0154816109 0.0151040552 0.0152392283 0.0158768965 0.0169661720 0.0184094186 0.0200532209 0.0216797663 0.0230035705 0.0236797391 0.0233302391 0.0215930535 0.0181947908 0.0130400062 0.0063010070 -0.0015173334 -0.0095682978 -0.0167365598 -0.0218055362 -0.0237038684 -0.0217841283 -0.0160605808 -0.0073249856 0.0029209016 0.0127305042 0.0201276633 0.0235688331 0.0223228419 0.0166553235 0.0077614115 -0.0025326165 -0.0122085605 -0.0195092270 -0.0232846710 -0.0231554786 -0.0194787185 -0.0131585212 -0.0053766467 0.0026770460 0.0100133448 0.0159615893 0.0201968788 0.0226978057 0.0236648877 0.0234283814 0.0223663388 0.0208439991
-0.0028046849 -0.0036710262 -0.0042393954 -0.0045308911 -0.0045593874 -0.0043263567 -0.0038203643 -0.0030212080 -0.0019088714 -0.0004773453 0.0012473502 0.0031871463 0.0051943973 0.0070438600 0.0084428898 0.0090678202 0.0086297108 0.0069631070 0.0041185226 0.0004272535 -0.0034975699 -0.0068505066 -0.0088148684 -0.0087990047 -0.0066565208 -0.0028046849 0.0018248704 0.0060149396 0.0086125210 0.0088850112 0.0067548769 0.0028248058 -0.0018162314 -0.0059329051 -0.0085057968 -0.0089941232 -0.0074257541 -0.0043113484 -0.0004392184 0.0033644777 0.0064333859 0.0083716527 0.0090710840 0.0086572912 0.0074002608 0.0056226548 0.0036280565 0.0016581647 -0.0001225557 -0.0016220775
-0.0029613646 -0.0029466414 -0.0029226250 -0.0029101429 -0.0029173304 -0.0029396454 -0.0029598489 -0.0029481830 -0.0028635837 -0.0026572594 -0.0022801259 -0.0016951383 -0.0008941552 0.0000835104 0.0011368768 0.0021021070 0.0027732190 0.0029491267 0.0025015342 0.0014448739 -0.0000215382 -0.0015296668 -0.0026321633 -0.0029493105 -0.0023238096 -0.0009151120 0.0008222227 0.0022860999 0.0029505394 0.0025727079 0.0012909705 -0.0004311435 -0.0019891943 -0.0028671195 -0.0028138790 -0.0019023357 -0.0004635909 0.0010577282 0.0022589430 0.0028881820 0.0028808883 0.0023314327 0.0014277284 0.0003802610 -0.0006319653 -0.0014894799 -0.0021365537 -0.0025697191 -0.0028196975 -0.0029336357
-0.0021503921 -0.0021004873 -0.0019191049 -0.0015651649 -0.0010185095 -0.0002973244 0.0005268938 0.0013249116 0.0019246318 0.0021503102 0.0018820114 0.0011184809 0.0000159350 -0.0011254634 -0.0019406477 -0.0021283087 -0.0015820728 -0.0004621979 0.0008384318 0.0018349347 0.0021442836 0.0016460326 0.0005338435 -0.0007671514 -0.0017772373 -0.0021503921 -0.0017921101 -0.0008656998 0.0002991884 0.0013426875 0.0019946457 0.0021380324 0.0018077610 0.0011432838 0.0003243247 -0.0004847246 -0.0011680822 -0.0016680915 -0.0019774134 -0.0021228143 -0.0021480604 -0.0021003456 -0.0020217202 -0.0019449870 -0.0018926324 -0.0018772456 -0.0019022145 -0.0019619749 -0.0020416153 -0.0021161621
-0.0020366192 -0.0006630747 0.0009457427 0.0026825692 0.0043642737 0.0057378294 0.0065117791 0.0064170123 0.0052908060 0.0031646466 0.0003240896 -0.0026949550 -0.0051978309 -0.0065067184 -0.0061781803 -0.0041886562 -0.0010069022 0.0024981471 0.0053050585 0.0065663425 0.0058945905 0.0034965971 0.0001015373 -0.0032878158 -0.0057224899 -0.0065906382 -0.0057625857 -0.0035666649 -0.0006309799 0.0023330533 0.0047257187 0.0061789834 0.0065860824 0.0060578848 0.0048399776 0.0032246904 0.0014818101 -0.0001819978 -0.0016363311 -0.0028203627 -0.0037255207 -0.0043752143 -0.0048065180 -0.0050560689 -0.0051505720 -0.0051013852 -0.0049025053 -0.0045316135 -0.0039543630 -0.0031325224
0.0139254045 0.0157348400 0.0169344335 0.0171538214 0.0160473050 0.0133759554 0.0091033059 0.0034820724 -0.0028996423 -0.0091455640 -0.0141736827 -0.0169307035 -0.0166609743 -0.0131598970 -0.0069262053 0.0008588731 0.0085521164 0.0144294256 0.0171264841 0.0160059793 0.0113334791 0.0042038435 -0.0037573996 -0.0108203524 -0.0155719713 -0.0172127466 -0.0156617063 -0.0114700358 -0.0055997497 0.0008486907 0.0068803537 0.0117691750 0.0151236556 0.0168678060 0.0171672876 0.0163341155 0.0147368266 0.0127321134 0.0106232508 0.0086428997 0.0069538097 0.0056599476 0.0048215072 0.0044689851 0.0046132574 0.0052500104 0.0063579143 0.0078907843 0.0097649032 0.0118439238
0.0309915576 0.0256618255 0.0185047564 0.0096124756 -0.0006306149 -0.0115070824 -0.0219805471 -0.0307845215 -0.0365930368 -0.0382591351 -0.0350823781 -0.0270450645 -0.0149479321 -0.0003870500 0.0144538015 0.0271729258 0.0356105300 0.0382919191 0.0347422020 0.0255894244 0.0124283619 -0.0025184183 -0.0168531559 -0.0284559342 -0.0358348485 -0.0383076720 -0.0359999693 -0.0296911428 -0.0205696026 -0.0099661061 0.0008769070 0.0109646580 0.0196274750 0.0265257307 0.0316032878 0.0350136437 0.0370398462 0.0380228163 0.0383056658 0.0381957242 0.0379420735 0.0377244739 0.0376492284 0.0377482758 0.0379791461 0.0382250459 0.0382960447 0.0379339393 0.0368246616 0.0346227091
-0.0224500128 -0.0361045604 -0.0491254862 -0.0603654141 -0.0685591403 -0.0724690833 -0.0710731933 -0.0637709017 -0.0505704019 -0.0322138710 -0.0101999745 0.0133228901 0.0357948047 0.0545863540 0.0673889959 0.0725808100 0.0694937030 0.0585256249 0.0410735827 0.0193019429 -0.0042046673 -0.0268327354 -0.0463005517 -0.0609269490 -0.0697727570 -0.0726497674 -0.0700183611 -0.0628119436 -0.0522319006 -0.0395521914 -0.0259614460 -0.0124567134 0.0002095346 0.0115366517 0.0212497217 0.0292536336 0.0355792640 0.0403307176 0.0436392934 0.0456270271 0.0463806797 0.0459359835 0.0442716596 0.0413129466 0.0369448017 0.0310352386 0.0234691310 0.0141919624 0.0032612680 -0.0090991048
-0.1174074294 -0.1149856821 -0.1072742857 -0.0938681671 -0.0748080783 -0.0506693847 -0.0225982210 0.0077225923 0.0381863300 0.0664494038 0.0901738601 0.1072937902 0.1162661997 0.1162661997 0.1072937902 0.0901738601 0.0664494038 0.0381863300 0.0077225923 -0.0225982210 -0.0506693847 -0.0748080783 -0.0938681671 -0.1072742857 -0.1149856821 -0.1174074294 -0.1152709700 -0.1095057248 -0.1011197727 -0.0911019136 -0.0803512896 -0.0696353242 -0.0595727521 -0.0506361584 -0.0431675691 -0.0374008570 -0.0334856258 -0.0315084333 -0.0315084333 -0.0334856258 -0.0374008570 -0.0431675691 -0.0506361584 -0.0595727521 -0.0696353242 -0.0803512896 -0.0911019136 -0.1011197727 -0.1095057248 -0.1152709700
-0.0499634223 -0.0182600688 0.0152484849 0.0490006493 0.0812264934 0.1100810787 0.1338006180 0.1508641668 0.1601409685 0.1610040903 0.1533947875 0.1378285751 0.1153421540 0.0873886549 0.0556956334 0.0221046573 -0.0115874820 -0.0437678967 -0.0731135748 -0.0986567117 -0.1198081881 -0.1363434262 -0.1483587485 -0.1562083827 -0.1604324516 -0.1616850308 -0.1606691605 -0.1580831335 -0.1545799094 -0.1507394598 -0.1470523775 -0.1439122265 -0.1416137984 -0.1403545727 -0.1402371195 -0.1412708240 -0.1433720587 -0.1463627234 -0.1499678687 -0.1538138825 -0.1574293826 -0.1602514452 -0.1616400089 -0.1609030830 -0.1573346546 -0.1502658363 -0.1391278467 -0.1235230119 -0.1032974099 -0.0786064797
0.1535021898 0.1724809153 0.1847592117 0.1896621829 0.1869167929 0.1766761304 0.1595058010 0.1363341230 0.1083722224 0.0770135732 0.0437244926 0.0099373346 -0.0230432489 -0.0541132279 -0.0824168527 -0.1073680419 -0.1286475284 -0.1461800602 -0.1600972711 -0.1706921914 -0.1783709236 -0.1836059889 -0.1868945588 -0.1887234393 -0.1895414818 -0.1897391413 -0.1896342677 -0.1894628877 -0.1893737005 -0.1894251957 -0.1895846482 -0.1897286827 -0.1896455761 -0.1890399206 -0.1875406568 -0.1847137257 -0.1800806221 -0.1731438896 -0.1634200522 -0.1504796072 -0.1339925694 -0.1137767329 -0.0898444897 -0.0624429266 -0.0320812890 0.0004599991 0.0341435368 0.0677151329 0.0997698810 0.1288406598
0.1535021898 0.1288406598 0.0997698810 0.0677151329 0.0341435368 0.0004599991 -0.0320812890 -0.0624429266 -0.0898444897 -0.1137767329 -0.1339925694 -0.1504796072 -0.1634200522 -0.1731438896 -0.1800806221 -0.1847137257 -0.1875406568 -0.1890399206 -0.1896455761 -0.1897286827 -0.1895846482 -0.1894251957 -0.1893737005 -0.1894628877 -0.1896342677 -0.1897391413 -0.1895414818 -0.1887234393 -0.1868945588 -0.1836059889 -0.1783709236 -0.1706921914 -0.1600972711 -0.1461800602 -0.1286475284 -0.1073680419 -0.0824168527 -0.0541132279 -0.0230432489 0.0099373346 0.0437244926 0.0770135732 0.1083722224 0.1363341230 0.1595058010 0.1766761304 0.1869167929 0.1896621829 0.1847592117 0.1724809153
-0.0499634223 -0.0786064797 -0.1032974099 -0.1235230119 -0.1391278467 -0.1502658363 -0.1573346546 -0.1609030830 -0.1616400089 -0.1602514452 -0.1574293826 -0.1538138825 -0.1499678687 -0.1463627234 -0.1433720587 -0.1412708240 -0.1402371195 -0.1403545727 -0.1416137984 -0.1439122265 -0.1470523775 -0.1507394598 -0.1545799094 -0.1580831335 -0.1606691605 -0.1616850308 -0.1604324516 -0.1562083827 -0.1483587485 -0.1363434262 -0.1198081881 -0.0986567117 -0.0731135748 -0.0437678967 -0.0115874820 0.0221046573 0.0556956334 0.0873886549 0.1153421540 0.1378285751 0.1533947875 0.1610040903 0.1601409685 0.1508641668 0.1338006180 0.1100810787 0.0812264934 0.0490006493 0.0152484849 -0.0182600688
-0.1174074294 -0.1152709700 -0.1095057248 -0.1011197727 -0.0911019136 -0.0803512896 -0.0696353242 -0.0595727521 -0.0506361584 -0.0431675691 -0.0374008570 -0.0334856258 -0.0315084333 -0.0315084333 -0.0334856258 -0.0374008570 -0.0431675691 -0.0506361584 -0.0595727521 -0.0696353242 -0.0803512896 -0.0911019136 -0.1011197727 -0.1095057248 -0.1152709700 -0.1174074294 -0.1149856821 -0.1072742857 -0.0938681671 -0.0748080783 -0.0506693847 -0.0225982210 0.0077225923 0.0381863300 0.0664494038 0.0901738601 0.1072937902 0.1162661997 0.1162661997 0.1072937902 0.0901738601 0.0664494038 0.0381863300 0.0077225923 -0.0225982210 -0.0506693847 -0.0748080783 -0.0938681671 -0.1072742857 -0.1149856821
-0.0224500128 -0.0090991048 0.0032612680 0.0141919624 0.0234691310 0.0310352386 0.0369448017 0.0413129466 0.0442716596 0.0459359835 0.0463806797 0.0456270271 0.0436392934 0.0403307176 0.0355792640 0.0292536336 0.0212497217 0.0115366517 0.0002095346 -0.0124567134 -0.0259614460 -0.0395521914 -0.0522319006 -0.0628119436 -0.0700183611 -0.0726497674 -0.0697727570 -0.0609269490 -0.0463005517 -0.0268327354 -0.0042046673 0.0193019429 0.0410735827 0.0585256249 0.0694937030 0.0725808100 0.0673889959 0.0545863540 0.0357948047 0.0133228901 -0.0101999745 -0.0322138710 -0.0505704019 -0.0637709017 -0.0710731933 -0.0724690833 -0.0685591403 -0.0603654141 -0.0491254862 -0.0361045604
0.0309915576 0.0346227091 0.0368246616 0.0379339393 0.0382960447 0.0382250459 0.0379791461 0.0377482758 0.0376492284 0.0377244739 0.0379420735 0.0381957242 0.0383056658 0.0380228163 0.0370398462 0.0350136437 0.0316032878 0.0265257307 0.0196274750 0.0109646580 0.0008769070 -0.0099661061 -0.0205696026 -0.0296911428 -0.0359999693 -0.0383076720 -0.0358348485 -0.0284559342 -0.0168531559 -0.0025184183 0.0124283619 0.0255894244 0.0347422020 0.0382919191 0.0356105300 0.0271729258 0.0144538015 -0.0003870500 -0.0149479321 -0.0270450645 -0.0350823781 -0.0382591351 -0.0365930368 -0.0307845215 -0.0219805471 -0.0115070824 -0.0006306149 0.0096124756 0.0185047564 0.0256618255
0.0139254045 0.0118439238 0.0097649032 0.0078907843 0.0063579143 0.0052500104 0.0046132574 0.0044689851 0.0048215072 0.0056599476 0.0069538097 0.0086428997 0.0106232508 0.0127321134 0.0147368266 0.0163341155 0.0171672876 0.0168678060 0.0151236556 0.0117691750 0.0068803537 0.0008486907 -0.0055997497 -0.0114700358 -0.0156617063 -0.0172127466 -0.0155719713 -0.0108203524 -0.0037573996 0.0042038435 0.0113334791 0.0160059793 0.0171264841 0.0144294256 0.0085521164 0.0008588731 -0.0069262053 -0.0131598970 -0.0166609743 -0.0169307035 -0.0141736827 -0.0091455640 -0.0028996423 0.0034820724 0.0091033059 0.0133759554 0.0160473050 0.0171538214 0.0169344335 0.0157348400
-0.0020366192 -0.0031325224 -0.0039543630 -0.0045316135 -0.0049025053 -0.0051013852 -0.0051505720 -0.0050560689 -0.0048065180 -0.0043752143 -0.0037255207 -0.0028203627 -0.0016363311 -0.0001819978 0.0014818101 0.0032246904 0.0048399776 0.0060578848 0.0065860824 0.0061789834 0.0047257187 0.0023330533 -0.0006309799 -0.0035666649 -0.0057625857 -0.0065906382 -0.0057224899 -0.0032878158 0.0001015373 0.0034965971 0.0058945905 0.0065663425 0.0053050585 0.0024981471 -0.0010069022 -0.0041886562 -0.0061781803 -0.0065067184 -0.0051978309 -0.0026949550 0.0003240896 0.0031646466 0.0052908060 0.0064170123 0.0065117791 0.0057378294 0.0043642737 0.0026825692 0.0009457427 -0.0006630747
-0.0021503921 -0.0021161621 -0.0020416153 -0.0019619749 -0.0019022145 -0.0018772456 -0.0018926324 -0.0019449870 -0.0020217202 -0.0021003456 -0.0021480604 -0.0021228143 -0.0019774134 -0.0016680915 -0.0011680822 -0.0004847246 0.0003243247 0.0011432838 0.0018077610 0.0021380324 0.0019946457 0.0013426875 0.0002991884 -0.0008656998 -0.0017921101 -0.0021503921 -0.0017772373 -0.0007671514 0.0005338435 0.0016460326 0.0021442836 0.0018349347 0.0008384318 -0.0004621979 -0.0015820728 -0.0021283087 -0.0019406477 -0.0011254634 0.0000159350 0.0011184809 0.0018820114 0.0021503102 0.0019246318 0.0013249116 0.0005268938 -0.0002973244 -0.0010185095 -0.0015651649 -0.0019191049 -0.0021004873
-0.0013306269 -0.0012732378 -0.0010786525 -0.0007288949 -0.0002394057 0.0003287038 0.0008674916 0.0012396496 0.0013170376 0.0010327579 0.0004276572 -0.0003343701 -0.0010021455 -0.0013234478 -0.0011528184 -0.0005312633 0.0003089165 0.0010294342 0.0013298946 0.0010830647 0.0003935429 -0.0004505250 -0.0011076715 -0.0013295246 -0.0010543008 -0.0004111863 0.0003535715 0.0009840617 0.0013049348 0.0012627812 0.0009153479 0.0003870184 -0.0001837443 -0.0006848523 -0.0010502224 -0.0012602092 -0.0013300962 -0.0012946429 -0.0011944413 -0.0010667550 -0.0009410437 -0.0008380159 -0.0007706660 -0.0007459453 -0.0007661316 -0.0008293754 -0.0009292523 -0.0010534601 -0.0011821424 -0.0012867323
-0.0012602261 -0.0000891997 0.0012110010 0.0024831847 0.0035092824 0.0040458289 0.0038865992 0.0029416329 0.0013081664 -0.0006999584 -0.0025941503 -0.0038329853 -0.0039984487 -0.0029664265 -0.0009966193 0.0013135032 0.0032138155 0.0040648689 0.0035753960 0.0019132481 -0.0003587193 -0.0024936990 -0.0038283740 -0.0039983260 -0.0030251090 -0.0012602261 0.0007703750 0.0025481213 0.0037030012 0.0040780459 0.0037172751 0.0028027961 0.0015750358 0.0002638848 -0.0009546339 -0.0019743897 -0.0027543293 -0.0033021688 -0.0036548752 -0.0038613217 -0.0039694869 -0.0040183579 -0.0040335313 -0.0040252166 -0.0039876229 -0.0038992944 -0.0037246430 -0.0034175546 -0.0029283334 -0.0022151453
0.0086168090 0.0100465152 0.0106482524 0.0101161292 0.0082643715 0.0051223660 0.0010068063 -0.0034649612 -0.0074500402 -0.0100508377 -0.0105536638 -0.0086703071 -0.0046967488 0.0004867703 0.0056046048 0.0093253925 0.0106504290 0.0092189207 0.0054205405 0.0002739133 -0.0048843261 -0.0087884492 -0.0105789542 -0.0099841931 -0.0073130514 -0.0032913282 0.0011812993 0.0052682083 0.0083631665 0.0101615963 0.0106442500 0.0100034901 0.0085480218 0.0066152892 0.0045083658 0.0024619688 0.0006336682 -0.0008876847 -0.0020646733 -0.0028918384 -0.0033783033 -0.0035347225 -0.0033653889 -0.0028656739 -0.0020247985 -0.0008339359 0.0007005427 0.0025395582 0.0045918352 0.0066968283
0.0191770611 0.0144424631 0.0080533117 0.0004306454 -0.0076581967 -0.0151510137 -0.0208355634 -0.0235800080 -0.0226097595 -0.0177626804 -0.0096412207 0.0004073062 0.0105100744 0.0186554019 0.0231551252 0.0230559998 0.0183791690 0.0101148020 -0.0000264475 -0.0100295688 -0.0180368241 -0.0227289122 -0.0235362062 -0.0206503900 -0.0148664553 -0.0073249856 0.0007639440 0.0083481938 0.0146744380 0.0193359440 0.0222444688 0.0235553640 0.0235756857 0.0226783946 0.0212360751 0.0195785635 0.0179723882 0.0166164473 0.0156473832 0.0151487510 0.0151594872 0.0156787814 0.0166659676 0.0180354642 0.0196482071 0.0213025399 0.0227291202 0.0235957885 0.0235289402 0.0221568812
-0.0138916950 -0.0253462871 -0.0352164351 -0.0421578991 -0.0449408590 -0.0427040841 -0.0351995205 -0.0229647476 -0.0073634218 0.0095442672 0.0253003814 0.0374702803 0.0440992726 0.0440992726 0.0374702803 0.0253003814 0.0095442672 -0.0073634218 -0.0229647476 -0.0351995205 -0.0427040841 -0.0449408590 -0.0421578991 -0.0352164351 -0.0253462871 -0.0138916950 -0.0020973104 0.0090369569 0.0188252590 0.0268991671 0.0331643831 0.0377324024 0.0408457801 0.0428100328 0.0439391242 0.0445164145 0.0447695430 0.0448560208 0.0448560208 0.0447695430 0.0445164145 0.0439391242 0.0428100328 0.0408457801 0.0377324024 0.0331643831 0.0268991671 0.0188252590 0.0090369569 -0.0020973104
-0.0726497674 -0.0697727570 -0.0609269490 -0.0463005517 -0.0268327354 -0.0042046673 0.0193019429 0.0410735827 0.0585256249 0.0694937030 0.0725808100 0.0673889959 0.0545863540 0.0357948047 0.0133228901 -0.0101999745 -0.0322138710 -0.0505704019 -0.0637709017 -0.0710731933 -0.0724690833 -0.0685591403 -0.0603654141 -0.0491254862 -0.0361045604 -0.0224500128 -0.0090991048 0.0032612680 0.0141919624 0.0234691310 0.0310352386 0.0369448017 0.0413129466 0.0442716596 0.0459359835 0.0463806797 0.0456270271 0.0436392934 0.0403307176 0.0355792640 0.0292536336 0.0212497217 0.0115366517 0.0002095346 -0.0124567134 -0.0259614460 -0.0395521914 -0.0522319006 -0.0628119436 -0.0700183611
-0.0309165359 -0.0034282354 0.0249411234 0.0517276127 0.0744236774 0.0907908358 0.0991581096 0.0986543941 0.0893324453 0.0721613111 0.0488886409 0.0217985641 -0.0065909601 -0.0338391872 -0.0578528534 -0.0770789605 -0.0906015153 -0.0981427621 -0.0999852841 -0.0968411971 -0.0896977164 -0.0796655247 -0.0678496064 -0.0552538306 -0.0427225867 -0.0309165359 -0.0203156345 -0.0112409290 -0.0038867456 0.0016438826 0.0053060025 0.0070854829 0.0069800220 0.0049896724 0.0011174055 -0.0046203118 -0.0121735191 -0.0214306972 -0.0321850904 -0.0440993394 -0.0566740753 -0.0692277969 -0.0808964911 -0.0906614051 -0.0974115012 -0.1000429478 -0.0975915231 -0.0893856911 -0.0751998002 -0.0553804157
0.0949846057 0.1102526039 0.1171022792 0.1149021470 0.1038557003 0.0849748938 0.0599496951 0.0309360317 0.0002973613 -0.0296594038 -0.0569154589 -0.0799103656 -0.0976356709 -0.1096508247 -0.1160324600 -0.1172761308 -0.1141728009 -0.1076811846 -0.0988126964 -0.0885398324 -0.0777327416 -0.0671236374 -0.0572951054 -0.0486863948 -0.0416112037 -0.0362808910 -0.0328280512 -0.0313266110 -0.0318058119 -0.0342565110 -0.0386291542 -0.0448236279 -0.0526720661 -0.0619166763 -0.0721857866 -0.0829725518 -0.0936219125 -0.1033321849 -0.1111776478 -0.1161572833 -0.1172720772 -0.1136289178 -0.1045634678 -0.0897682310 -0.0694066668 -0.0441911886 -0.0154036810 0.0151572715 0.0453080591 0.0726827402
0.0949846057 0.0726827402 0.0453080591 0.0151572715 -0.0154036810 -0.0441911886 -0.0694066668 -0.0897682310 -0.1045634678 -0.1136289178 -0.1172720772 -0.1161572833 -0.1111776478 -0.1033321849 -0.0936219125 -0.0829725518 -0.0721857866 -0.0619166763 -0.0526720661 -0.0448236279 -0.0386291542 -0.0342565110 -0.0318058119 -0.0313266110 -0.0328280512 -0.0362808910 -0.0416112037 -0.0486863948 -0.0572951054 -0.0671236374 -0.0777327416 -0.0885398324 -0.0988126964 -0.1076811846 -0.1141728009 -0.1172761308 -0.1160324600 -0.1096508247 -0.0976356709 -0.0799103656 -0.0569154589 -0.0296594038 0.0002973613 0.0309360317 0.0599496951 0.0849748938 0.1038557003 0.1149021470 0.1171022792 0.1102526039
-0.0309165359 -0.0553804157 -0.0751998002 -0.0893856911 -0.0975915231 -0.1000429478 -0.0974115012 -0.0906614051 -0.0808964911 -0.0692277969 -0.0566740753 -0.0440993394 -0.0321850904 -0.0214306972 -0.0121735191 -0.0046203118 0.0011174055 0.0049896724 0.0069800220 0.0070854829 0.0053060025 0.0016438826 -0.0038867456 -0.0112409290 -0.0203156345 -0.0309165359 -0.0427225867 -0.0552538306 -0.0678496064 -0.0796655247 -0.0896977164 -0.0968411971 -0.0999852841 -0.0981427621 -0.0906015153 -0.0770789605 -0.0578528534 -0.0338391872 -0.0065909601 0.0217985641 0.0488886409 0.0721613111 0.0893324453 0.0986543941 0.0991581096 0.0907908358 0.0744236774 0.0517276127 0.0249411234 -0.0034282354
-0.0726497674 -0.0700183611 -0.0628119436 -0.0522319006 -0.0395521914 -0.0259614460 -0.0124567134 0.0002095346 0.0115366517 0.0212497217 0.0292536336 0.0355792640 0.0403307176 0.0436392934 0.0456270271 0.0463806797 0.0459359835 0.0442716596 0.0413129466 0.0369448017 0.0310352386 0.0234691310 0.0141919624 0.0032612680 -0.0090991048 -0.0224500128 -0.0361045604 -0.0491254862 -0.0603654141 -0.0685591403 -0.0724690833 -0.0710731933 -0.0637709017 -0.0505704019 -0.0322138710 -0.0101999745 0.0133228901 0.0357948047 0.0545863540 0.0673889959 0.0725808100 0.0694937030 0.0585256249 0.0410735827 0.0193019429 -0.0042046673 -0.0268327354 -0.0463005517 -0.0609269490 -0.0697727570
-0.0138916950 -0.0020973104 0.0090369569 0.0188252590 0.0268991671 0.0331643831 0.0377324024 0.0408457801 0.0428100328 0.0439391242 0.0445164145 0.0447695430 0.0448560208 0.0448560208 0.0447695430 0.0445164145 0.0439391242 0.0428100328 0.0408457801 0.0377324024 0.0331643831 0.0268991671 0.0188252590 0.0090369569 -0.0020973104 -0.0138916950 -0.0253462871 -0.0352164351 -0.0421578991 -0.0449408590 -0.0427040841 -0.0351995205 -0.0229647476 -0.0073634218 0.0095442672 0.0253003814 0.0374702803 0.0440992726 0.0440992726 0.0374702803 0.0253003814 0.0095442672 -0.0073634218 -0.0229647476 -0.0351995205 -0.0427040841 -0.0449408590 -0.0421578991 -0.0352164351 -0.0253462871
0.0191770611 0.0221568812 0.0235289402 0.0235957885 0.0227291202 0.0213025399 0.0196482071 0.0180354642 0.0166659676 0.0156787814 0.0151594872 0.0151487510 0.0156473832 0.0166164473 0.0179723882 0.0195785635 0.0212360751 0.0226783946 0.0235756857 0.0235553640 0.0222444688 0.0193359440 0.0146744380 0.0083481938 0.0007639440 -0.0073249856 -0.0148664553 -0.0206503900 -0.0235362062 -0.0227289122 -0.0180368241 -0.0100295688 -0.0000264475 0.0101148020 0.0183791690 0.0230559998 0.0231551252 0.0186554019 0.0105100744 0.0004073062 -0.0096412207 -0.0177626804 -0.0226097595 -0.0235800080 -0.0208355634 -0.0151510137 -0.0076581967 0.0004306454 0.0080533117 0.0144424631
0.0086168090 0.0066968283 0.0045918352 0.0025395582 0.0007005427 -0.0008339359 -0.0020247985 -0.0028656739 -0.0033653889 -0.0035347225 -0.0033783033 -0.0028918384 -0.0020646733 -0.0008876847 0.0006336682 0.0024619688 0.0045083658 0.0066152892 0.0085480218 0.0100034901 0.0106442500 0.0101615963 0.0083631665 0.0052682083 0.0011812993 -0.0032913282 -0.0073130514 -0.0099841931 -0.0105789542 -0.0087884492 -0.0048843261 0.0002739133 0.0054205405 0.0092189207 0.0106504290 0.0093253925 0.0056046048 0.0004867703 -0.0046967488 -0.0086703071 -0.0105536638 -0.0100508377 -0.0074500402 -0.0034649612 0.0010068063 0.0051223660 0.0082643715 0.0101161292 0.0106482524 0.0100465152
-0.0012602261 -0.0022151453 -0.0029283334 -0.0034175546 -0.0037246430 -0.0038992944 -0.0039876229 -0.0040252166 -0.0040335313 -0.0040183579 -0.0039694869 -0.0038613217 -0.0036548752 -0.0033021688 -0.0027543293 -0.0019743897 -0.0009546339 0.0002638848 0.0015750358 0.0028027961 0.0037172751 0.0040780459 0.0037030012 0.0025481213 0.0007703750 -0.0012602261 -0.0030251090 -0.0039983260 -0.0038283740 -0.0024936990 -0.0003587193 0.0019132481 0.0035753960 0.0040648689 0.0032138155 0.0013135032 -0.0009966193 -0.0029664265 -0.0039984487 -0.0038329853 -0.0025941503 -0.0006999584 0.0013081664 0.0029416329 0.0038865992 0.0040458289 0.0035092824 0.0024831847 0.0012110010 -0.0000891997
-0.0013306269 -0.0012867323 -0.0011821424 -0.0010534601 -0.0009292523 -0.0008293754 -0.0007661316 -0.0007459453 -0.0007706660 -0.0008380159 -0.0009410437 -0.0010667550 -0.0011944413 -0.0012946429 -0.0013300962 -0.0012602092 -0.0010502224 -0.0006848523 -0.0001837443 0.0003870184 0.0009153479 0.0012627812 0.0013049348 0.0009840617 0.0003535715 -0.0004111863 -0.0010543008 -0.0013295246 -0.0011076715 -0.0004505250 0.0003935429 0.0010830647 0.0013298946 0.0010294342 0.0003089165 -0.0005312633 -0.0011528184 -0.0013234478 -0.0010021455 -0.0003343701 0.0004276572 0.0010327579 0.0013170376 0.0012396496 0.0008674916 0.0003287038 -0.0002394057 -0.0007288949 -0.0010786525 -0.0012732378
-0.0007016295 -0.0006532130 -0.0004972859 -0.0002367879 0.0000920743 0.0004178477 0.0006467747 0.0006923174 0.0005141198 0.0001498180 -0.0002805969 -0.0006103558 -0.0006945441 -0.0004827006 -0.0000558143 0.0003995998 0.0006751743 0.0006420806 0.0003158779 -0.0001513863 -0.0005473682 -0.0007016067 -0.0005597923 -0.0001961575 0.0002336751 0.0005676302 0.0007008318 0.0006129150 0.0003566635 0.0000230977 -0.0002966495 -0.0005377546 -0.0006712758 -0.0006998611 -0.0006462905 -0.0005411965 -0.0004138409 -0.0002871535 -0.0001764291 -0.0000903363 -0.0000329095 -0.0000055722 -0.0000086478 -0.0000421112 -0.0001055039 -0.0001970181 -0.0003118552 -0.0004401529 -0.0005651013 -0.0006622854
-0.0006645077 0.0001225719 0.0009527196 0.0016711963 0.0020976079 0.0020768598 0.0015432905 0.0005749061 -0.0005918876 -0.0016096162 -0.0021285307 -0.0019339923 -0.0010544618 0.0002179753 0.0014201629 0.0020956017 0.0019824390 0.0011247741 -0.0001462320 -0.0013522756 -0.0020620802 -0.0020516108 -0.0013658887 -0.0002699175 0.0008737757 0.0017397037 0.0021331838 0.0020194073 0.0014949895 0.0007281445 -0.0001036317 -0.0008584966 -0.0014508119 -0.0018506322 -0.0020704646 -0.0021478376 -0.0021296729 -0.0020612666 -0.0019801737 -0.0019138724 -0.0018796424 -0.0018852492 -0.0019294657 -0.0020019808 -0.0020827653 -0.0021414913 -0.0021381092 -0.0020260712 -0.0017597242 -0.0013067116
0.0045435781 0.0054279776 0.0055651319 0.0047769762 0.0030574263 0.0006354654 -0.0020200579 -0.0042795404 -0.0055143160 -0.0053020452 -0.0036046255 -0.0008396112 0.0022053913 0.0046064118 0.0056096017 0.0048948879 0.0026905856 -0.0003085035 -0.0031855119 -0.0051092989 -0.0055877112 -0.0045813223 -0.0024568525 0.0001777018 0.0026794279 0.0045435781 0.0054980024 0.0055115414 0.0047385265 0.0034342794 0.0018735148 0.0002914905 -0.0011458546 -0.0023466234 -0.0032812250 -0.0039632238 -0.0044296024 -0.0047243014 -0.0048863769 -0.0049425303 -0.0049031172 -0.0047608036 -0.0044915064 -0.0040578770 -0.0034161029 -0.0025269492 -0.0013714609 0.0000296710 0.0015964527 0.0031759669
0.0101119191 0.0068104789 0.0023500536 -0.0026947369 -0.0074792814 -0.0110338669 -0.0124916173 -0.0113474007 -0.0076668133 -0.0021606314 0.0039289362 0.0091232092 0.0121067628 0.0121067628 0.0091232092 0.0039289362 -0.0021606314 -0.0076668133 -0.0113474007 -0.0124916173 -0.0110338669 -0.0074792814 -0.0026947369 0.0023500536 0.0068104789 0.0101119191 0.0119969194 0.0124910008 0.0118200090 0.0103135590 0.0083206334 0.0061510381 0.0040452618 0.0021679537 0.0006170837 -0.0005591327 -0.0013437427 -0.0017350146 -0.0017350146 -0.0013437427 -0.0005591327 0.0006170837 0.0021679537 0.0040452618 0.0061510381 0.0083206334 0.0103135590 0.0118200090 0.0124910008 0.0119969194
-0.0073249856 -0.0148664553 -0.0206503900 -0.0235362062 -0.0227289122 -0.0180368241 -0.0100295688 -0.0000264475 0.0101148020 0.0183791690 0.0230559998 0.0231551252 0.0186554019 0.0105100744 0.0004073062 -0.0096412207 -0.0177626804 -0.0226097595 -0.0235800080 -0.0208355634 -0.0151510137 -0.0076581967 0.0004306454 0.0080533117 0.0144424631 0.0191770611 0.0221568812 0.0235289402 0.0235957885 0.0227291202 0.0213025399 0.0196482071 0.0180354642 0.0166659676 0.0156787814 0.0151594872 0.0151487510 0.0156473832 0.0166164473 0.0179723882 0.0195785635 0.0212360751 0.0226783946 0.0235756857 0.0235553640 0.0222444688 0.0193359440 0.0146744380 0.0083481938 0.0007639440
-0.0383076720 -0.0358348485 -0.0284559342 -0.0168531559 -0.0025184183 0.0124283619 0.0255894244 0.0347422020 0.0382919191 0.0356105300 0.0271729258 0.0144538015 -0.0003870500 -0.0149479321 -0.0270450645 -0.0350823781 -0.0382591351 -0.0365930368 -0.0307845215 -0.0219805471 -0.0115070824 -0.0006306149 0.0096124756 0.0185047564 0.0256618255 0.0309915576 0.0346227091 0.0368246616 0.0379339393 0.0382960447 0.0382250459 0.0379791461 0.0377482758 0.0376492284 0.0377244739 0.0379420735 0.0381957242 0.0383056658 0.0380228163 0.0370398462 0.0350136437 0.0316032878 0.0265257307 0.0196274750 0.0109646580 0.0008769070 -0.0099661061 -0.0205696026 -0.0296911428 -0.0359999693
-0.0163020552 0.0023537752 0.0210017052 0.0370578807 0.0481819649 0.0527006528 0.0499233748 0.0402752735 0.0252151671 0.0069584615 -0.0119287372 -0.0289711560 -0.0421675316 -0.0502446368 -0.0527494469 -0.0499872246 -0.0428449703 -0.0325558882 -0.0204603979 -0.0078066237 0.0043854710 0.0153908828 0.0247862043 0.0324130234 0.0383170223 0.0426793345 0.0457520419 0.0478045512 0.0490832213 0.0497836142 0.0500331991 0.0498820221 0.0492994345 0.0481760722 0.0463315824 0.0435297762 0.0395036225 0.0339924319 0.0267923588 0.0178187070 0.0071744572 -0.0047856023 -0.0174107000 -0.0297485435 -0.0405963440 -0.0486198540 -0.0525389711 -0.0513604697 -0.0446191394 -0.0325739265
0.0500846630 0.0596319259 0.0616825716 0.0559472938 0.0432325363 0.0252952874 0.0045336100 -0.0164179216 -0.0351018053 -0.0495796202 -0.0586462066 -0.0618942764 -0.0596420067 -0.0527615722 -0.0424585119 -0.0300502937 -0.0167809962 -0.0036928703 0.0084403437 0.0191256387 0.0281227536 0.0353922154 0.0410339639 0.0452274194 0.0481796563 0.0500846630 0.0510940602 0.0512982211 0.0507163607 0.0492945459 0.0469113857 0.0433920603 0.0385319945 0.0321315383 0.0240421750 0.0142227901 0.0028013813 -0.0098664496 -0.0231549985 -0.0361576714 -0.0477237498 -0.0565542970 -0.0613592904 -0.0610638161 -0.0550346084 -0.0432836229 -0.0265980163 -0.0065505510 0.0146368964 0.0343735252
0.0500846630 0.0343735252 0.0146368964 -0.0065505510 -0.0265980163 -0.0432836229 -0.0550346084 -0.0610638161 -0.0613592904 -0.0565542970 -0.0477237498 -0.0361576714 -0.0231549985 -0.0098664496 0.0028013813 0.0142227901 0.0240421750 0.0321315383 0.0385319945 0.0433920603 0.0469113857 0.0492945459 0.0507163607 0.0512982211 0.0510940602 0.0500846630 0.0481796563 0.0452274194 0.0410339639 0.0353922154 0.0281227536 0.0191256387 0.0084403437 -0.0036928703 -0.0167809962 -0.0300502937 -0.0424585119 -0.0527615722 -0.0596420067 -0.0618942764 -0.0586462066 -0.0495796202 -0.0351018053 -0.0164179216 0.0045336100 0.0252952874 0.0432325363 0.0559472938 0.0616825716 0.0596319259
-0.0163020552 -0.0325739265 -0.0446191394 -0.0513604697 -0.0525389711 -0.0486198540 -0.0405963440 -0.0297485435 -0.0174107000 -0.0047856023 0.0071744572 0.0178187070 0.0267923588 0.0339924319 0.0395036225 0.0435297762 0.0463315824 0.0481760722 0.0492994345 0.0498820221 0.0500331991 0.0497836142 0.0490832213 0.0478045512 0.0457520419 0.0426793345 0.0383170223 0.0324130234 0.0247862043 0.0153908828 0.0043854710 -0.0078066237 -0.0204603979 -0.0325558882 -0.0428449703 -0.0499872246 -0.0527494469 -0.0502446368 -0.0421675316 -0.0289711560 -0.0119287372 0.0069584615 0.0252151671 0.0402752735 0.0499233748 0.0527006528 0.0481819649 0.0370578807 0.0210017052 0.0023537752
-0.0383076720 -0.0359999693 -0.0296911428 -0.0205696026 -0.0099661061 0.0008769070 0.0109646580 0.0196274750 0.0265257307 0.0316032878 0.0350136437 0.0370398462 0.0380228163 0.0383056658 0.0381957242 0.0379420735 0.0377244739 0.0376492284 0.0377482758 0.0379791461 0.0382250459 0.0382960447 0.0379339393 0.0368246616 0.0346227091 0.0309915576 0.0256618255 0.0185047564 0.0096124756 -0.0006306149 -0.0115070824 -0.0219805471 -0.0307845215 -0.0365930368 -0.0382591351 -0.0350823781 -0.0270450645 -0.0149479321 -0.0003870500 0.0144538015 0.0271729258 0.0356105300 0.0382919191 0.0347422020 0.0255894244 0.0124283619 -0.0025184183 -0.0168531559 -0.0284559342 -0.0358348485
-0.0073249856 0.0007639440 0.0083481938 0.0146744380 0.0193359440 0.0222444688 0.0235553640 0.0235756857 0.0226783946 0.0212360751 0.0195785635 0.0179723882 0.0166164473 0.0156473832 0.0151487510 0.0151594872 0.0156787814 0.0166659676 0.0180354642 0.0196482071 0.0213025399 0.0227291202 0.0235957885 0.0235289402 0.0221568812 0.0191770611 0.0144424631 0.0080533117 0.0004306454 -0.0076581967 -0.0151510137 -0.0208355634 -0.0235800080 -0.0226097595 -0.0177626804 -0.0096412207 0.0004073062 0.0105100744 0.0186554019 0.0231551252 0.0230559998 0.0183791690 0.0101148020 -0.0000264475 -0.0100295688 -0.0180368241 -0.0227289122 -0.0235362062 -0.0206503900 -0.0148664553
0.0101119191 0.0119969194 0.0124910008 0.0118200090 0.0103135590 0.0083206334 0.0061510381 0.0040452618 0.0021679537 0.0006170837 -0.0005591327 -0.0013437427 -0.0017350146 -0.0017350146 -0.0013437427 -0.0005591327 0.0006170837 0.0021679537 0.0040452618 0.0061510381 0.0083206334 0.0103135590 0.0118200090 0.0124910008 0.0119969194 0.0101119191 0.0068104789 0.0023500536 -0.0026947369 -0.0074792814 -0.0110338669 -0.0124916173 -0.0113474007 -0.0076668133 -0.0021606314 0.0039289362 0.0091232092 0.0121067628 0.0121067628 0.0091232092 0.0039289362 -0.0021606314 -0.0076668133 -0.0113474007 -0.0124916173 -0.0110338669 -0.0074792814 -0.0026947369 0.0023500536 0.0068104789
0.0045435781 0.0031759669 0.0015964527 0.0000296710 -0.0013714609 -0.0025269492 -0.0034161029 -0.0040578770 -0.0044915064 -0.0047608036 -0.0049031172 -0.0049425303 -0.0048863769 -0.0047243014 -0.0044296024 -0.0039632238 -0.0032812250 -0.0023466234 -0.0011458546 0.0002914905 0.0018735148 0.0034342794 0.0047385265 0.0055115414 0.0054980024 0.0045435781 0.0026794279 0.0001777018 -0.0024568525 -0.0045813223 -0.0055877112 -0.0051092989 -0.0031855119 -0.0003085035 0.0026905856 0.0048948879 0.0056096017 0.0046064118 0.0022053913 -0.0008396112 -0.0036046255 -0.0053020452 -0.0055143160 -0.0042795404 -0.0020200579 0.0006354654 0.0030574263 0.0047769762 0.0055651319 0.0054279776
-0.0006645077 -0.0013067116 -0.0017597242 -0.0020260712 -0.0021381092 -0.0021414913 -0.0020827653 -0.0020019808 -0.0019294657 -0.0018852492 -0.0018796424 -0.0019138724 -0.0019801737 -0.0020612666 -0.0021296729 -0.0021478376 -0.0020704646 -0.0018506322 -0.0014508119 -0.0008584966 -0.0001036317 0.0007281445 0.0014949895 0.0020194073 0.0021331838 0.0017397037 0.0008737757 -0.0002699175 -0.0013658887 -0.0020516108 -0.0020620802 -0.0013522756 -0.0001462320 0.0011247741 0.0019824390 0.0020956017 0.0014201629 0.0002179753 -0.0010544618 -0.0019339923 -0.0021285307 -0.0016096162 -0.0005918876 0.0005749061 0.0015432905 0.0020768598 0.0020976079 0.0016711963 0.0009527196 0.0001225719
-0.0007016295 -0.0006622854 -0.0005651013 -0.0004401529 -0.0003118552 -0.0001970181 -0.0001055039 -0.0000421112 -0.0000086478 -0.0000055722 -0.0000329095 -0.0000903363 -0.0001764291 -0.0002871535 -0.0004138409 -0.0005411965 -0.0006462905 -0.0006998611 -0.0006712758 -0.0005377546 -0.0002966495 0.0000230977 0.0003566635 0.0006129150 0.0007008318 0.0005676302 0.0002336751 -0.0001961575 -0.0005597923 -0.0007016067 -0.0005473682 -0.0001513863 0.0003158779 0.0006420806 0.0006751743 0.0003995998 -0.0000558143 -0.0004827006 -0.0006945441 -0.0006103558 -0.0002805969 0.0001498180 0.0005141198 0.0006923174 0.0006467747 0.0004178477 0.0000920743 -0.0002367879 -0.0004972859 -0.0006532130
-0.0003152625 -0.0002835232 -0.0001857959 -0.0000342238 0.0001354574 0.0002696653 0.0003146066 0.0002414985 0.0000678655 -0.0001394389 -0.0002877689 -0.0003025250 -0.0001696802 0.0000494057 0.0002447083 0.0003148405 0.0002228959 0.0000172113 -0.0001957848 -0.0003098875 -0.0002737131 -0.0001116105 0.0000963735 0.0002588697 0.0003151799 0.0002550527 0.0001123352 -0.0000577624 -0.0002033696 -0.0002919995 -0.0003146791 -0.0002809545 -0.0002100004 -0.0001223498 -0.0000345934 0.0000426485 0.0001043661 0.0001495933 0.0001795800 0.0001962431 0.0002010924 0.0001946346 0.0001762019 0.0001441805 0.0000966711 0.0000326324 -0.0000465112 -0.0001350378 -0.0002214648 -0.0002884536
-0.0002985826 0.0001309414 0.0005586522 0.0008720549 0.0009622821 0.0007688568 0.0003202788 -0.0002525152 -0.0007473156 -0.0009649477 -0.0007996941 -0.0003014733 0.0003292567 0.0008221148 0.0009594205 0.0006797977 0.0001079244 -0.0005056720 -0.0009023410 -0.0009292259 -0.0005948947 -0.0000476709 0.0005018518 0.0008700760 0.0009612314 0.0007816993 0.0004143822 -0.0000258557 -0.0004338492 -0.0007395909 -0.0009148939 -0.0009662023 -0.0009211277 -0.0008151124 -0.0006817894 -0.0005479176 -0.0004320724 -0.0003456438 -0.0002947638 -0.0002821757 -0.0003084628 -0.0003723644 -0.0004701210 -0.0005939744 -0.0007301919 -0.0008573320 -0.0009458911 -0.0009607875 -0.0008680134 -0.0006458036
0.0020415612 0.0024824198 0.0024163829 0.0017776128 0.0006564395 -0.0006850831 -0.0018630812 -0.0024874144 -0.0023096763 -0.0013434695 0.0001053318 0.0015291023 0.0024055096 0.0024055096 0.0015291023 0.0001053318 -0.0013434695 -0.0023096763 -0.0024874144 -0.0018630812 -0.0006850831 0.0006564395 0.0017776128 0.0024163829 0.0024824198 0.0020415612 0.0012585631 0.0003289744 -0.0005757635 -0.0013387560 -0.0019042047 -0.0022675164 -0.0024580422 -0.0025216395 -0.0025070851 -0.0024575041 -0.0024061448 -0.0023750364 -0.0023750364 -0.0024061448 -0.0024575041 -0.0025070851 -0.0025216395 -0.0024580422 -0.0022675164 -0.0019042047 -0.0013387560 -0.0005757635 0.0003289744 0.0012585631
0.0045435781 0.0026794279 0.0001777018 -0.0024568525 -0.0045813223 -0.0055877112 -0.0051092989 -0.0031855119 -0.0003085035 0.0026905856 0.0048948879 0.0056096017 0.0046064118 0.0022053913 -0.0008396112 -0.0036046255 -0.0053020452 -0.0055143160 -0.0042795404 -0.0020200579 0.0006354654 0.0030574263 0.0047769762 0.0055651319 0.0054279776 0.0045435781 0.0031759669 0.0015964527 0.0000296710 -0.0013714609 -0.0025269492 -0.0034161029 -0.0040578770 -0.0044915064 -0.0047608036 -0.0049031172 -0.0049425303 -0.0048863769 -0.0047243014 -0.0044296024 -0.0039632238 -0.0032812250 -0.0023466234 -0.0011458546 0.0002914905 0.0018735148 0.0034342794 0.0047385265 0.0055115414 0.0054980024
-0.0032913282 -0.0073130514 -0.0099841931 -0.0105789542 -0.0087884492 -0.0048843261 0.0002739133 0.0054205405 0.0092189207 0.0106504290 0.0093253925 0.0056046048 0.0004867703 -0.0046967488 -0.0086703071 -0.0105536638 -0.0100508377 -0.0074500402 -0.0034649612 0.0010068063 0.0051223660 0.0082643715 0.0101161292 0.0106482524 0.0100465152 0.0086168090 0.0066968283 0.0045918352 0.0025395582 0.0007005427 -0.0008339359 -0.0020247985 -0.0028656739 -0.0033653889 -0.0035347225 -0.0033783033 -0.0028918384 -0.0020646733 -0.0008876847 0.0006336682 0.0024619688 0.0045083658 0.0066152892 0.0085480218 0.0100034901 0.0106442500 0.0101615963 0.0083631665 0.0052682083 0.0011812993
-0.0172127466 -0.0155719713 -0.0108203524 -0.0037573996 0.0042038435 0.0113334791 0.0160059793 0.0171264841 0.0144294256 0.0085521164 0.0008588731 -0.0069262053 -0.0131598970 -0.0166609743 -0.0169307035 -0.0141736827 -0.0091455640 -0.0028996423 0.0034820724 0.0091033059 0.0133759554 0.0160473050 0.0171538214 0.0169344335 0.0157348400 0.0139254045 0.0118439238 0.0097649032 0.0078907843 0.0063579143 0.0052500104 0.0046132574 0.0044689851 0.0048215072 0.0056599476 0.0069538097 0.0086428997 0.0106232508 0.0127321134 0.0147368266 0.0163341155 0.0171672876 0.0168678060 0.0151236556 0.0117691750 0.0068803537 0.0008486907 -0.0055997497 -0.0114700358 -0.0156617063
-0.0073249856 0.0029209016 0.0127305042 0.0201276633 0.0235688331 0.0223228419 0.0166553235 0.0077614115 -0.0025326165 -0.0122085605 -0.0195092270 -0.0232846710 -0.0231554786 -0.0194787185 -0.0131585212 -0.0053766467 0.0026770460 0.0100133448 0.0159615893 0.0201968788 0.0226978057 0.0236648877 0.0234283814 0.0223663388 0.0208439991 0.0191770611 0.0176156302 0.0163428346 0.0154816109 0.0151040552 0.0152392283 0.0158768965 0.0169661720 0.0184094186 0.0200532209 0.0216797663 0.0230035705 0.0236797391 0.0233302391 0.0215930535 0.0181947908 0.0130400062 0.0063010070 -0.0015173334 -0.0095682978 -0.0167365598 -0.0218055362 -0.0237038684 -0.0217841283 -0.0160605808
0.0225044897 0.0273000660 0.0270006613 0.0216665502 0.0123631625 0.0009064169 -0.0105577946 -0.0200217137 -0.0260088929 -0.0278035306 -0.0254831187 -0.0197787413 -0.0118273555 -0.0028942191 0.0058670498 0.0135752870 0.0196916717 0.0240108939 0.0265993092 0.0277086847 0.0276893532 0.0269181331 0.0257476897 0.0244772438 0.0233404344 0.0225044897 0.0220749675 0.0221014238 0.0225808900 0.0234576484 0.0246193983 0.0258915071 0.0270326467 0.0277366101 0.0276461232 0.0263844108 0.0236083827 0.0190828909 0.0127684603 0.0049060984 -0.0039254411 -0.0128086706 -0.0205673910 -0.0259376703 -0.0278147462 -0.0255309875 -0.0190952156 -0.0093154377 0.0022560211 0.0135733716
0.0225044897 0.0135733716 0.0022560211 -0.0093154377 -0.0190952156 -0.0255309875 -0.0278147462 -0.0259376703 -0.0205673910 -0.0128086706 -0.0039254411 0.0049060984 0.0127684603 0.0190828909 0.0236083827 0.0263844108 0.0276461232 0.0277366101 0.0270326467 0.0258915071 0.0246193983 0.0234576484 0.0225808900 0.0221014238 0.0220749675 0.0225044897 0.0233404344 0.0244772438 0.0257476897 0.0269181331 0.0276893532 0.0277086847 0.0265993092 0.0240108939 0.0196916717 0.0135752870 0.0058670498 -0.0028942191 -0.0118273555 -0.0197787413 -0.0254831187 -0.0278035306 -0.0260088929 -0.0200217137 -0.0105577946 0.0009064169 0.0123631625 0.0216665502 0.0270006613 0.0273000660
-0.0073249856 -0.0160605808 -0.0217841283 -0.0237038684 -0.0218055362 -0.0167365598 -0.0095682978 -0.0015173334 0.0063010070 0.0130400062 0.0181947908 0.0215930535 0.0233302391 0.0236797391 0.0230035705 0.0216797663 0.0200532209 0.0184094186 0.0169661720 0.0158768965 0.0152392283 0.0151040552 0.0154816109 0.0163428346 0.0176156302 0.0191770611 0.0208439991 0.0223663388 0.0234283814 0.0236648877 0.0226978057 0.0201968788 0.0159615893 0.0100133448 0.0026770460 -0.0053766467 -0.0131585212 -0.0194787185 -0.0231554786 -0.0232846710 -0.0195092270 -0.0122085605 -0.0025326165 0.0077614115 0.0166553235 0.0223228419 0.0235688331 0.0201276633 0.0127305042 0.0029209016
-0.0172127466 -0.0156617063 -0.0114700358 -0.0055997497 0.0008486907 0.0068803537 0.0117691750 0.0151236556 0.0168678060 0.0171672876 0.0163341155 0.0147368266 0.0127321134 0.0106232508 0.0086428997 0.0069538097 0.0056599476 0.0048215072 0.0044689851 0.0046132574 0.0052500104 0.0063579143 0.0078907843 0.0097649032 0.0118439238 0.0139254045 0.0157348400 0.0169344335 0.0171538214 0.0160473050 0.0133759554 0.0091033059 0.0034820724 -0.0028996423 -0.0091455640 -0.0141736827 -0.0169307035 -0.0166609743 -0.0131598970 -0.0069262053 0.0008588731 0.0085521164 0.0144294256 0.0171264841 0.0160059793 0.0113334791 0.0042038435 -0.0037573996 -0.0108203524 -0.0155719713
-0.0032913282 0.0011812993 0.0052682083 0.0083631665 0.0101615963 0.0106442500 0.0100034901 0.0085480218 0.0066152892 0.0045083658 0.0024619688 0.0006336682 -0.0008876847 -0.0020646733 -0.0028918384 -0.0033783033 -0.0035347225 -0.0033653889 -0.0028656739 -0.0020247985 -0.0008339359 0.0007005427 0.0025395582 0.0045918352 0.0066968283 0.0086168090 0.0100465152 0.0106482524 0.0101161292 0.0082643715 0.0051223660 0.0010068063 -0.0034649612 -0.0074500402 -0.0100508377 -0.0105536638 -0.0086703071 -0.0046967488 0.0004867703 0.0056046048 0.0093253925 0.0106504290 0.0092189207 0.0054205405 0.0002739133 -0.0048843261 -0.0087884492 -0.0105789542 -0.0099841931 -0.0073130514
0.0045435781 0.0054980024 0.0055115414 0.0047385265 0.0034342794 0.0018735148 0.0002914905 -0.0011458546 -0.0023466234 -0.0032812250 -0.0039632238 -0.0044296024 -0.0047243014 -0.0048863769 -0.0049425303 -0.0049031172 -0.0047608036 -0.0044915064 -0.0040578770 -0.0034161029 -0.0025269492 -0.0013714609 0.0000296710 0.0015964527 0.0031759669 0.0045435781 0.0054279776 0.0055651319 0.0047769762 0.0030574263 0.0006354654 -0.0020200579 -0.0042795404 -0.0055143160 -0.0053020452 -0.0036046255 -0.0008396112 0.0022053913 0.0046064118 0.0056096017 0.0048948879 0.0026905856 -0.0003085035 -0.0031855119 -0.0051092989 -0.0055877112 -0.0045813223 -0.0024568525 0.0001777018 0.0026794279
0.0020415612 0.0012585631 0.0003289744 -0.0005757635 -0.0013387560 -0.0019042047 -0.0022675164 -0.0024580422 -0.0025216395 -0.0025070851 -0.0024575041 -0.0024061448 -0.0023750364 -0.0023750364 -0.0024061448 -0.0024575041 -0.0025070851 -0.0025216395 -0.0024580422 -0.0022675164 -0.0019042047 -0.0013387560 -0.0005757635 0.0003289744 0.0012585631 0.0020415612 0.0024824198 0.0024163829 0.0017776128 0.0006564395 -0.0006850831 -0.0018630812 -0.0024874144 -0.0023096763 -0.0013434695 0.0001053318 0.0015291023 0.0024055096 0.0024055096 0.0015291023 0.0001053318 -0.0013434695 -0.0023096763 -0.0024874144 -0.0018630812 -0.0006850831 0.0006564395 0.0017776128 0.0024163829 0.0024824198
-0.0002985826 -0.0006458036 -0.0008680134 -0.0009607875 -0.0009458911 -0.0008573320 -0.0007301919 -0.0005939744 -0.0004701210 -0.0003723644 -0.0003084628 -0.0002821757 -0.0002947638 -0.0003456438 -0.0004320724 -0.0005479176 -0.0006817894 -0.0008151124 -0.0009211277 -0.0009662023 -0.0009148939 -0.0007395909 -0.0004338492 -0.0000258557 0.0004143822 0.0007816993 0.0009612314 0.0008700760 0.0005018518 -0.0000476709 -0.0005948947 -0.0009292259 -0.0009023410 -0.0005056720 0.0001079244 0.0006797977 0.0009594205 0.0008221148 0.0003292567 -0.0003014733 -0.0007996941 -0.0009649477 -0.0007473156 -0.0002525152 0.0003202788 0.0007688568 0.0009622821 0.0008720549 0.0005586522 0.0001309414
-0.0003152625 -0.0002884536 -0.0002214648 -0.0001350378 -0.0000465112 0.0000326324 0.0000966711 0.0001441805 0.0001762019 0.0001946346 0.0002010924 0.0001962431 0.0001795800 0.0001495933 0.0001043661 0.0000426485 -0.0000345934 -0.0001223498 -0.0002100004 -0.0002809545 -0.0003146791 -0.0002919995 -0.0002033696 -0.0000577624 0.0001123352 0.0002550527 0.0003151799 0.0002588697 0.0000963735 -0.0001116105 -0.0002737131 -0.0003098875 -0.0001957848 0.0000172113 0.0002228959 0.0003148405 0.0002447083 0.0000494057 -0.0001696802 -0.0003025250 -0.0002877689 -0.0001394389 0.0000678655 0.0002414985 0.0003146066 0.0002696653 0.0001354574 -0.0000342238 -0.0001857959 -0.0002835232
-0.0001207117 -0.0001040606 -0.0000549634 0.0000152532 0.0000828661 0.0001192420 0.0001043252 0.0000399804 -0.0000457174 -0.0001092502 -0.0001146636 -0.0000562290 0.0000347383 0.0001060856 0.0001158059 0.0000581240 -0.0000328655 -0.0001045023 -0.0001173579 -0.0000668920 0.0000172697 0.0000911085 0.0001206718 0.0000968722 0.0000349508 -0.0000373020 -0.0000937886 -0.0001195340 -0.0001127723 -0.0000814127 -0.0000373749 0.0000082579 0.0000479016 0.0000780086 0.0000982636 0.0001102964 0.0001164941 0.0001191634 0.0001200531 0.0001201341 0.0001195233 0.0001174763 0.0001124405 0.0001022256 0.0000843999 0.0000570248 0.0000197606 -0.0000248303 -0.0000702727 -0.0001062636
-0.0001143251 0.0000788732 0.0002586023 0.0003618582 0.0003403267 0.0001876293 -0.0000460286 -0.0002652570 -0.0003687465 -0.0003007378 -0.0000865954 0.0001720564 0.0003458769 0.0003458769 0.0001720564 -0.0000865954 -0.0003007378 -0.0003687465 -0.0002652570 -0.0000460286 0.0001876293 0.0003403267 0.0003618582 0.0002586023 0.0000788732 -0.0001143251 -0.0002681955 -0.0003537335 -0.0003668788 -0.0003214146 -0.0002392184 -0.0001420702 -0.0000468572 0.0000359239 0.0001014323 0.0001487268 0.0001788800 0.0001934456 0.0001934456 0.0001788800 0.0001487268 0.0001014323 0.0000359239 -0.0000468572 -0.0001420702 -0.0002392184 -0.0003214146 -0.0003668788 -0.0003537335 -0.0002681955
0.0007816993 0.0009612314 0.0008700760 0.0005018518 -0.0000476709 -0.0005948947 -0.0009292259 -0.0009023410 -0.0005056720 0.0001079244 0.0006797977 0.0009594205 0.0008221148 0.0003292567 -0.0003014733 -0.0007996941 -0.0009649477 -0.0007473156 -0.0002525152 0.0003202788 0.0007688568 0.0009622821 0.0008720549 0.0005586522 0.0001309414 -0.0002985826 -0.0006458036 -0.0008680134 -0.0009607875 -0.0009458911 -0.0008573320 -0.0007301919 -0.0005939744 -0.0004701210 -0.0003723644 -0.0003084628 -0.0002821757 -0.0002947638 -0.0003456438 -0.0004320724 -0.0005479176 -0.0006817894 -0.0008151124 -0.0009211277 -0.0009662023 -0.0009148939 -0.0007395909 -0.0004338492 -0.0000258557 0.0004143822
0.0017397037 0.0008737757 -0.0002699175 -0.0013658887 -0.0020516108 -0.0020620802 -0.0013522756 -0.0001462320 0.0011247741 0.0019824390 0.0020956017 0.0014201629 0.0002179753 -0.0010544618 -0.0019339923 -0.0021285307 -0.0016096162 -0.0005918876 0.0005749061 0.0015432905 0.0020768598 0.0020976079 0.0016711963 0.0009527196 0.0001225719 -0.0006645077 -0.0013067116 -0.0017597242 -0.0020260712 -0.0021381092 -0.0021414913 -0.0020827653 -0.0020019808 -0.0019294657 -0.0018852492 -0.0018796424 -0.0019138724 -0.0019801737 -0.0020612666 -0.0021296729 -0.0021478376 -0.0020704646 -0.0018506322 -0.0014508119 -0.0008584966 -0.0001036317 0.0007281445 0.0014949895 0.0020194073 0.0021331838
-0.0012602261 -0.0030251090 -0.0039983260 -0.0038283740 -0.0024936990 -0.0003587193 0.0019132481 0.0035753960 0.0040648689 0.0032138155 0.0013135032 -0.0009966193 -0.0029664265 -0.0039984487 -0.0038329853 -0.0025941503 -0.0006999584 0.0013081664 0.0029416329 0.0038865992 0.0040458289 0.0035092824 0.0024831847 0.0012110010 -0.0000891997 -0.0012602261 -0.0022151453 -0.0029283334 -0.0034175546 -0.0037246430 -0.0038992944 -0.0039876229 -0.0040252166 -0.0040335313 -0.0040183579 -0.0039694869 -0.0038613217 -0.0036548752 -0.0033021688 -0.0027543293 -0.0019743897 -0.0009546339 0.0002638848 0.0015750358 0.0028027961 0.0037172751 0.0040780459 0.0037030012 0.0025481213 0.0007703750
-0.0065906382 -0.0057224899 -0.0032878158 0.0001015373 0.0034965971 0.0058945905 0.0065663425 0.0053050585 0.0024981471 -0.0010069022 -0.0041886562 -0.0061781803 -0.0065067184 -0.0051978309 -0.0026949550 0.0003240896 0.0031646466 0.0052908060 0.0064170123 0.0065117791 0.0057378294 0.0043642737 0.0026825692 0.0009457427 -0.0006630747 -0.0020366192 -0.0031325224 -0.0039543630 -0.0045316135 -0.0049025053 -0.0051013852 -0.0051505720 -0.0050560689 -0.0048065180 -0.0043752143 -0.0037255207 -0.0028203627 -0.0016363311 -0.0001819978 0.0014818101 0.0032246904 0.0048399776 0.0060578848 0.0065860824 0.0061789834 0.0047257187 0.0023330533 -0.0006309799 -0.0035666649 -0.0057625857
-0.0028046849 0.0018248704 0.0060149396 0.0086125210 0.0088850112 0.0067548769 0.0028248058 -0.0018162314 -0.0059329051 -0.0085057968 -0.0089941232 -0.0074257541 -0.0043113484 -0.0004392184 0.0033644777 0.0064333859 0.0083716527 0.0090710840 0.0086572912 0.0074002608 0.0056226548 0.0036280565 0.0016581647 -0.0001225557 -0.0016220775 -0.0028046849 -0.0036710262 -0.0042393954 -0.0045308911 -0.0045593874 -0.0043263567 -0.0038203643 -0.0030212080 -0.0019088714 -0.0004773453 0.0012473502 0.0031871463 0.0051943973 0.0070438600 0.0084428898 0.0090678202 0.0086297108 0.0069631070 0.0041185226 0.0004272535 -0.0034975699 -0.0068505066 -0.0088148684 -0.0087990047 -0.0066565208
0.0086168090 0.0105815891 0.0098086316 0.0065086323 0.0015710284 -0.0037094835 -0.0080152238 -0.0103649238 -0.0103384727 -0.0081146066 -0.0043391248 0.0001070643 0.0043533909 0.0077276904 0.0098510665 0.0106405130 0.0102457410 0.0089560412 0.0071087821 0.0050195414 0.0029411974 0.0010496976 -0.0005508767 -0.0018124713 -0.0027236278 -0.0032913282 -0.0035267817 -0.0034362554 -0.0030172244 -0.0022598549 -0.0011538216 0.0002996452 0.0020711364 0.0040837402 0.0061948538 0.0081853253 0.0097640667 0.0105964350 0.0103614861 0.0088355579 0.0059879856 0.0020619924 -0.0023945441 -0.0065810341 -0.0095929786 -0.0106488648 -0.0093385198 -0.0058097865 -0.0008119573 0.0044481659
0.0086168090 0.0044481659 -0.0008119573 -0.0058097865 -0.0093385198 -0.0106488648 -0.0095929786 -0.0065810341 -0.0023945441 0.0020619924 0.0059879856 0.0088355579 0.0103614861 0.0105964350 0.0097640667 0.0081853253 0.0061948538 0.0040837402 0.0020711364 0.0002996452 -0.0011538216 -0.0022598549 -0.0030172244 -0.0034362554 -0.0035267817 -0.0032913282 -0.0027236278 -0.0018124713 -0.0005508767 0.0010496976 0.0029411974 0.0050195414 0.0071087821 0.0089560412 0.0102457410 0.0106405130 0.0098510665 0.0077276904 0.0043533909 0.0001070643 -0.0043391248 -0.0081146066 -0.0103384727 -0.0103649238 -0.0080152238 -0.0037094835 0.0015710284 0.0065086323 0.0098086316 0.0105815891
-0.0028046849 -0.0066565208 -0.0087990047 -0.0088148684 -0.0068505066 -0.0034975699 0.0004272535 0.0041185226 0.0069631070 0.0086297108 0.0090678202 0.0084428898 0.0070438600 0.0051943973 0.0031871463 0.0012473502 -0.0004773453 -0.0019088714 -0.0030212080 -0.0038203643 -0.0043263567 -0.0045593874 -0.0045308911 -0.0042393954 -0.0036710262 -0.0028046849 -0.0016220775 -0.0001225557 0.0016581647 0.0036280565 0.0056226548 0.0074002608 0.0086572912 0.0090710840 0.0083716527 0.0064333859 0.0033644777 -0.0004392184 -0.0043113484 -0.0074257541 -0.0089941232 -0.0085057968 -0.0059329051 -0.0018162314 0.0028248058 0.0067548769 0.0088850112 0.0086125210 0.0060149396 0.0018248704
-0.0065906382 -0.0057625857 -0.0035666649 -0.0006309799 0.0023330533 0.0047257187 0.0061789834 0.0065860824 0.0060578848 0.0048399776 0.0032246904 0.0014818101 -0.0001819978 -0.0016363311 -0.0028203627 -0.0037255207 -0.0043752143 -0.0048065180 -0.0050560689 -0.0051505720 -0.0051013852 -0.0049025053 -0.0045316135 -0.0039543630 -0.0031325224 -0.0020366192 -0.0006630747 0.0009457427 0.0026825692 0.0043642737 0.0057378294 0.0065117791 0.0064170123 0.0052908060 0.0031646466 0.0003240896 -0.0026949550 -0.0051978309 -0.0065067184 -0.0061781803 -0.0041886562 -0.0010069022 0.0024981471 0.0053050585 0.0065663425 0.0058945905 0.0034965971 0.0001015373 -0.0032878158 -0.0057224899
-0.0012602261 0.0007703750 0.0025481213 0.0037030012 0.0040780459 0.0037172751 0.0028027961 0.0015750358 0.0002638848 -0.0009546339 -0.0019743897 -0.0027543293 -0.0033021688 -0.0036548752 -0.0038613217 -0.0039694869 -0.0040183579 -0.0040335313 -0.0040252166 -0.0039876229 -0.0038992944 -0.0037246430 -0.0034175546 -0.0029283334 -0.0022151453 -0.0012602261 -0.0000891997 0.0012110010 0.0024831847 0.0035092824 0.0040458289 0.0038865992 0.0029416329 0.0013081664 -0.0006999584 -0.0025941503 -0.0038329853 -0.0039984487 -0.0029664265 -0.0009966193 0.0013135032 0.0032138155 0.0040648689 0.0035753960 0.0019132481 -0.0003587193 -0.0024936990 -0.0038283740 -0.0039983260 -0.0030251090
0.0017397037 0.0021331838 0.0020194073 0.0014949895 0.0007281445 -0.0001036317 -0.0008584966 -0.0014508119 -0.0018506322 -0.0020704646 -0.0021478376 -0.0021296729 -0.0020612666 -0.0019801737 -0.0019138724 -0.0018796424 -0.0018852492 -0.0019294657 -0.0020019808 -0.0020827653 -0.0021414913 -0.0021381092 -0.0020260712 -0.0017597242 -0.0013067116 -0.0006645077 0.0001225719 0.0009527196 0.0016711963 0.0020976079 0.0020768598 0.0015432905 0.0005749061 -0.0005918876 -0.0016096162 -0.0021285307 -0.0019339923 -0.0010544618 0.0002179753 0.0014201629 0.0020956017 0.0019824390 0.0011247741 -0.0001462320 -0.0013522756 -0.0020620802 -0.0020516108 -0.0013658887 -0.0002699175 0.0008737757
0.0007816993 0.0004143822 -0.0000258557 -0.0004338492 -0.0007395909 -0.0009148939 -0.0009662023 -0.0009211277 -0.0008151124 -0.0006817894 -0.0005479176 -0.0004320724 -0.0003456438 -0.0002947638 -0.0002821757 -0.0003084628 -0.0003723644 -0.0004701210 -0.0005939744 -0.0007301919 -0.0008573320 -0.0009458911 -0.0009607875 -0.0008680134 -0.0006458036 -0.0002985826 0.0001309414 0.0005586522 0.0008720549 0.0009622821 0.0007688568 0.0003202788 -0.0002525152 -0.0007473156 -0.0009649477 -0.0007996941 -0.0003014733 0.0003292567 0.0008221148 0.0009594205 0.0006797977 0.0001079244 -0.0005056720 -0.0009023410 -0.0009292259 -0.0005948947 -0.0000476709 0.0005018518 0.0008700760 0.0009612314
-0.0001143251 -0.0002681955 -0.0003537335 -0.0003668788 -0.0003214146 -0.0002392184 -0.0001420702 -0.0000468572 0.0000359239 0.0001014323 0.0001487268 0.0001788800 0.0001934456 0.0001934456 0.0001788800 0.0001487268 0.0001014323 0.0000359239 -0.0000468572 -0.0001420702 -0.0002392184 -0.0003214146 -0.0003668788 -0.0003537335 -0.0002681955 -0.0001143251 0.0000788732 0.0002586023 0.0003618582 0.0003403267 0.0001876293 -0.0000460286 -0.0002652570 -0.0003687465 -0.0003007378 -0.0000865954 0.0001720564 0.0003458769 0.0003458769 0.0001720564 -0.0000865954 -0.0003007378 -0.0003687465 -0.0002652570 -0.0000460286 0.0001876293 0.0003403267 0.0003618582 0.0002586023 0.0000788732
-0.0001207117 -0.0001062636 -0.0000702727 -0.0000248303 0.0000197606 0.0000570248 0.0000843999 0.0001022256 0.0001124405 0.0001174763 0.0001195233 0.0001201341 0.0001200531 0.0001191634 0.0001164941 0.0001102964 0.0000982636 0.0000780086 0.0000479016 0.0000082579 -0.0000373749 -0.0000814127 -0.0001127723 -0.0001195340 -0.0000937886 -0.0000373020 0.0000349508 0.0000968722 0.0001206718 0.0000911085 0.0000172697 -0.0000668920 -0.0001173579 -0.0001045023 -0.0000328655 0.0000581240 0.0001158059 0.0001060856 0.0000347383 -0.0000562290 -0.0001146636 -0.0001092502 -0.0000457174 0.0000399804 0.0001043252 0.0001192420 0.0000828661 0.0000152532 -0.0000549634 -0.0001040606
-0.0000393858 -0.0000322738 -0.0000122114 0.0000139546 0.0000345332 0.0000383297 0.0000216192 -0.0000077271 -0.0000330098 -0.0000383121 -0.0000193737 0.0000122570 0.0000359842 0.0000359842 0.0000122570 -0.0000193737 -0.0000383121 -0.0000330098 -0.0000077271 0.0000216192 0.0000383297 0.0000345332 0.0000139546 -0.0000122114 -0.0000322738 -0.0000393858 -0.0000330910 -0.0000176219 0.0000011142 0.0000180811 0.0000303647 0.0000372101 0.0000393729 0.0000383212 0.0000356129 0.0000325470 0.0000300445 0.0000286647 0.0000286647 0.0000300445 0.0000325470 0.0000356129 0.0000383212 0.0000393729 0.0000372101 0.0000303647 0.0000180811 0.0000011142 -0.0000176219 -0.0000330910
-0.0000373020 0.0000349508 0.0000968722 0.0001206718 0.0000911085 0.0000172697 -0.0000668920 -0.0001173579 -0.0001045023 -0.0000328655 0.0000581240 0.0001158059 0.0001060856 0.0000347383 -0.0000562290 -0.0001146636 -0.0001092502 -0.0000457174 0.0000399804 0.0001043252 0.0001192420 0.0000828661 0.0000152532 -0.0000549634 -0.0001040606 -0.0001207117 -0.0001062636 -0.0000702727 -0.0000248303 0.0000197606 0.0000570248 0.0000843999 0.0001022256 0.0001124405 0.0001174763 0.0001195233 0.0001201341 0.0001200531 0.0001191634 0.0001164941 0.0001102964 0.0000982636 0.0000780086 0.0000479016 0.0000082579 -0.0000373749 -0.0000814127 -0.0001127723 -0.0001195340 -0.0000937886
0.0002550527 0.0003151799 0.0002588697 0.0000963735 -0.0001116105 -0.0002737131 -0.0003098875 -0.0001957848 0.0000172113 0.0002228959 0.0003148405 0.0002447083 0.0000494057 -0.0001696802 -0.0003025250 -0.0002877689 -0.0001394389 0.0000678655 0.0002414985 0.0003146066 0.0002696653 0.0001354574 -0.0000342238 -0.0001857959 -0.0002835232 -0.0003152625 -0.0002884536 -0.0002214648 -0.0001350378 -0.0000465112 0.0000326324 0.0000966711 0.0001441805 0.0001762019 0.0001946346 0.0002010924 0.0001962431 0.0001795800 0.0001495933 0.0001043661 0.0000426485 -0.0000345934 -0.0001223498 -0.0002100004 -0.0002809545 -0.0003146791 -0.0002919995 -0.0002033696 -0.0000577624 0.0001123352
0.0005676302 0.0002336751 -0.0001961575 -0.0005597923 -0.0007016067 -0.0005473682 -0.0001513863 0.0003158779 0.0006420806 0.0006751743 0.0003995998 -0.0000558143 -0.0004827006 -0.0006945441 -0.0006103558 -0.0002805969 0.0001498180 0.0005141198 0.0006923174 0.0006467747 0.0004178477 0.0000920743 -0.0002367879 -0.0004972859 -0.0006532130 -0.0007016295 -0.0006622854 -0.0005651013 -0.0004401529 -0.0003118552 -0.0001970181 -0.0001055039 -0.0000421112 -0.0000086478 -0.0000055722 -0.0000329095 -0.0000903363 -0.0001764291 -0.0002871535 -0.0004138409 -0.0005411965 -0.0006462905 -0.0006998611 -0.0006712758 -0.0005377546 -0.0002966495 0.0000230977 0.0003566635 0.0006129150 0.0007008318
-0.0004111863 -0.0010543008 -0.0013295246 -0.0011076715 -0.0004505250 0.0003935429 0.0010830647 0.0013298946 0.0010294342 0.0003089165 -0.0005312633 -0.0011528184 -0.0013234478 -0.0010021455 -0.0003343701 0.0004276572 0.0010327579 0.0013170376 0.0012396496 0.0008674916 0.0003287038 -0.0002394057 -0.0007288949 -0.0010786525 -0.0012732378 -0.0013306269 -0.0012867323 -0.0011821424 -0.0010534601 -0.0009292523 -0.0008293754 -0.0007661316 -0.0007459453 -0.0007706660 -0.0008380159 -0.0009410437 -0.0010667550 -0.0011944413 -0.0012946429 -0.0013300962 -0.0012602092 -0.0010502224 -0.0006848523 -0.0001837443 0.0003870184 0.0009153479 0.0012627812 0.0013049348 0.0009840617 0.0003535715
-0.0021503921 -0.0017772373 -0.0007671514 0.0005338435 0.0016460326 0.0021442836 0.0018349347 0.0008384318 -0.0004621979 -0.0015820728 -0.0021283087 -0.0019406477 -0.0011254634 0.0000159350 0.0011184809 0.0018820114 0.0021503102 0.0019246318 0.0013249116 0.0005268938 -0.0002973244 -0.0010185095 -0.0015651649 -0.0019191049 -0.0021004873 -0.0021503921 -0.0021161621 -0.0020416153 -0.0019619749 -0.0019022145 -0.0018772456 -0.0018926324 -0.0019449870 -0.0020217202 -0.0021003456 -0.0021480604 -0.0021228143 -0.0019774134 -0.0016680915 -0.0011680822 -0.0004847246 0.0003243247 0.0011432838 0.0018077610 0.0021380324 0.0019946457 0.0013426875 0.0002991884 -0.0008656998 -0.0017921101
-0.0009151120 0.0008222227 0.0022860999 0.0029505394 0.0025727079 0.0012909705 -0.0004311435 -0.0019891943 -0.0028671195 -0.0028138790 -0.0019023357 -0.0004635909 0.0010577282 0.0022589430 0.0028881820 0.0028808883 0.0023314327 0.0014277284 0.0003802610 -0.0006319653 -0.0014894799 -0.0021365537 -0.0025697191 -0.0028196975 -0.0029336357 -0.0029613646 -0.0029466414 -0.0029226250 -0.0029101429 -0.0029173304 -0.0029396454 -0.0029598489 -0.0029481830 -0.0028635837 -0.0026572594 -0.0022801259 -0.0016951383 -0.0008941552 0.0000835104 0.0011368768 0.0021021070 0.0027732190 0.0029491267 0.0025015342 0.0014448739 -0.0000215382 -0.0015296668 -0.0026321633 -0.0029493105 -0.0023238096
0.0028114907 0.0034730300 0.0029482950 0.0014232591 -0.0005689990 -0.0023536692 -0.0033616848 -0.0033171356 -0.0022981937 -0.0006660366 0.0010900015 0.0025195877 0.0033305797 0.0034324200 0.0029102492 0.0019579191 0.0008025783 -0.0003549606 -0.0013734051 -0.0021788413 -0.0027550628 -0.0031256665 -0.0033353314 -0.0034345638 -0.0034693403 -0.0034751936 -0.0034744383 -0.0034751610 -0.0034709908 -0.0034412744 -0.0033519517 -0.0031580532 -0.0028091651 -0.0022592091 -0.0014811412 -0.0004854229 0.0006616456 0.0018268023 0.0028151164 0.0033999195 0.0033795847 0.0026520826 0.0012846073 -0.0004539299 -0.0021271359 -0.0032420424 -0.0034132051 -0.0025228322 -0.0008051376 0.0011979377
0.0028114907 0.0011979377 -0.0008051376 -0.0025228322 -0.0034132051 -0.0032420424 -0.0021271359 -0.0004539299 0.0012846073 0.0026520826 0.0033795847 0.0033999195 0.0028151164 0.0018268023 0.0006616456 -0.0004854229 -0.0014811412 -0.0022592091 -0.0028091651 -0.0031580532 -0.0033519517 -0.0034412744 -0.0034709908 -0.0034751610 -0.0034744383 -0.0034751936 -0.0034693403 -0.0034345638 -0.0033353314 -0.0031256665 -0.0027550628 -0.0021788413 -0.0013734051 -0.0003549606 0.0008025783 0.0019579191 0.0029102492 0.0034324200 0.0033305797 0.0025195877 0.0010900015 -0.0006660366 -0.0022981937 -0.0033171356 -0.0033616848 -0.0023536692 -0.0005689990 0.0014232591 0.0029482950 0.0034730300
-0.0009151120 -0.0023238096 -0.0029493105 -0.0026321633 -0.0015296668 -0.0000215382 0.0014448739 0.0025015342 0.0029491267 0.0027732190 0.0021021070 0.0011368768 0.0000835104 -0.0008941552 -0.0016951383 -0.0022801259 -0.0026572594 -0.0028635837 -0.0029481830 -0.0029598489 -0.0029396454 -0.0029173304 -0.0029101429 -0.0029226250 -0.0029466414 -0.0029613646 -0.0029336357 -0.0028196975 -0.0025697191 -0.0021365537 -0.0014894799 -0.0006319653 0.0003802610 0.0014277284 0.0023314327 0.0028808883 0.0028881820 0.0022589430 0.0010577282 -0.0004635909 -0.0019023357 -0.0028138790 -0.0028671195 -0.0019891943 -0.0004311435 0.0012909705 0.0025727079 0.0029505394 0.0022860999 0.0008222227
-0.0021503921 -0.0017921101 -0.0008656998 0.0002991884 0.0013426875 0.0019946457 0.0021380324 0.0018077610 0.0011432838 0.0003243247 -0.0004847246 -0.0011680822 -0.0016680915 -0.0019774134 -0.0021228143 -0.0021480604 -0.0021003456 -0.0020217202 -0.0019449870 -0.0018926324 -0.0018772456 -0.0019022145 -0.0019619749 -0.0020416153 -0.0021161621 -0.0021503921 -0.0021004873 -0.0019191049 -0.0015651649 -0.0010185095 -0.0002973244 0.0005268938 0.0013249116 0.0019246318 0.0021503102 0.0018820114 0.0011184809 0.0000159350 -0.0011254634 -0.0019406477 -0.0021283087 -0.0015820728 -0.0004621979 0.0008384318 0.0018349347 0.0021442836 0.0016460326 0.0005338435 -0.0007671514 -0.0017772373
-0.0004111863 0.0003535715 0.0009840617 0.0013049348 0.0012627812 0.0009153479 0.0003870184 -0.0001837443 -0.0006848523 -0.0010502224 -0.0012602092 -0.0013300962 -0.0012946429 -0.0011944413 -0.0010667550 -0.0009410437 -0.0008380159 -0.0007706660 -0.0007459453 -0.0007661316 -0.0008293754 -0.0009292523 -0.0010534601 -0.0011821424 -0.0012867323 -0.0013306269 -0.0012732378 -0.0010786525 -0.0007288949 -0.0002394057 0.0003287038 0.0008674916 0.0012396496 0.0013170376 0.0010327579 0.0004276572 -0.0003343701 -0.0010021455 -0.0013234478 -0.0011528184 -0.0005312633 0.0003089165 0.0010294342 0.0013298946 0.0010830647 0.0003935429 -0.0004505250 -0.0011076715 -0.0013295246 -0.0010543008
0.0005676302 0.0007008318 0.0006129150 0.0003566635 0.0000230977 -0.0002966495 -0.0005377546 -0.0006712758 -0.0006998611 -0.0006462905 -0.0005411965 -0.0004138409 -0.0002871535 -0.0001764291 -0.0000903363 -0.0000329095 -0.0000055722 -0.0000086478 -0.0000421112 -0.0001055039 -0.0001970181 -0.0003118552 -0.0004401529 -0.0005651013 -0.0006622854 -0.0007016295 -0.0006532130 -0.0004972859 -0.0002367879 0.0000920743 0.0004178477 0.0006467747 0.0006923174 0.0005141198 0.0001498180 -0.0002805969 -0.0006103558 -0.0006945441 -0.0004827006 -0.0000558143 0.0003995998 0.0006751743 0.0006420806 0.0003158779 -0.0001513863 -0.0005473682 -0.0007016067 -0.0005597923 -0.0001961575 0.0002336751
0.0002550527 0.0001123352 -0.0000577624 -0.0002033696 -0.0002919995 -0.0003146791 -0.0002809545 -0.0002100004 -0.0001223498 -0.0000345934 0.0000426485 0.0001043661 0.0001495933 0.0001795800 0.0001962431 0.0002010924 0.0001946346 0.0001762019 0.0001441805 0.0000966711 0.0000326324 -0.0000465112 -0.0001350378 -0.0002214648 -0.0002884536 -0.0003152625 -0.0002835232 -0.0001857959 -0.0000342238 0.0001354574 0.0002696653 0.0003146066 0.0002414985 0.0000678655 -0.0001394389 -0.0002877689 -0.0003025250 -0.0001696802 0.0000494057 0.0002447083 0.0003148405 0.0002228959 0.0000172113 -0.0001957848 -0.0003098875 -0.0002737131 -0.0001116105 0.0000963735 0.0002588697 0.0003151799
-0.0000373020 -0.0000937886 -0.0001195340 -0.0001127723 -0.0000814127 -0.0000373749 0.0000082579 0.0000479016 0.0000780086 0.0000982636 0.0001102964 0.0001164941 0.0001191634 0.0001200531 0.0001201341 0.0001195233 0.0001174763 0.0001124405 0.0001022256 0.0000843999 0.0000570248 0.0000197606 -0.0000248303 -0.0000702727 -0.0001062636 -0.0001207117 -0.0001040606 -0.0000549634 0.0000152532 0.0000828661 0.0001192420 0.0001043252 0.0000399804 -0.0000457174 -0.0001092502 -0.0001146636 -0.0000562290 0.0000347383 0.0001060856 0.0001158059 0.0000581240 -0.0000328655 -0.0001045023 -0.0001173579 -0.0000668920 0.0000172697 0.0000911085 0.0001206718 0.0000968722 0.0000349508
-0.0000393858 -0.0000330910 -0.0000176219 0.0000011142 0.0000180811 0.0000303647 0.0000372101 0.0000393729 0.0000383212 0.0000356129 0.0000325470 0.0000300445 0.0000286647 0.0000286647 0.0000300445 0.0000325470 0.0000356129 0.0000383212 0.0000393729 0.0000372101 0.0000303647 0.0000180811 0.0000011142 -0.0000176219 -0.0000330910 -0.0000393858 -0.0000322738 -0.0000122114 0.0000139546 0.0000345332 0.0000383297 0.0000216192 -0.0000077271 -0.0000330098 -0.0000383121 -0.0000193737 0.0000122570 0.0000359842 0.0000359842 0.0000122570 -0.0000193737 -0.0000383121 -0.0000330098 -0.0000077271 0.0000216192 0.0000383297 0.0000345332 0.0000139546 -0.0000122114 -0.0000322738
